순위,종목코드,종목명,시장,등락률(%),종가,거래대금,거래량,시가총액,상한가
1,066590,스모트로닉,KOSDAQ,30.00,3185,45228869801,15239744,123189229345,Y
2,270660,에브리봇,KOSDAQ,30.00,12610,4580565860,386611,160028251630,Y
3,439960,코스모로보틱스,KOSDAQ,30.00,13520,31986910180,2610783,438732463520,Y
4,354200,엔젠바이오,KOSDAQ,29.99,1825,225674811,124555,16309263975,Y
5,187790,나노,KOSDAQ,29.97,3730,4107036409,1105187,115036295900,Y
6,290660,다이나믹솔루션,KOSDAQ,29.97,1765,2802313012,1666439,75608872320,Y
7,050090,비케이홀딩스,KOSDAQ,29.97,373,176939175,497693,8778456155,Y
8,264850,이랜시스,KOSDAQ,29.97,4705,7103755904,1649873,142536149460,Y
9,208640,썸에이지,KOSDAQ,29.95,1228,1245539733,1068321,17098702700,Y
10,025870,신라에스지,KOSDAQ,29.94,2170,606141518,288776,8680000000,Y
11,069920,엑시온그룹,KOSDAQ,29.93,1602,887771518,554913,14893026642,Y
12,023790,동일스틸럭스,KOSDAQ,29.90,2220,13634868033,6931408,29014973760,Y
13,332570,PS일렉트로닉스,KOSDAQ,29.88,6650,42026067075,6964868,310631893950,Y
14,304840,피플바이오,KOSDAQ,29.87,874,850557326,997299,21256256840,Y
15,303030,지니틱스,KOSDAQ,29.86,2405,2507461906,1166482,22023729780,Y
16,015260,에이엔피,KOSPI,29.85,509,4004353960,8334567,23982499046,Y
17,008290,원풍물산,KOSDAQ,29.84,570,35475090,62237,11597698230,Y
18,034940,조아제약,KOSDAQ,29.83,679,4625397750,7078035,21035302533,Y
19,405000,플라즈맵,KOSDAQ,29.79,5010,2486345326,523208,19230604440,Y
20,065420,에스아이리소스,KOSDAQ,29.59,127,1034029315,9019653,9090316973,Y
21,484810,티엑스알로보틱스,KOSDAQ,23.72,9650,4163001900,444609,149101329750,
22,059120,아진엑스텍,KOSDAQ,23.06,5310,16172228795,3005440,97226450460,
23,065170,비엘팜텍,KOSDAQ,20.67,3240,14054823228,4565536,90440689320,
24,002630,오리엔트바이오,KOSPI,17.52,1060,4589697197,4344034,62848992120,
25,215090,솔디펜스,KOSDAQ,16.92,1513,4783777893,3018449,35034515093,
26,291810,핀텔,KOSDAQ,16.58,1645,4250810922,2543276,18701531240,
27,459510,나우로보틱스,KOSDAQ,16.41,13050,2468261690,194401,169367885100,
28,065690,파커스,KOSDAQ,15.97,1300,366526570,285696,18264130300,
29,217590,티엠씨,KOSPI,14.75,13300,41434741655,3127890,320453192500,
30,381620,제닉스로보틱스,KOSDAQ,13.63,5920,9415187880,1510853,77658086400,
31,239340,이스트에이드,KOSDAQ,13.48,640,773614626,1153950,17266965760,
32,362320,청담글로벌,KOSDAQ,13.21,4755,6464011894,1317948,100574383950,
33,013990,아가방컴퍼니,KOSDAQ,13.11,3970,14125019245,3427995,130563517920,
34,043590,웰킵스하이텍,KOSDAQ,13.07,1410,1930281987,1314026,19131417210,
35,215100,로보로보,KOSDAQ,12.45,3840,8770281903,2167493,78138063360,
36,462310,뉴키즈온,KOSDAQ,11.89,3530,265013287,76385,27882075650,
37,068790,DMS,KOSDAQ,11.50,8530,3362548805,409289,192524010720,
38,291650,압타머사이언스,KOSDAQ,11.50,950,204621492,224865,57987279900,
39,045510,정원엔시스,KOSDAQ,10.72,878,1051412777,1170827,28279758376,
40,435570,에르코스,KOSDAQ,10.65,7480,2227758995,297018,56975032840,
41,082210,옵트론텍,KOSDAQ,10.61,2085,1375257035,659764,72898543050,
42,420570,제이투케이바이오,KOSDAQ,10.46,8660,459474025,55187,50639202780,
43,322000,HD현대에너지솔루션,KOSPI,10.45,130000,40919391250,323713,1456000000000,
44,487580,폴레드,KOSDAQ,10.28,3755,9713540546,2534754,94561643055,
45,082920,비츠로셀,KOSDAQ,10.06,29000,13032463075,458989,1314844833000,
46,071970,HD현대마린엔진,KOSPI,10.02,58200,13769279750,245815,1974231009000,
47,077360,덕산하이메탈,KOSDAQ,9.94,9510,6098950980,653629,432105889020,
48,004310,현대약품,KOSPI,9.81,6830,94120943165,13153935,218560000000,
49,277810,레인보우로보틱스,KOSDAQ,9.73,411500,87823937750,215177,7983041567000,
50,014915,성문전자우,KOSPI,9.71,4800,31234825,6967,2880000000,
51,291230,엔피,KOSDAQ,9.64,648,970804048,1465197,28574062200,
52,307180,아이엘,KOSDAQ,9.43,4350,1752616456,417707,160583190600,
53,101170,우림피티에스,KOSDAQ,9.43,6960,2539233325,354299,93960000000,
54,010400,우진아이엔에스,KOSPI,9.33,4455,290757217,68038,33956010000,
55,215380,우정바이오,KOSDAQ,9.31,2525,940113659,364597,42494679400,
56,317400,자이에스앤디,KOSPI,9.09,6000,7959690980,1368356,232695120000,
57,007390,네이처셀,KOSDAQ,9.03,24750,13347635625,559463,1594767636000,
58,483650,달바글로벌,KOSPI,8.76,236000,57137678500,242587,2946380940000,
59,160980,싸이맥스,KOSDAQ,8.75,37900,3978150375,107437,414028809700,
60,051630,진양화학,KOSPI,8.72,1709,445513324,266352,36230800000,
61,039290,인포뱅크,KOSDAQ,8.71,3370,44370470,13394,29298705860,
62,104040,디에스엠,KOSDAQ,8.68,2880,206537680,73904,77223067200,
63,138360,앤로보틱스,KOSDAQ,8.62,1840,5323062532,2736942,166529634240,
64,002870,신풍,KOSPI,8.41,1070,337426157,328496,37405809000,
65,440110,파두,KOSDAQ,8.38,77600,51058483250,681136,3887870735200,
66,049070,인탑스,KOSDAQ,8.28,18440,16920253930,901305,303607353080,
67,006340,대원전선,KOSPI,8.23,11840,135853299490,11551412,928426685440,
68,340450,지씨지놈,KOSDAQ,8.23,5130,866931977,177634,121328568090,
69,327260,RF머트리얼즈,KOSDAQ,8.21,47450,4635195625,102700,426819155750,
70,417840,저스템,KOSDAQ,8.21,11860,8280961585,718102,271230858660,
71,028260,삼성물산,KOSPI,8.19,343500,220435098156,654894,55704564073500,
72,058110,멕아이씨에스,KOSDAQ,8.19,1810,97219394,55955,29051459300,
73,159010,아스플로,KOSDAQ,8.10,16690,1854364300,113123,222556793910,
74,133820,화인베스틸,KOSPI,8.07,1179,252916706,222558,43757997858,
75,0007C0,아크릴,KOSDAQ,8.04,15850,1200720530,79179,127280635400,
76,377450,리파인,KOSDAQ,7.97,10970,851409765,80011,190110100000,
77,011690,와이투솔루션,KOSPI,7.96,3120,677645785,225029,114517709280,
78,263800,데이타솔루션,KOSDAQ,7.86,6040,36730569945,6092492,98001295200,
79,351330,이삭엔지니어링,KOSDAQ,7.85,3505,190140695,55775,29051262600,
80,079940,가비아,KOSDAQ,7.83,47500,4192424800,88339,637482490000,
81,048770,TPC로보틱스,KOSDAQ,7.82,2895,2773965098,920833,45445683945,
82,322780,코퍼스코리아,KOSDAQ,7.73,2230,321341883,147053,20013870900,
83,047920,HLB제약,KOSDAQ,7.57,8670,7568118865,844438,284370416520,
84,094940,푸른로보틱스,KOSDAQ,7.51,5580,680633610,122550,46656533880,
85,115530,씨엔플러스,KOSDAQ,7.50,1906,50253080,27568,15027630186,
86,281820,케이씨텍,KOSPI,7.39,100300,20808779050,210582,1985805698300,
87,076610,해성옵틱스,KOSDAQ,7.35,1023,528570565,534856,60598612140,
88,419530,SAMG엔터,KOSDAQ,7.30,28650,2912412075,100772,292440205050,
89,144960,뉴파워프라즈마,KOSDAQ,7.30,10000,15547405605,1570861,436926240000,
90,032680,소프트센,KOSDAQ,7.27,1003,172594852,175512,20918448643,
91,054780,키이스트,KOSDAQ,7.21,1278,859777206,605079,25122659454,
92,448900,한국피아이엠,KOSDAQ,7.12,42900,2312587975,55268,260594205300,
93,059270,해성에어로보틱스,KOSDAQ,7.09,5440,335369410,64413,60739226560,
94,005935,삼성전자우,KOSPI,6.97,181000,553316899850,3120381,145229187743000,
95,108490,로보티즈,KOSDAQ,6.95,197000,35554067450,184606,2888222516000,
96,317830,에스피시스템스,KOSDAQ,6.94,4390,193597660,46204,47297061020,
97,217190,제너셈,KOSDAQ,6.94,5240,454916960,87970,68925707640,
98,139670,키네마스터,KOSDAQ,6.91,1532,38004567,25671,21630016920,
99,109670,씨싸이트,KOSDAQ,6.83,3755,54919865,14925,21916440510,
100,237750,피앤씨테크,KOSDAQ,6.82,3995,79443268,20710,25953917000,
101,170920,엘티씨,KOSDAQ,6.78,55100,18649760250,341243,582083342600,
102,001820,삼화콘덴서,KOSPI,6.75,85400,32624681300,392554,887733000000,
103,466100,클로봇,KOSDAQ,6.65,23250,5016857050,217242,591927306750,
104,140410,메지온,KOSDAQ,6.60,54900,9975543725,188236,1680269070600,
105,099440,스맥,KOSDAQ,6.60,2990,8182260290,2675232,204047748060,
106,147760,피엠티,KOSDAQ,6.52,3760,984890792,261277,75200000000,
107,074430,아미노로직스,KOSDAQ,6.51,1030,164677518,165399,90461649320,
108,402340,SK스퀘어,KOSPI,6.46,1253000,838828383000,686825,165343857658000,
109,376180,피코그램,KOSDAQ,6.46,1385,295386585,216170,25707037630,
110,137080,나래나노텍,KOSDAQ,6.44,5290,142872745,27234,56655630210,
111,475400,씨메스로보틱스,KOSDAQ,6.37,15190,559716180,37908,179346719860,
112,117730,티로보틱스,KOSDAQ,6.36,11700,1463330190,130819,263929103100,
113,064820,케이프,KOSDAQ,6.33,9240,6130414050,674273,285148386600,
114,322510,제이엘케이,KOSDAQ,6.31,5390,1329645170,249961,138662557880,
115,129890,앱코,KOSDAQ,6.27,1000,1531934322,1530166,45545602000,
116,290670,대보마그네틱,KOSDAQ,6.26,5010,88433425,18358,39366876600,
117,246960,SCL사이언스,KOSDAQ,6.24,1703,76531656,45883,57931031041,
118,067290,JW신약,KOSDAQ,6.19,2145,51606382612,23532083,120199585935,
119,005930,삼성전자,KOSPI,6.15,259000,5224768025862,20386896,1514186159472000,
120,373160,데이원컴퍼니,KOSDAQ,6.12,3470,47250443,13651,47911917430,
121,192410,오늘이엔엠,KOSDAQ,6.12,4250,1043216821,254709,107040113250,
122,003230,삼양식품,KOSPI,6.08,1117000,76086393000,68449,8414377755000,
123,125490,한라캐스트,KOSDAQ,6.01,7410,4820753180,650582,270482428320,
124,365900,브이씨,KOSDAQ,6.00,2740,27098055,10670,20030222000,
125,271830,팸텍,KOSDAQ,6.00,972,314156746,340575,28664476344,
126,037370,EG,KOSDAQ,5.95,2940,21774604,7583,25357417680,
127,059100,아이컴포넌트,KOSDAQ,5.92,5190,103543655,20437,36697763400,
128,083470,이엠앤아이,KOSDAQ,5.91,699,3483668493,4401448,14916889971,
129,005440,현대지에프홀딩스,KOSPI,5.88,12790,4802071940,381094,2345650175210,
130,232680,라온로보틱스,KOSDAQ,5.87,8300,791382765,97578,110037250000,
131,004170,신세계,KOSPI,5.84,562000,27365996000,49316,5308191722000,
132,139480,이마트,KOSPI,5.83,79900,12819749700,160116,2204905938100,
133,115610,이미지스,KOSDAQ,5.83,1415,69409224,50312,16723558135,
134,072770,멤레이비티,KOSDAQ,5.81,984,402431794,413136,40847904432,
135,004380,삼익THK,KOSPI,5.78,8050,436280330,55177,166635000000,
136,394280,오픈엣지테크놀로지,KOSDAQ,5.78,10250,771267980,78584,270051932500,
137,125020,티씨머티리얼즈,KOSDAQ,5.72,4895,1630946179,345356,171513702250,
138,298020,효성티앤씨,KOSPI,5.70,315000,19404664250,61594,1363219830000,
139,437730,삼현,KOSDAQ,5.64,28100,3837416000,138809,890982632700,
140,227610,아우딘퓨쳐스,KOSDAQ,5.61,1431,41903528,29662,27725011101,
141,007815,코리아써우,KOSPI,5.59,16440,66647450,4182,48739503600,
142,229640,LS에코에너지,KOSPI,5.57,42650,2940169900,70773,1306151089350,
143,033100,제룡전기,KOSDAQ,5.57,42650,6447734425,155033,685061743850,
144,0039P0,매드업,KOSDAQ,5.56,5700,43980619330,7213481,107202180000,
145,036090,위지트,KOSDAQ,5.56,1309,429125683,332795,55698622826,
146,036710,심텍홀딩스,KOSDAQ,5.54,3430,589267645,177530,181199196220,
147,177350,베셀,KOSDAQ,5.52,784,710725963,899570,15548054368,
148,008060,대덕,KOSPI,5.50,14570,3503313720,246901,455853017860,
149,010120,LSELECTRIC,KOSPI,5.47,189100,130856767200,705339,28365000000000,
150,058610,에스피지,KOSDAQ,5.43,66000,18117636950,276054,1463705760000,
151,259960,크래프톤,KOSPI,5.39,234500,25732594750,109819,10819321838500,
152,092220,KEC,KOSPI,5.38,2645,876197435,349144,106203701060,
153,260970,에스앤디,KOSDAQ,5.37,52000,1255617900,24325,150423208000,
154,028050,삼성EA,KOSPI,5.36,41300,57164995675,1408268,8094800000000,
155,455900,엔젤로보틱스,KOSDAQ,5.35,15950,533479420,34231,245208616950,
156,460940,피앤에스로보틱스,KOSDAQ,5.35,4230,519332348,124489,56915834400,
157,337930,젝시믹스,KOSDAQ,5.34,3055,262241697,88567,90661631125,
158,007720,소노스퀘어,KOSDAQ,5.32,1267,95739520,79152,25542834030,
159,302430,이노메트리,KOSDAQ,5.31,5750,147760300,26542,56540946000,
160,031980,피에스케이홀딩스,KOSDAQ,5.30,135000,25569649900,193543,2910923325000,
161,008490,서흥,KOSPI,5.26,21000,672156555,33347,242951373000,
162,084730,팅크웨어,KOSDAQ,5.22,6650,246015130,37608,73877669600,
163,0010V0,제이피아이헬스케어,KOSDAQ,5.20,8300,277915990,33764,42374820000,
164,004800,효성,KOSPI,5.19,145900,4304497250,29944,2442425381300,
165,089850,유비벨록스,KOSDAQ,5.16,4175,117871988,28892,61498580825,
166,063080,컴투스홀딩스,KOSDAQ,5.15,11220,120775710,11274,73998054240,
167,489460,바이오비쥬,KOSDAQ,5.11,6580,6050541925,847296,98992349400,
168,043710,코스리거글로벌,KOSDAQ,5.09,2995,27561860,9670,51850943490,
169,199730,바이오인프라,KOSDAQ,5.06,1660,391663422,225758,8074849220,
170,140670,알에스오토메이션,KOSDAQ,5.06,8510,842376565,101249,109267038400,
171,187660,페니트리움바이오,KOSDAQ,5.06,4150,2194557266,548676,230184949950,
172,153460,네이블,KOSDAQ,5.05,6240,20636310,3451,40747287360,
173,300080,플리토,KOSDAQ,5.03,7310,321568565,44867,120654846810,
174,024840,KBI메탈,KOSDAQ,5.02,4390,19304789859,4413519,189471908320,
175,053290,NE능률,KOSDAQ,5.00,1681,116725032,69568,27780722067,
176,179900,유티아이,KOSDAQ,5.00,2940,299949880,106036,58183811280,
177,00088K,한화3우B,KOSPI,4.99,30500,1262341925,42608,591835450500,
178,475230,엔알비,KOSDAQ,4.99,7160,2044047120,295373,78034570280,
179,363250,진시스템,KOSDAQ,4.99,3685,106430445,30072,31353387670,
180,007660,이수페타시스,KOSPI,4.98,88600,49403897850,568492,6504056803400,
181,340570,티앤엘,KOSDAQ,4.97,52800,1939697650,37357,429158400000,
182,251630,브이원텍,KOSDAQ,4.96,3385,108390910,33379,53966669110,
183,094840,슈프리마에이치큐,KOSDAQ,4.96,12910,352409785,28141,126596867190,
184,389500,에스비비테크,KOSDAQ,4.96,30700,2000064600,66069,204568590400,
185,056080,유진로봇,KOSDAQ,4.95,11880,4141830175,351288,454237573680,
186,084680,이월드,KOSPI,4.91,620,347682477,579691,87919839660,
187,041830,인바디,KOSDAQ,4.91,53400,6131315100,117050,719879098800,
188,000520,삼일제약,KOSPI,4.88,6230,778478860,126679,135139982530,
189,038680,에스넷,KOSDAQ,4.85,3460,10167619007,2735643,68897741320,
190,054620,APS,KOSDAQ,4.84,4220,232120220,55855,77623612620,
191,100030,인지소프트,KOSDAQ,4.83,17150,22554570,1352,56315695100,
192,248070,솔루엠,KOSPI,4.82,14340,2563756800,181699,685684824240,
193,012210,삼미금속,KOSDAQ,4.82,6090,220380935,37762,140384116110,
194,032830,삼성생명,KOSPI,4.81,316000,197097607500,638066,63200000000000,
195,100120,뷰웍스,KOSDAQ,4.81,22900,416129300,18674,205445311900,
196,064850,에프앤가이드,KOSDAQ,4.80,20750,3903992355,189011,236764389000,
197,0004V0,엔비알모션,KOSDAQ,4.79,5140,1652143140,328165,56593373760,
198,053350,이니텍,KOSDAQ,4.77,3625,459170639,129170,79826360625,
199,003480,한진중공업홀딩스,KOSPI,4.76,4620,158639466,35217,136427731440,
200,060370,LS마린솔루션,KOSDAQ,4.75,27550,3175267700,117506,1439180427700,
201,399720,가온칩스,KOSDAQ,4.75,45200,7217624000,162282,536019748800,
202,396470,워트,KOSDAQ,4.73,5310,210840485,40869,85597200000,
203,082740,한화엔진,KOSPI,4.72,44400,28006536105,643303,3705053104800,
204,042520,한스바이오메드,KOSDAQ,4.67,21300,2191797195,105609,303767117100,
205,004720,팜젠사이언스,KOSPI,4.66,3480,180426850,52427,78837190200,
206,014100,메디앙스,KOSDAQ,4.65,1889,307685594,168502,22290200000,
207,032820,우리기술,KOSDAQ,4.63,9490,21229153230,2302009,1628533215140,
208,090360,로보스타,KOSDAQ,4.62,58900,7368066000,125934,574275000000,
209,162300,신스틸,KOSDAQ,4.62,1471,249863799,166566,61004402922,
210,000210,DL,KOSPI,4.55,46000,4029221775,89376,963970664000,
211,084695,대상홀딩스우,KOSPI,4.55,11480,65267460,6072,10486773360,
212,407400,꿈비,KOSDAQ,4.55,2045,8108862897,3427260,29927622030,
213,099750,이지케어텍,KOSDAQ,4.53,6460,263806350,40555,88238257580,
214,241710,코스메카코리아,KOSDAQ,4.52,81000,7737672600,97139,865080000000,
215,417970,모델솔루션,KOSDAQ,4.50,10460,156808165,15340,66909482000,
216,011070,LG이노텍,KOSPI,4.49,629000,120586085500,196338,14886610303000,
217,088130,동아엘텍,KOSDAQ,4.49,5000,345682975,70745,87426570000,
218,227950,엔투텍,KOSDAQ,4.49,1140,35405978,32545,39339358260,
219,063760,이엘피,KOSDAQ,4.49,2560,22885260,9276,23872332800,
220,002380,KCC,KOSPI,4.48,408500,10200887250,25268,3510198016000,
221,006050,국영지앤엠,KOSDAQ,4.48,560,277528395,524845,19541336080,
222,011230,삼화전자,KOSPI,4.45,2700,1497008444,579019,51747619500,
223,005710,대원산업,KOSDAQ,4.45,10790,199877725,18905,216205704000,
224,030530,원익홀딩스,KOSDAQ,4.44,16230,9090510410,574038,1253572431630,
225,214450,파마리서치,KOSDAQ,4.43,341500,50594694750,148062,3548064792000,
226,333050,이노테나,KOSDAQ,4.39,5230,42907780,8514,25754716600,
227,017900,광전자,KOSPI,4.38,5720,5472117760,971136,331438324360,
228,072950,빛샘전자,KOSDAQ,4.36,7180,823124895,117894,57817739800,
229,192440,슈피겐코리아,KOSDAQ,4.35,30000,339776400,11396,186490890000,
230,145270,케이탑리츠,KOSPI,4.34,793,39097748,49786,38112193782,
231,950130,엑세스바이오,KOSDAQ,4.34,2285,88247585,39406,80372210690,
232,008250,이건산업,KOSPI,4.32,2900,149039195,51747,31762641500,
233,033160,엠케이전자,KOSDAQ,4.31,15960,8477966760,541101,386143677360,
234,006660,삼성공조,KOSPI,4.30,13100,39907396895,2898737,106454713400,
235,081180,쎄크,KOSDAQ,4.30,5580,287005630,52742,49246485300,
236,02826K,삼성물산우B,KOSPI,4.28,197200,1977211250,10274,289408748000,
237,008370,원풍,KOSDAQ,4.28,4990,13569605,2800,59880000000,
238,434480,모니터랩,KOSDAQ,4.27,2200,80027035,38475,27082660000,
239,481070,에이유브랜즈,KOSDAQ,4.25,16200,177248600,11170,232150050000,
240,010170,대한광통신,KOSDAQ,4.23,9860,64575643660,6694903,1533088607600,
241,321820,아티스트컴퍼니,KOSDAQ,4.22,2100,46029775,22496,32741889600,
242,019010,베뉴지,KOSDAQ,4.21,4210,451568422,111301,202922000000,
243,419080,엔젯,KOSDAQ,4.21,3840,114801510,30715,41747777280,
244,391710,코닉오토메이션,KOSDAQ,4.21,1064,50669302,49243,45348180080,
245,194480,데브시스터즈,KOSDAQ,4.20,15620,945277770,61247,189457323000,
246,002230,피에스텍,KOSDAQ,4.19,4600,191705249,42621,84736922000,
247,168330,내츄럴엔도텍,KOSDAQ,4.14,1810,32010620,18245,57476369000,
248,045100,한양이엔지,KOSDAQ,4.14,30200,2061726850,68852,528500000000,
249,090710,휴림로봇,KOSDAQ,4.14,6290,23795364535,3698328,752026292410,
250,120240,대정화금,KOSDAQ,4.13,14640,633610930,43953,105267324240,
251,138070,신진에스엠,KOSDAQ,4.12,1516,76710585,51602,26534857264,
252,160190,하이젠알앤엠,KOSDAQ,4.12,14900,1500568570,105385,460231200000,
253,464080,에스오에스랩,KOSDAQ,4.11,7860,847269290,111235,141063773700,
254,323350,다원넥스뷰,KOSDAQ,4.09,8400,322740265,41116,67290484800,
255,000660,SK하이닉스,KOSPI,4.08,1836000,8463537080489,4639208,1308521542140000,
256,290650,엘앤씨바이오,KOSDAQ,4.05,66800,11470589650,172284,1801576227200,
257,290550,디케이티,KOSDAQ,4.04,21900,3705428000,174794,438026937000,
258,009070,KCTC,KOSPI,4.03,3870,428050172,113007,116100000000,
259,059090,미코,KOSDAQ,4.03,14720,1884038590,130845,491894972160,
260,000500,가온전선,KOSPI,4.02,181100,23837876400,131328,2995958126500,
261,064350,현대로템,KOSPI,4.01,153100,78574929630,518336,16709685058300,
262,331740,아우토크립트,KOSDAQ,4.00,5980,109165940,18869,58310926180,
263,219550,디와이디,KOSDAQ,3.99,1250,139783006,113752,48341570000,
264,900120,씨엑스아이,KOSDAQ,3.98,1124,13685660,12731,12554697840,
265,101330,모베이스,KOSDAQ,3.96,3280,232023051,72951,75922255120,
266,047050,포스코인터내셔널,KOSPI,3.95,52600,23563669200,455524,9253538648800,
267,090080,평화산업,KOSPI,3.94,897,88109796,100356,49247326323,
268,405920,나라셀라,KOSDAQ,3.94,1663,25900312,14973,21416240388,
269,460470,아이빔테크놀로지,KOSDAQ,3.94,2900,28630160,10184,43846173000,
270,251370,와이엠티,KOSDAQ,3.92,8750,657860435,77571,157615613750,
271,950250,테라뷰,KOSDAQ,3.92,2255,433516370,195503,80092483405,
272,001440,대한전선,KOSPI,3.91,26550,48101704450,1850642,5203603423800,
273,348340,뉴로메카,KOSDAQ,3.91,29250,2938129550,101008,362967666750,
274,091580,상신이디피,KOSDAQ,3.91,14090,1089237030,78830,187794605710,
275,004100,태양금속,KOSPI,3.89,2540,1025689430,413608,93218000000,
276,307870,비투엔,KOSDAQ,3.89,854,189124773,220921,63451589390,
277,069080,웹젠,KOSDAQ,3.89,12010,1792780875,150400,371908565750,
278,006400,삼성SDI,KOSPI,3.87,416500,139888018500,343674,33563873245000,
279,060720,KH바텍,KOSDAQ,3.85,9430,35081582280,3370441,223278278060,
280,098460,고영,KOSDAQ,3.85,25600,27632125175,1090457,1746027852800,
281,490470,세미파이브,KOSDAQ,3.84,17580,3738133810,218338,598167235200,
282,321260,프로이천,KOSDAQ,3.83,1625,348189557,217651,45812136500,
283,035420,NAVER,KOSPI,3.82,193000,168157606550,876385,30290238706000,
284,100700,세운메디칼,KOSDAQ,3.82,2310,177119710,78214,101178000000,
285,218410,RFHIC,KOSDAQ,3.81,43550,8217776600,192185,1156402399100,
286,441270,파인엠텍,KOSDAQ,3.80,6830,1032252340,152285,287160841010,
287,093370,후성,KOSPI,3.79,10670,29248007455,2789283,1144414371100,
288,234100,폴라리스세원,KOSDAQ,3.79,2600,135697705,52647,37964253600,
289,079650,서산,KOSDAQ,3.78,4255,27045603695,6108774,85100000000,
290,046890,서울반도체,KOSDAQ,3.78,8780,4006054010,469043,511921412000,
291,417790,트루엔,KOSDAQ,3.76,5520,42353335,7778,57785518320,
292,053700,삼보모터스,KOSDAQ,3.74,3885,1084821284,287525,103790715945,
293,415640,KB발해인프라,KOSPI,3.72,11150,838987470,77107,1366382860200,
294,207940,삼성바이오로직스,KOSPI,3.72,1395000,71942451000,51667,64575876645000,
295,005950,이수화학,KOSPI,3.70,12600,4536520235,373708,331306529400,
296,373110,엑셀세라퓨틱스,KOSDAQ,3.66,1162,16650121,14634,20096085828,
297,388720,유일로보틱스,KOSDAQ,3.65,59600,1798635200,30427,702168162000,
298,0015G0,그린광학,KOSDAQ,3.62,15750,1040218125,67575,184315020750,
299,234030,싸이닉솔루션,KOSDAQ,3.62,3005,250309681,84224,70933025000,
300,090470,제이스로보틱스,KOSDAQ,3.61,3875,53887205,14366,67721801750,
301,066570,LG전자,KOSPI,3.59,173200,195454440350,1151424,28211619301600,
302,020000,한섬,KOSPI,3.59,21650,947010175,44753,464976920100,
303,478340,나라스페이스테크놀로지,KOSDAQ,3.59,10380,539896940,53826,120097980540,
304,006260,LS,KOSPI,3.58,275000,36771094250,135964,8580000000000,
305,009155,삼성전기우,KOSPI,3.56,466000,20890938750,46171,1354654544000,
306,100090,SK오션플랜트,KOSPI,3.55,13430,8537627505,641845,839081272470,
307,214680,디알텍,KOSDAQ,3.55,962,185147005,199022,80304927872,
308,086820,바이오솔루션,KOSDAQ,3.55,5830,317231295,56053,151137415550,
309,396300,세아메카닉스,KOSDAQ,3.55,2915,832335813,291120,77216892500,
310,119500,포메탈,KOSDAQ,3.55,2480,67258066,28309,29381135360,
311,011560,세보엠이씨,KOSDAQ,3.54,21950,678411350,31929,221362940400,
312,408900,스튜디오미르,KOSDAQ,3.54,995,28208459,29050,32589164355,
313,222040,코스맥스엔비티,KOSDAQ,3.54,8200,2043250730,250588,169149600000,
314,335810,프리시젼바이오,KOSDAQ,3.54,1315,21806088,16485,28863600390,
315,003495,대한항공우,KOSPI,3.51,22100,54584550,2559,24548547400,
316,089010,켐트로닉스,KOSDAQ,3.49,20750,2519047415,122784,347978060250,
317,190510,나무가,KOSDAQ,3.48,13070,870401290,67529,184095093190,
318,330860,네패스아크,KOSDAQ,3.48,34150,3458425175,102481,416085136750,
319,257720,실리콘투,KOSDAQ,3.48,35650,17281912850,487219,2337793383800,
320,267260,HD현대일렉트릭,KOSPI,3.46,778000,101750730000,133521,28044671030000,
321,023590,다우기술,KOSPI,3.44,36100,1221373850,34238,1562671963200,
322,211050,인카금융서비스,KOSDAQ,3.44,9930,800437370,81503,489188114010,
323,060280,큐렉소,KOSDAQ,3.44,7810,1166807715,150591,322238959900,
324,452260,한화갤러리아,KOSPI,3.43,1932,1937334319,1033013,374536766520,
325,458350,에스팀,KOSDAQ,3.43,3925,63983070,16482,34081560000,
326,018670,SK가스,KOSPI,3.42,227000,1995991500,8830,2101394388000,
327,377480,마음AI,KOSDAQ,3.42,8160,114868010,14434,58019844000,
328,078070,유비쿼스홀딩스,KOSDAQ,3.42,8170,377657950,46832,139370747310,
329,171010,램테크놀러지,KOSDAQ,3.41,2730,105554480,38887,39035592960,
330,094820,일진파워,KOSDAQ,3.41,10600,880526205,84229,159834315400,
331,454910,두산로보틱스,KOSPI,3.40,63900,36335647850,581959,4141996722000,
332,096350,대창솔루션,KOSDAQ,3.39,1618,193443824,122801,59631004916,
333,108320,LX세미콘,KOSPI,3.37,38350,2535223725,67324,623735905000,
334,240600,유진테크놀로지,KOSDAQ,3.33,2170,190656445,86615,15034087670,
335,117670,알파칩스,KOSDAQ,3.32,8080,102537530,12787,53826875360,
336,103590,일진전기,KOSPI,3.31,59300,12527159450,216228,2827743627000,
337,000270,기아,KOSPI,3.29,144600,123980957250,870748,56453719510800,
338,004105,태양금속우,KOSPI,3.29,2980,43763275,15237,9834000000,
339,007680,대원,KOSDAQ,3.29,3450,131741820,39842,45618446100,
340,012860,모베이스전자,KOSDAQ,3.29,2200,1145732913,529186,161113605400,
341,294630,서남,KOSDAQ,3.29,2665,400287226,153520,70620312035,
342,052020,에스티큐브,KOSDAQ,3.29,7230,900969840,127239,491519193930,
343,244920,에이플러스에셋,KOSPI,3.27,11370,301814905,26601,257049469410,
344,254490,미래반도체,KOSDAQ,3.27,15170,1217966135,81460,219024460000,
345,142210,유니트론텍,KOSDAQ,3.26,5380,586994900,111630,111642548140,
346,393210,토마토시스템,KOSDAQ,3.25,2065,91052598,44101,32244033360,
347,37550L,DL이앤씨2우전환,KOSPI,3.24,38200,97988350,2589,80676528200,
348,085670,뉴프렉스,KOSDAQ,3.24,3030,8086715856,2485125,74237305830,
349,452430,사피엔반도체,KOSDAQ,3.24,27100,498313250,18774,223721909100,
350,011330,유니켐,KOSPI,3.22,4005,162689365,41088,36120225915,
351,228670,레이,KOSDAQ,3.22,4645,148698090,33023,72647897545,
352,290740,액트로,KOSDAQ,3.21,7400,135127950,18569,74481081400,
353,003100,선광,KOSDAQ,3.20,20300,354356430,17791,133980000000,
354,078350,한양디지텍,KOSDAQ,3.20,19650,1516585210,78670,299552106300,
355,060570,드림어스컴퍼니,KOSDAQ,3.19,873,27811747,32286,64690673229,
356,289080,SV인베스트먼트,KOSDAQ,3.18,1782,412317047,238477,107166331206,
357,000155,두산우,KOSPI,3.15,392500,3406672000,8847,1568611335000,
358,002810,삼영무역,KOSPI,3.15,21300,431156350,20552,393345992400,
359,417500,제이아이테크,KOSDAQ,3.15,3115,358341665,116659,102124477560,
360,009620,삼보산업,KOSDAQ,3.13,790,310768548,395424,13803707920,
361,035610,솔본,KOSDAQ,3.13,4785,441048861,91993,130850595645,
362,183300,코미코,KOSDAQ,3.13,69200,7790527100,114697,1421735452000,
363,452190,한빛레이저,KOSDAQ,3.13,3290,241246835,74565,78698632530,
364,006370,대구백화점,KOSPI,3.12,5620,504670780,89912,60817453820,
365,194700,노바렉스,KOSDAQ,3.11,13270,1068721610,81865,242241832960,
366,053450,세코닉스,KOSDAQ,3.11,3485,119949535,34931,51552918455,
367,146060,율촌,KOSDAQ,3.11,1062,111824001,106769,25504561890,
368,226590,엠디바이스,KOSDAQ,3.10,10990,396472070,37454,117777456160,
369,046970,우리로,KOSDAQ,3.10,4160,2392143644,583600,182311995840,
370,034020,두산에너빌리티,KOSPI,3.09,66800,170787822250,2611452,42789484552800,
371,105560,KB금융,KOSPI,3.08,174000,174477668333,1022673,61715665716000,
372,023530,롯데쇼핑,KOSPI,3.08,130400,11487459050,88508,3688853652000,
373,000720,현대건설,KOSPI,3.08,93800,34858269350,376027,10445170757000,
374,036830,솔브레인홀딩스,KOSDAQ,3.08,30150,1842689275,62172,618195027150,
375,018260,삼성에스디에스,KOSPI,3.07,191500,43860062290,231524,14817848700000,
376,000815,삼성화재우,KOSPI,3.07,386000,2577942000,6706,1160709720000,
377,054040,한국컴퓨터,KOSDAQ,3.07,5030,152680160,30671,80838588700,
378,017370,우신시스템,KOSPI,3.06,4205,40172935,9939,77010597070,
379,443670,에스피소프트,KOSDAQ,3.06,2695,178104376,66211,64708469980,
380,471820,셀로맥스사이언스,KOSDAQ,3.04,4065,8954325,2223,45946203135,
381,066620,국보디자인,KOSDAQ,3.02,23850,80972500,3509,178875000000,
382,008830,대동기어,KOSDAQ,3.02,8540,871723220,105152,76753420800,
383,177900,쓰리에이로직스,KOSDAQ,3.01,3935,142688287,37219,37884606000,
384,488280,에스투더블유,KOSDAQ,3.01,9250,306192405,34196,99932245500,
385,011320,유니크,KOSDAQ,3.01,3595,136550925,38065,69457898525,
386,036890,진성티이씨,KOSDAQ,3.01,13000,687046660,54417,286424099000,
387,288180,케이피항공산업,KOSDAQ,3.01,7540,175335790,23828,55745195480,
388,009470,삼화전기,KOSPI,3.00,22350,919497700,42251,147818877000,
389,092730,네오팜,KOSDAQ,3.00,19240,597519870,31275,308378508360,
390,042510,라온시큐어,KOSDAQ,3.00,7210,807847315,112903,80073019880,
391,264660,씨앤지하이테크,KOSDAQ,2.99,12420,333409540,27663,120736956240,
392,445090,에이직랜드,KOSDAQ,2.99,20700,1439786705,69788,226161120600,
393,224110,에이텍모빌리티,KOSDAQ,2.99,7930,99997340,12769,40287460980,
394,000700,유수홀딩스,KOSPI,2.98,5880,85639415,14766,153125854560,
395,037460,삼지전자,KOSDAQ,2.98,34550,1287287200,37872,563804935100,
396,328380,솔트웨어,KOSDAQ,2.98,2590,54347417,21365,17748117450,
397,127710,아시아경제,KOSDAQ,2.98,1037,5168627,5133,45679030770,
398,475660,에스켐,KOSDAQ,2.98,3455,2619410,774,27397579925,
399,054940,엑사이엔씨,KOSDAQ,2.98,760,843069861,1119820,25211896480,
400,031510,오스템,KOSDAQ,2.97,1109,106013185,95831,31052000000,
401,006140,피제이전자,KOSDAQ,2.97,4500,206436170,46640,66892500000,
402,069620,대웅제약,KOSPI,2.96,121800,2673690000,22228,1411244835000,
403,136490,선진,KOSPI,2.95,9770,399805615,41940,232326731080,
404,161580,필옵틱스,KOSDAQ,2.95,26150,2864349975,111271,613014759050,
405,034730,SK,KOSPI,2.94,596000,101233020000,172472,43211610988000,
406,062040,산일전기,KOSPI,2.94,164800,27108604600,168701,5045492080000,
407,024890,대원화성,KOSPI,2.92,3000,55072135,19032,24749490000,
408,014710,사조씨푸드,KOSPI,2.92,9170,261320980,28237,157894039310,
409,000725,현대건설우,KOSPI,2.92,47550,66366350,1426,50150652150,
410,199430,케이엔알시스템,KOSDAQ,2.92,9150,307413820,34502,102452943450,
411,122640,예스티,KOSDAQ,2.91,26500,11675826225,444400,572421571000,
412,373200,엑스플러스,KOSDAQ,2.90,1350,346391630,263087,33808369950,
413,198080,캐프,KOSDAQ,2.90,2130,103758445,49783,45869944050,
414,005750,대림바스,KOSPI,2.89,4095,115019685,28484,67945222800,
415,029460,케이씨,KOSPI,2.89,28500,632538700,22719,314085247500,
416,005389,현대차3우B,KOSPI,2.88,185800,2209638300,12137,432440581600,
417,051370,인터플렉스,KOSDAQ,2.88,6440,395980220,62610,150228919680,
418,368770,파이버프로,KOSDAQ,2.87,11480,1275144745,114543,377166503000,
419,198940,한주라이트메탈,KOSDAQ,2.87,1324,109204252,85025,26360522240,
420,055550,신한지주,KOSPI,2.85,104700,113006474500,1095045,49696311596700,
421,078520,에이블씨엔씨,KOSPI,2.85,9750,930240225,96781,253638069750,
422,000970,한국주철관,KOSPI,2.85,6490,231189570,35793,147975245000,
423,037030,파워넷,KOSDAQ,2.85,3610,966019549,276971,92101901120,
424,370090,퓨런티어,KOSDAQ,2.85,6130,161886410,27136,52453367900,
425,071055,한국금융지주우,KOSPI,2.84,148700,3013530850,20694,871121923700,
426,065710,서호전기,KOSDAQ,2.84,41650,336839525,8158,214497500000,
427,095700,제넥신,KOSDAQ,2.84,2355,195223645,84491,107247863370,
428,258790,소프트캠프,KOSDAQ,2.83,4185,68561530,16943,20917701360,
429,041190,우리기술투자,KOSDAQ,2.83,4365,1867427749,432957,366660000000,
430,348350,위드텍,KOSDAQ,2.82,9480,418520540,44730,94597128000,
431,068290,삼성출판사,KOSPI,2.81,6210,361112310,55376,62100000000,
432,131090,시큐브,KOSDAQ,2.81,3840,42278235,11066,29407568640,
433,006405,삼성SDI우,KOSPI,2.80,183300,761159400,4298,296560336800,
434,004710,한솔테크닉스,KOSPI,2.80,9190,6131992890,691227,373385261230,
435,0088M0,메쥬,KOSDAQ,2.80,12830,503527520,40121,126782852500,
436,294140,레몬,KOSDAQ,2.78,1994,32931385,17002,49680147092,
437,128540,에코캡,KOSDAQ,2.78,1258,98851861,77681,33576598680,
438,066575,LG전자우,KOSPI,2.77,63000,4360956550,70900,1082421837000,
439,377300,카카오페이,KOSPI,2.77,40800,8084747625,198384,5519021100000,
440,196450,코아시아씨엠,KOSDAQ,2.77,891,48020030,55214,40380120000,
441,019175,신풍제약우,KOSPI,2.76,12280,6665190,556,24452304400,
442,405100,큐알티,KOSDAQ,2.76,10430,252846140,24814,128177409430,
443,034810,해성산업,KOSDAQ,2.76,6330,269094840,42690,199902362160,
444,009150,삼성전기,KOSPI,2.75,1310000,833967515000,649462,97848741760000,
445,049800,우진플라임,KOSPI,2.75,1717,9823372,5758,34340000000,
446,019180,티에이치엔,KOSPI,2.75,5610,335960425,60850,100980000000,
447,475430,키스트론,KOSDAQ,2.75,4115,980098950,241550,73444972650,
448,012450,한화에어로스페이스,KOSPI,2.74,899000,155677834500,173928,46355497499000,
449,003535,한화투자증권우,KOSPI,2.74,5620,48658080,8841,26976000000,
450,213420,덕산네오룩스,KOSDAQ,2.74,30000,4453600975,149711,744935370000,
451,072020,중앙백신,KOSDAQ,2.74,9380,47487340,5189,88722484060,
452,204320,HL만도,KOSPI,2.73,43200,16073169300,373910,2028547584000,
453,273640,와이엠텍,KOSDAQ,2.72,4910,111012215,23344,53843060000,
454,033230,인성정보,KOSDAQ,2.72,1020,218486031,215279,51525687600,
455,069960,현대백화점,KOSPI,2.71,140100,20314717850,147277,3021244171200,
456,030190,NICE평가정보,KOSPI,2.70,14460,1026976650,71380,851860680420,
457,017180,명문제약,KOSPI,2.70,1257,1180018146,921306,42679491678,
458,098120,마이크로컨텍솔,KOSDAQ,2.70,22800,934411075,41619,189531064800,
459,149980,하이로닉,KOSDAQ,2.70,4380,62868335,14675,75331821480,
460,003280,흥아해운,KOSPI,2.69,1870,114083884625,58229389,449594561130,
461,084010,대한제강,KOSPI,2.68,7270,216508520,30398,249881502920,
462,006220,제주은행,KOSPI,2.68,9180,2307771025,250575,346990753260,
463,013520,화승코퍼레이션,KOSPI,2.68,2490,122865320,49883,124627617480,
464,475580,에이럭스,KOSDAQ,2.67,6930,649880130,94059,94420557000,
465,307930,컴퍼니케이,KOSDAQ,2.67,5760,152448480,27131,89913600000,
466,000810,삼성화재,KOSPI,2.66,618000,58794567000,96056,27592138314000,
467,000990,DB하이텍,KOSPI,2.65,104700,23544289550,226797,4554930363600,
468,008355,남선알미우,KOSPI,2.65,6960,11720370,1702,2142914400,
469,095340,ISC,KOSDAQ,2.65,139200,21134503000,154576,2950630473600,
470,217500,러셀,KOSDAQ,2.65,1354,140118062,105654,43073448000,
471,356890,싸이버원,KOSDAQ,2.65,2130,37313495,17905,25461647250,
472,039860,나노엔텍,KOSDAQ,2.64,3495,545804798,157595,133135220235,
473,065370,위세아이텍,KOSDAQ,2.64,3115,128165496,41515,23001016710,
474,101930,인화정공,KOSDAQ,2.64,6600,120601580,18882,301584828600,
475,051780,큐로홀딩스,KOSDAQ,2.64,2720,60129390,22580,17232872800,
476,097870,효성오앤비,KOSDAQ,2.63,5080,590165710,116328,43129200000,
477,064960,SNT모티브,KOSPI,2.62,25450,1185674050,47019,675449922400,
478,456010,아이씨티케이,KOSDAQ,2.62,14510,2723758970,192253,210429098500,
479,486990,노타,KOSDAQ,2.61,16090,2117298280,135190,343460840700,
480,001120,LX인터내셔널,KOSPI,2.60,37500,2085342700,55917,1453500000000,
481,004060,SG세계물산,KOSPI,2.59,2380,246519670,106975,48177140480,
482,032580,피델릭스,KOSDAQ,2.58,4570,1996837583,451466,151413532480,
483,000680,LS네트웍스,KOSPI,2.57,2790,525333785,192195,219860414640,
484,171090,선익시스템,KOSDAQ,2.57,51800,1719188525,34094,523316026800,
485,099190,아이센스,KOSDAQ,2.57,15160,709876240,47397,435960804440,
486,060230,제이케이시냅스,KOSDAQ,2.57,1395,700032256,494273,15707836710,
487,049430,코메론,KOSDAQ,2.57,18740,142744295,7695,169559520000,
488,086450,동국제약,KOSDAQ,2.56,18820,3827381995,205006,851236504400,
489,0015S0,페스카로,KOSDAQ,2.56,6820,103784850,15556,67291098600,
490,110020,전진바이오팜,KOSDAQ,2.55,1850,37380825,20328,16758709700,
491,035460,기산텔레콤,KOSDAQ,2.54,2015,100172856,50719,30064485100,
492,052710,아모텍,KOSDAQ,2.54,16960,3266660385,202429,247828780160,
493,005850,에스엘,KOSPI,2.53,52700,3727783200,71144,2447837004000,
494,241790,티이엠씨씨엔에스,KOSDAQ,2.53,4655,59881965,13175,46562261270,
495,192650,드림텍,KOSPI,2.52,4275,2567204535,613468,281666193975,
496,010690,화신,KOSPI,2.52,7740,2451620755,321659,270283973400,
497,241840,에이스토리,KOSDAQ,2.52,2235,30291342,13857,21321886590,
498,388050,지투파워,KOSDAQ,2.52,6510,1071846670,168049,121798434870,
499,039560,다산네트웍스,KOSDAQ,2.51,2245,387563317,173752,96284610660,
500,338220,뷰노,KOSDAQ,2.51,7350,84590260,11608,102913399050,
501,488900,비츠로넥스텍,KOSDAQ,2.51,7350,393628490,55121,212976856050,
502,086040,바이오톡스텍,KOSDAQ,2.49,2060,26451443,13318,32873988820,
503,038460,바이오스마트,KOSDAQ,2.48,2690,132172680,49466,67988517980,
504,457600,벡트,KOSDAQ,2.48,3310,2156312111,642569,45371825000,
505,006910,보성파워텍,KOSDAQ,2.48,6210,2481369560,405731,305096207040,
506,066130,하츠,KOSDAQ,2.48,3300,36879837,11267,42240000000,
507,002900,TYM,KOSPI,2.47,6220,709342035,115666,257508000000,
508,009460,한창제지,KOSPI,2.47,2700,83433800,31150,32220441900,
509,043260,성호전자,KOSDAQ,2.47,17000,15960545870,962510,1216456182000,
510,274400,이노시뮬레이션,KOSDAQ,2.46,1916,60174358,32900,17409720588,
511,950140,잉글우드랩,KOSDAQ,2.44,7990,127238490,16367,158744249340,
512,333620,엔시스,KOSDAQ,2.43,5490,49048100,8993,60378525900,
513,003550,LG,KOSPI,2.42,97300,20845472600,216162,14710981989200,
514,363260,모비데이즈,KOSDAQ,2.42,719,62666580,85396,23125749911,
515,054210,이랜텍,KOSDAQ,2.42,6780,840428845,126566,171474403800,
516,361670,삼영에스앤씨,KOSDAQ,2.41,3395,47909590,14328,19241698910,
517,024070,WISCOM,KOSPI,2.40,1831,51784327,28098,28062707978,
518,417310,코람코더원리츠,KOSPI,2.40,10260,2835780340,277872,414504000000,
519,340810,시선AI,KOSDAQ,2.40,2345,61952778,27623,31997468720,
520,014280,금강공업,KOSPI,2.38,3870,220089499,57558,113504611590,
521,089140,넥스턴앤롤코리아,KOSDAQ,2.38,2150,348911405,165914,32929903100,
522,066310,큐에스아이,KOSDAQ,2.38,6890,322300820,47660,63881468690,
523,150900,파수AI,KOSDAQ,2.38,3220,104258228,32904,37686628840,
524,355150,코스텍시스,KOSDAQ,2.37,17290,732533250,43819,134816181500,
525,024900,디와이덕양,KOSPI,2.36,1863,213126864,115509,60668557740,
526,208350,지란지교시큐리티,KOSDAQ,2.36,3035,95294075,31304,24588264950,
527,298830,슈어소프트테크,KOSDAQ,2.35,3695,756071775,208548,197529153805,
528,187220,디티앤씨,KOSDAQ,2.33,2420,8821965,3678,27890337860,
529,068100,케이웨더,KOSDAQ,2.32,2425,84575430,35999,28924274800,
530,086520,에코프로,KOSDAQ,2.31,75200,58043602850,785671,10210366630400,
531,263920,휴엠앤씨,KOSDAQ,2.31,3985,50048215,12598,39088968610,
532,0030R0,대신밸류리츠,KOSPI,2.30,3785,22569064,6049,226267300000,
533,039310,세중,KOSDAQ,2.30,1158,71508881,65663,20984890386,
534,415380,스튜디오삼익,KOSDAQ,2.30,1912,89147824,47196,21878968200,
535,057540,옴니시스템,KOSDAQ,2.29,940,448371219,484376,55830611920,
536,294870,IPARK현대산업개발,KOSPI,2.27,19810,4792759420,241992,1305624207300,
537,413640,비아이매트릭스,KOSDAQ,2.27,6300,94171390,15114,45403722000,
538,017000,신원종합개발,KOSDAQ,2.27,2250,106500365,48023,26253060750,
539,058970,엠로,KOSDAQ,2.27,13520,284123300,21262,167144974880,
540,239890,피엔에이치테크,KOSDAQ,2.27,3375,70842150,21177,33533173125,
541,138930,BNK금융지주,KOSPI,2.26,18100,14724961025,811387,5616919297300,
542,005385,현대차우,KOSPI,2.26,189800,23750973500,127159,4430114208000,
543,096530,씨젠,KOSDAQ,2.26,27200,5707634125,211632,1420547036800,
544,000215,DL우,KOSPI,2.25,20450,10089850,496,34481051750,
545,03481K,해성산업1우,KOSDAQ,2.25,5910,1101480,191,8140747230,
546,012280,영화금속,KOSPI,2.24,820,140777472,172888,40610094100,
547,000230,일동홀딩스,KOSPI,2.24,5940,16285830,2759,68549976000,
548,432720,퀄리타스반도체,KOSDAQ,2.24,7750,776554895,102747,109953683000,
549,017510,세명전기,KOSDAQ,2.23,6430,575325065,91328,98031780000,
550,042000,카페24,KOSDAQ,2.23,15610,797641725,51183,377421218090,
551,037560,LG헬로비전,KOSPI,2.22,1520,206470321,138240,117719234800,
552,440290,HB인베스트먼트,KOSDAQ,2.22,1701,36575874,22068,46788437430,
553,448280,에코아이,KOSDAQ,2.22,6900,89058430,13077,204454790100,
554,033530,SJG세종,KOSPI,2.21,6010,430373140,72593,167203975610,
555,161890,한국콜마,KOSPI,2.21,101700,18860267750,186806,2400636330900,
556,439090,마녀공장,KOSDAQ,2.21,16670,5052844580,306734,273275644200,
557,001360,삼성제약,KOSPI,2.20,1300,519581783,407175,122410702700,
558,039130,하나투어,KOSPI,2.20,30150,954515150,31726,467021449800,
559,277410,인산가,KOSDAQ,2.20,5580,123576635,22795,21433617000,
560,024800,유성티엔에스,KOSDAQ,2.19,4200,149100720,36307,155617610400,
561,008260,NI스틸,KOSPI,2.18,3045,86472183,28953,87087356265,
562,452160,제이엔비,KOSDAQ,2.18,3275,30708717,9664,31497400925,
563,013890,지누스,KOSPI,2.17,8950,114076330,12909,196236026350,
564,066700,테라젠이텍스,KOSDAQ,2.17,1929,141832105,74810,71666933304,
565,060980,HL홀딩스,KOSPI,2.16,37800,431273175,11513,343180416600,
566,014910,성문전자,KOSPI,2.16,1982,828771335,430038,43321083374,
567,023960,에쓰씨엔지니어링,KOSPI,2.16,995,43276231,44563,37845795125,
568,163280,에어레인,KOSDAQ,2.16,3315,142035953,43118,45094203570,
569,242040,나무기술,KOSDAQ,2.15,3800,1565480431,418587,131503803200,
570,065350,신성델타테크,KOSDAQ,2.15,26150,2632211925,102177,718705240200,
571,199820,제일일렉트릭,KOSDAQ,2.15,6640,674345060,103954,147540800000,
572,176750,듀켐바이오,KOSDAQ,2.14,5740,256862565,47095,163525252800,
573,007370,진양제약,KOSDAQ,2.14,3820,27971265,7381,53994122340,
574,014790,HLDI,KOSPI,2.13,2400,88676255,37643,90860642400,
575,012200,계양전기,KOSPI,2.13,4085,1370204616,338471,111205256465,
576,015760,한국전력,KOSPI,2.12,33700,44311564675,1327594,21634189394900,
577,173130,오파스넷,KOSDAQ,2.12,6270,258369850,41816,81801385710,
578,073010,케이에스피,KOSDAQ,2.12,2645,211544870,81152,106305856250,
579,036800,나이스정보통신,KOSDAQ,2.11,29000,546994800,19127,263900000000,
580,389020,자람테크놀로지,KOSDAQ,2.11,19400,623886080,32781,133958590800,
581,010100,한국무브넥스,KOSPI,2.10,3400,201742984,59498,103531428000,
582,208370,셀바스헬스케어,KOSDAQ,2.10,2430,120809029,50462,62549570520,
583,351870,차이커뮤니케이션,KOSDAQ,2.10,1608,37990971,24187,17946312336,
584,058450,한주에이알티,KOSDAQ,2.10,4615,20156640,4428,23136711780,
585,179290,엠아이텍,KOSDAQ,2.09,4650,419162817,92199,150500402700,
586,078890,가온그룹,KOSDAQ,2.08,3675,399016997,110691,67711665525,
587,451250,삐아,KOSDAQ,2.08,6870,161649800,23715,70251774990,
588,071670,에이테크솔루션,KOSDAQ,2.07,4920,166882090,34939,49200000000,
589,090410,덕신이피씨,KOSDAQ,2.06,694,110380658,163439,31982361930,
590,138080,오이솔루션,KOSDAQ,2.06,18330,1449104710,80776,226884304140,
591,109080,옵티시스,KOSDAQ,2.06,7920,55381550,7065,44637120000,
592,090430,아모레퍼시픽,KOSPI,2.05,119700,17260886550,143932,7001583252300,
593,000650,천일고속,KOSPI,2.05,154100,307018500,2041,220242802000,
594,039020,이건홀딩스,KOSDAQ,2.05,2490,124673770,50940,56235925410,
595,228850,레이언스,KOSDAQ,2.04,6000,14682890,2492,99546084000,
596,448730,삼성FN리츠,KOSPI,2.03,5520,144194515,26258,502596000000,
597,052400,코나아이,KOSDAQ,2.03,40200,1407751325,35173,585444298200,
598,001740,SK네트웍스,KOSPI,2.02,7560,8297752675,1108559,1516489800840,
599,261200,덴티스,KOSDAQ,2.02,2530,71233045,28888,39998541000,
600,092200,디아이씨,KOSPI,2.01,4070,926071957,233365,158276475830,
601,118000,메타케어,KOSPI,2.01,1321,22517159,17406,29135691985,
602,372910,한컴라이프케어,KOSPI,2.01,1675,38429050,23280,46354630050,
603,021045,대호특수강우,KOSDAQ,2.01,2535,1112010,463,2150927220,
604,347860,알체라,KOSDAQ,2.01,1370,105868835,78536,57750496390,
605,084870,TBH글로벌,KOSPI,2.00,1940,21093054,11294,39689016640,
606,009520,포스코엠텍,KOSDAQ,2.00,10210,1863991670,183977,425171997630,
607,015230,대창단조,KOSPI,1.99,5650,258894970,46381,153361453000,
608,038290,마크로젠,KOSDAQ,1.99,11250,329653630,30039,121965750000,
609,372170,윤성에프앤씨,KOSDAQ,1.99,14890,187933745,12817,118808024720,
610,446540,메가터치,KOSDAQ,1.98,6680,886958880,134138,194248461480,
611,024950,삼천리자전거,KOSDAQ,1.98,3350,88389600,27013,41540000000,
612,101730,위메이드맥스,KOSDAQ,1.98,3855,2241911538,604138,323061667530,
613,122690,서진오토모티브,KOSDAQ,1.96,1609,84874261,53685,37134378094,
614,065500,오리엔트정공,KOSDAQ,1.96,1091,777869328,697833,36268016992,
615,353810,이지바이오,KOSDAQ,1.96,6240,400270115,64319,206431180800,
616,348150,고바이오랩,KOSDAQ,1.95,3140,42243175,13932,60975311460,
617,020400,대동금속,KOSDAQ,1.95,2875,92080740,33146,18337704500,
618,394420,리센스메디컬,KOSDAQ,1.95,11500,1028846305,91519,125751787000,
619,006920,모헨즈,KOSDAQ,1.95,3130,262580547,85439,34179600000,
620,002350,넥센타이어,KOSPI,1.94,6840,269517520,39846,668048278680,
621,056730,CNT85,KOSDAQ,1.94,1470,18293731,12068,21788688390,
622,031330,에스에이엠티,KOSDAQ,1.94,10500,5134138285,493942,1049948203500,
623,078590,휴림에이텍,KOSDAQ,1.94,1993,125214554,62379,19913695267,
624,090435,아모레퍼시픽우,KOSPI,1.93,39550,551606100,13966,417562176500,
625,047560,이스트소프트,KOSDAQ,1.93,7400,160545630,21866,86972806800,
626,001270,부국증권,KOSPI,1.92,53200,334989100,6340,551677935200,
627,031820,아이티센씨티에스,KOSPI,1.92,5050,184031305,36890,61130987300,
628,130500,GH신소재,KOSDAQ,1.92,1748,10624677,6113,25424750896,
629,214180,헥토이노베이션,KOSDAQ,1.91,13370,404964365,30590,173721316790,
630,375500,DL이앤씨,KOSPI,1.90,59000,11224942300,192166,2282923757000,
631,095910,에스에너지,KOSDAQ,1.90,751,164852668,225281,28009978659,
632,189300,인텔리안테크,KOSDAQ,1.90,59100,3919651150,66777,634586072700,
633,128660,피제이메탈,KOSDAQ,1.90,2680,533942794,205445,66473028920,
634,001290,상상인증권,KOSPI,1.89,700,105823233,152937,75835984000,
635,145170,노브랜드,KOSDAQ,1.89,2960,95298640,32775,50048878800,
636,037760,쎄니트,KOSDAQ,1.89,2430,7613285,3197,82213998030,
637,101490,에스앤에스텍,KOSDAQ,1.89,40350,6743390825,169898,860862367650,
638,319400,현대무벡스,KOSDAQ,1.89,18900,26935598670,1400762,2105007137100,
639,040910,아이씨디,KOSDAQ,1.88,4065,62767540,15764,73878427875,
640,265560,영화테크,KOSDAQ,1.88,7030,101400500,14683,75151965400,
641,075180,새론오토모티브,KOSPI,1.87,2990,54633470,18778,57408000000,
642,009970,영원무역홀딩스,KOSPI,1.87,190900,1257873050,6588,2472883665300,
643,339950,아이비김영,KOSDAQ,1.87,2730,160787830,59388,122704368150,
644,032500,케이엠더블유,KOSDAQ,1.87,14150,1597053130,115188,597012569150,
645,457190,이수스페셜티케미컬,KOSPI,1.86,54800,7544165550,140667,1655994185600,
646,110990,디아이티,KOSDAQ,1.86,16960,1125265775,67574,320544000000,
647,0011A0,액스비스,KOSDAQ,1.86,8740,339441420,39889,81576887600,
648,234340,헥토파이낸셜,KOSDAQ,1.86,16390,1500063355,91737,228979051840,
649,172670,에이엘티,KOSDAQ,1.85,8240,383234050,46795,73832534160,
650,0117P0,피스피스스튜디오,KOSDAQ,1.83,5570,920485565,164878,78920834270,
651,123700,SJM,KOSPI,1.82,3365,39553854,12015,52510481770,
652,000240,한국앤컴퍼니,KOSPI,1.82,25150,1549648400,61601,2387621286000,
653,473980,노머스,KOSDAQ,1.82,10090,417733120,41845,111588558980,
654,263860,지니언스,KOSDAQ,1.82,11770,564970520,48190,106866892000,
655,0011T0,채비,KOSDAQ,1.82,5030,841780043,171029,236156442730,
656,357430,마스턴프리미어리츠,KOSPI,1.81,620,8256620,13495,18913290340,
657,024720,콜마홀딩스,KOSPI,1.81,8440,330021045,39388,289460425960,
658,036580,팜스코,KOSPI,1.81,2815,153048176,56629,103389159545,
659,042420,네오위즈홀딩스,KOSDAQ,1.80,22600,207670200,9316,184015595800,
660,232140,와이씨,KOSDAQ,1.80,9630,4159394495,438564,790096720500,
661,092300,현우산업,KOSDAQ,1.80,2260,159100843,71221,45538708460,
662,047040,대우건설,KOSPI,1.79,14800,53216705100,3633741,6081433042400,
663,013580,계룡건설,KOSPI,1.78,18250,1162374990,64905,162989052750,
664,098660,에스티오,KOSDAQ,1.78,1486,7252147,4924,18576450336,
665,160550,NEW,KOSDAQ,1.77,1090,35840614,32859,30417655540,
666,060260,뉴보텍,KOSDAQ,1.77,1378,137414582,102039,18385766568,
667,215790,이노인스트루먼트,KOSDAQ,1.77,746,873651036,1195114,30051229154,
668,418470,KT밀리의서재,KOSDAQ,1.76,9830,237647025,24302,84201705870,
669,093190,빅솔론,KOSDAQ,1.76,8100,31570410,3947,155835130500,
670,445180,퓨릿,KOSDAQ,1.76,7520,475043600,64400,129262693760,
671,036460,한국가스공사,KOSPI,1.74,32250,3948650800,123020,2977094250000,
672,247540,에코프로비엠,KOSDAQ,1.73,105900,30192497450,288501,10360242960600,
673,440320,오픈놀,KOSDAQ,1.73,1998,52376310,27271,19940040000,
674,900340,윙입푸드,KOSDAQ,1.73,1232,25211326,20653,15501925824,
675,900100,파이온엑스,KOSDAQ,1.73,1999,3715067,1909,10546823950,
676,012205,계양전기우,KOSPI,1.72,6510,134278430,20831,7610704290,
677,00680K,미래에셋증권2우B,KOSPI,1.72,11860,3423922620,293332,1618890000000,
678,086280,현대글로비스,KOSPI,1.72,189700,38361409850,202260,14227500000000,
679,314130,지놈앤컴퍼니,KOSDAQ,1.72,3540,998936965,284278,159930661620,
680,093380,풍강,KOSDAQ,1.72,2665,46785330,17897,26328369145,
681,203400,에이비온,KOSDAQ,1.71,656,252285797,395966,59106455424,
682,039830,오로라,KOSDAQ,1.71,19060,469283635,25288,205140683400,
683,425420,티에프이,KOSDAQ,1.71,35600,1757374625,49762,439559643600,
684,452280,한선엔지니어링,KOSDAQ,1.71,10090,697675540,71125,194208990300,
685,005830,DB손해보험,KOSPI,1.70,161700,33034992650,203565,10591406433300,
686,052790,액토즈소프트,KOSDAQ,1.70,4180,51166415,12518,45664606460,
687,114190,강원에너지,KOSDAQ,1.69,7810,402868630,52252,204020926780,
688,417860,오브젠,KOSDAQ,1.69,6020,92532740,15173,28335574120,
689,122990,와이솔,KOSDAQ,1.69,6020,234901320,39069,160367267620,
690,365550,ESR켄달스퀘어리츠,KOSPI,1.68,3330,793937180,242765,819476370000,
691,004430,송원산업,KOSPI,1.68,12080,997958205,83409,289920000000,
692,018310,삼목에스폼,KOSDAQ,1.68,13930,70889250,5131,204771000000,
693,009780,엠에스씨,KOSDAQ,1.68,6040,140121660,23114,106304000000,
694,190650,코리아에셋투자증권,KOSDAQ,1.68,6640,22052765,3369,42416320000,
695,263750,펄어비스,KOSDAQ,1.68,33350,5426889950,164175,2095844398500,
696,008770,호텔신라,KOSPI,1.67,45700,4516004775,98759,1793639129700,
697,040610,SGG,KOSDAQ,1.67,3040,68866908,23207,51812537920,
698,402490,그린리소스,KOSDAQ,1.67,6710,630515230,94581,113635306070,
699,016710,대성홀딩스,KOSPI,1.66,6740,58927990,8907,108442953660,
700,009680,모토닉,KOSPI,1.66,9770,111737440,11529,212332328380,
701,035510,신세계IC,KOSPI,1.66,12220,660144430,54883,170846598000,
702,092870,엑시콘,KOSDAQ,1.66,15310,2219775750,147027,199807702070,
703,095270,웨이브일렉트로,KOSDAQ,1.66,3675,204025990,56656,52818592050,
704,459100,위츠,KOSDAQ,1.66,3980,26804120,6844,53595078000,
705,318010,팜스빌,KOSDAQ,1.66,3685,14049490,3882,29219610530,
706,000590,CS홀딩스,KOSPI,1.65,67600,74172200,1123,78042983200,
707,067730,로지시스,KOSDAQ,1.65,2160,8836120,4154,20895671520,
708,102120,어보브반도체,KOSDAQ,1.65,6790,840778925,125336,120731312870,
709,044490,태웅,KOSDAQ,1.65,24650,1411920775,58197,493181941650,
710,011210,현대위아,KOSPI,1.64,55800,5334322200,96536,1517485631400,
711,250060,모비스,KOSDAQ,1.64,2480,329274052,133959,79784858720,
712,126600,BGF에코머티리얼즈,KOSDAQ,1.63,2810,226314310,82042,176374986190,
713,033640,네패스,KOSDAQ,1.63,18680,2123475355,114977,430745893360,
714,033560,블루콤,KOSDAQ,1.63,4365,312440365,73106,74641500000,
715,158430,아톤,KOSDAQ,1.63,3740,897998949,240716,91563024080,
716,044990,에이치엔에스하이텍,KOSDAQ,1.63,10620,236427160,22555,81619213500,
717,099390,브레인즈컴퍼니,KOSDAQ,1.62,3130,46200945,15047,25691925790,
718,398120,에스지헬스케어,KOSDAQ,1.62,1940,16540396,8633,22927911340,
719,264450,유비쿼스,KOSDAQ,1.62,9400,179737295,19376,137855634200,
720,034310,NICE,KOSPI,1.61,12650,1038696205,82499,464978036050,
721,0126Z0,삼성에피스홀딩스,KOSPI,1.61,378500,14049058250,37630,9418234046500,
722,131970,두산테스나,KOSDAQ,1.61,81900,14914414200,183590,1582900792200,
723,236200,슈프리마,KOSDAQ,1.61,47300,1011821650,21450,329884910300,
724,096760,JW홀딩스,KOSPI,1.60,3815,301761147,80114,282023653730,
725,000180,성창기업지주,KOSPI,1.60,5080,63756745,12535,70867625600,
726,025750,한솔홈데코,KOSPI,1.59,1850,46379059,25374,29809103650,
727,083500,에프엔에스테크,KOSDAQ,1.59,13430,787559530,59380,111554643110,
728,093050,LF,KOSPI,1.58,22550,738868750,33145,659362000000,
729,018470,조일알미늄,KOSPI,1.58,902,550213709,616250,114221812342,
730,001540,안국약품,KOSDAQ,1.58,11560,569085410,50103,150770375200,
731,004140,동방,KOSPI,1.57,1812,310570574,172035,86924839992,
732,000225,유유제약1우,KOSPI,1.57,3550,14767100,4164,8047601500,
733,080520,오디텍,KOSDAQ,1.57,2910,45867135,16165,32948233470,
734,017650,대림제지,KOSDAQ,1.56,9140,56653290,6270,80294900000,
735,080420,모다이노칩,KOSDAQ,1.56,1369,9579808,7079,109138900518,
736,169330,엠브레인,KOSDAQ,1.56,1433,11827935,8444,26248143494,
737,036200,유니셈,KOSDAQ,1.56,7830,1302256105,171311,240100866090,
738,054930,유신,KOSDAQ,1.56,15640,166352270,10753,46920000000,
739,299030,하나기술,KOSDAQ,1.56,11710,346281805,29919,93620396100,
740,058650,세아홀딩스,KOSPI,1.55,117800,176704400,1509,499735400800,
741,290120,DH오토리드,KOSDAQ,1.55,2290,26005560,11593,36239655330,
742,443250,레뷰코퍼레이션,KOSDAQ,1.55,5890,13189450,2273,63669822130,
743,424980,마이크로투나노,KOSDAQ,1.55,6560,85144695,13324,38827918400,
744,008930,한미사이언스,KOSPI,1.54,33000,4963134000,151485,2256921150000,
745,298040,효성중공업,KOSPI,1.54,2578000,115695578000,45410,24038684744000,
746,004780,대륙제관,KOSDAQ,1.54,3945,290585850,74005,62738120055,
747,051160,지어소프트,KOSDAQ,1.54,7240,234119770,32518,112034873200,
748,005810,풍산홀딩스,KOSPI,1.53,33200,1273586850,38398,478654094400,
749,024910,경창산업,KOSDAQ,1.53,1464,102486305,71193,52439023320,
750,457550,우진엔텍,KOSDAQ,1.53,13900,445215205,32400,129533516200,
751,008970,KBI동양철관,KOSPI,1.52,1070,617866586,580110,111030590490,
752,03473K,SK우,KOSPI,1.52,333000,1119117500,3437,188522955000,
753,476080,M83,KOSDAQ,1.52,3330,96915635,28883,26896410000,
754,109820,진매트릭스,KOSDAQ,1.52,1402,38714587,27897,28591883280,
755,241560,두산밥캣,KOSPI,1.51,60700,7411260300,121959,5818463145500,
756,001060,JW중외제약,KOSPI,1.50,23700,589000350,25117,551876541000,
757,011930,신성이엔지,KOSPI,1.50,14920,2477895995,169754,302968235440,
758,001755,한양증권우,KOSPI,1.50,19590,10336600,535,9263523300,
759,056360,코위버,KOSDAQ,1.50,4745,158801595,33898,46485816000,
760,131100,티엔엔터테인먼트,KOSDAQ,1.50,745,8040524,11186,24023809380,
761,092790,넥스틸,KOSPI,1.49,10920,2453528515,227076,283941840000,
762,006805,미래에셋증권우,KOSPI,1.49,12930,535945200,42501,181999447500,
763,025900,동화기업,KOSDAQ,1.49,5460,450332300,83478,276042776100,
764,072870,메가스터디,KOSDAQ,1.49,12900,187930125,14716,153780371100,
765,052300,오션인더블유,KOSDAQ,1.49,1500,58167052,39219,24366192000,
766,104830,원익머트리얼즈,KOSDAQ,1.49,33950,1592188375,47353,428041600000,
767,078935,GS우,KOSPI,1.48,54800,243799950,4541,97526244800,
768,012330,현대모비스,KOSPI,1.48,479500,154012295500,324162,43506273548500,
769,215200,메가스터디교육,KOSDAQ,1.48,37700,1523490850,40552,390768643200,
770,019770,서연탑메탈,KOSDAQ,1.48,3080,26908855,8916,35882000000,
771,429270,시지트로닉스,KOSDAQ,1.48,3425,122605265,36233,22088616175,
772,040300,YTN,KOSDAQ,1.47,2005,61442621,30489,95592344900,
773,082800,비보존제약,KOSDAQ,1.47,2420,532757216,221538,146941591720,
774,147830,제룡산업,KOSDAQ,1.47,6200,724390010,118185,124000000000,
775,085620,미래에셋생명,KOSPI,1.46,15930,1403604655,89547,2153417400000,
776,053260,금강철강,KOSDAQ,1.46,4515,113258590,25511,84520800000,
777,048430,유라테크,KOSDAQ,1.46,5560,41710415,7499,64051200000,
778,003925,남양유업우,KOSPI,1.45,31400,18812150,613,62800000000,
779,357780,솔브레인,KOSDAQ,1.45,280000,7118756250,25719,2177998480000,
780,352700,씨앤투스,KOSDAQ,1.45,1400,55585727,40525,36787658600,
781,303360,프로티아,KOSDAQ,1.45,4905,254176359,51590,63175002075,
782,155660,DSR,KOSPI,1.44,4575,177790261,39047,73200000000,
783,014530,극동유화,KOSPI,1.44,3180,231779900,73481,110884755600,
784,052900,KX하이텍,KOSDAQ,1.44,1124,829417641,747088,86174933160,
785,078020,LS증권,KOSDAQ,1.44,6330,284234495,45526,351195932700,
786,153890,져스텍,KOSDAQ,1.44,7770,3477086545,442232,93630869850,
787,036570,NC,KOSPI,1.43,213500,22546077500,107449,4599648697000,
788,009140,경인전자,KOSPI,1.43,21300,39794650,1860,33457976100,
789,035150,백산,KOSPI,1.43,9940,276694370,28164,196524525260,
790,010140,삼성중공업,KOSPI,1.43,21250,56254162900,2681627,18700000000000,
791,005500,삼진제약,KOSPI,1.43,17750,497690360,28189,236430000000,
792,004700,조광피혁,KOSPI,1.43,63900,135978800,2126,424879918200,
793,001420,태원물산,KOSPI,1.43,2830,148775437,53156,21508000000,
794,018620,우진비앤지,KOSDAQ,1.43,2475,20399690,8435,17159130450,
795,001250,GS글로벌,KOSPI,1.41,2515,887760010,357988,207572416460,
796,011370,서한,KOSDAQ,1.41,790,82618991,106225,79706943350,
797,222800,심텍,KOSDAQ,1.41,100900,41220374850,409900,3780110637900,
798,073110,엘엠에스,KOSDAQ,1.41,5040,12880025,2574,44834605200,
799,097800,윈팩,KOSDAQ,1.41,1865,75040589,41034,50895933925,
800,094360,칩스앤미디어,KOSDAQ,1.41,10060,571920200,57480,214834056440,
801,097230,HJ중공업,KOSPI,1.40,14500,6625485640,463581,1309282488000,
802,419050,삼기에너지솔루션즈,KOSDAQ,1.40,1375,1180913806,872078,78644830000,
803,089790,제이티,KOSDAQ,1.40,3990,94263365,23864,41158896870,
804,104540,코렌텍,KOSDAQ,1.40,3970,32638405,8465,53227417700,
805,215480,토박스코리아,KOSDAQ,1.40,1962,194793165,98529,17559900000,
806,030610,교보증권,KOSPI,1.39,9480,351024400,37156,1080368870280,
807,357120,코람코라이프인프라리츠,KOSPI,1.39,4025,141460030,35311,391774799850,
808,192400,쿠쿠홀딩스,KOSPI,1.39,25600,369760050,14502,910391936000,
809,005387,현대차2우B,KOSPI,1.39,189700,33305108750,176491,6632657521000,
810,297890,HB솔루션,KOSDAQ,1.39,1607,540024711,342722,117537448798,
811,064480,브리지텍,KOSDAQ,1.39,2555,97783950,38950,30538637500,
812,148150,세경하이테크,KOSDAQ,1.39,2920,193558372,67802,103785028560,
813,092780,DYP,KOSPI,1.38,3295,19920010,6108,43390075700,
814,016360,삼성증권,KOSPI,1.38,103100,34477696000,336422,9206830000000,
815,145995,삼양사우,KOSPI,1.38,33100,11561500,354,12249317000,
816,306200,세아제강,KOSPI,1.38,125200,1065193300,8580,355104760000,
817,418420,라온텍,KOSDAQ,1.38,3315,375819402,114502,102017659770,
818,093920,서원인텍,KOSDAQ,1.38,4775,103349625,21889,88815000000,
819,121890,에스디시스템,KOSDAQ,1.38,2210,206610580,96585,29374095660,
820,084990,헬릭스미스,KOSDAQ,1.37,3340,388614390,117680,153949941980,
821,189330,씨이랩,KOSDAQ,1.36,8940,1714696395,194392,83877618960,
822,476040,오가노이드사이언스,KOSDAQ,1.36,7470,157613965,21634,49195627200,
823,087600,픽셀플러스,KOSDAQ,1.36,4105,15107553,3750,33523720590,
824,123690,한국화장품,KOSPI,1.35,6010,212492230,35601,96568680000,
825,011700,한신기계,KOSPI,1.35,2245,285175355,127106,72841608995,
826,307950,현대오토에버,KOSPI,1.35,376500,27810034250,75297,10325129223000,
827,063440,SMLifeDesign,KOSDAQ,1.35,1123,182236656,163517,50893645772,
828,109860,동일금속,KOSDAQ,1.35,7490,20356590,2770,68159000000,
829,050890,쏠리드,KOSDAQ,1.35,8990,4673452850,528391,546201240660,
830,053300,한국정보인증,KOSDAQ,1.35,4130,290749830,70869,167641226480,
831,383220,FF,KOSPI,1.34,75400,3806288450,50591,2888353455000,
832,139130,iM금융지주,KOSPI,1.34,18140,4732127955,261514,2872712221120,
833,004960,한신공영,KOSPI,1.34,9830,216248830,22312,113740000660,
834,201490,미투온,KOSDAQ,1.34,1965,204880212,105860,64302121590,
835,950200,소마젠,KOSDAQ,1.34,2655,49055662,18692,51071720715,
836,053800,안랩,KOSDAQ,1.34,52800,2482156850,47198,587479516800,
837,123410,코리아에프티,KOSDAQ,1.34,5280,380103860,72058,147000817920,
838,277880,티에스아이,KOSDAQ,1.34,3020,44686690,14969,59926500240,
839,031210,서울보증보험,KOSPI,1.33,41800,1296917000,31081,2918542796400,
840,004410,서울식품,KOSPI,1.33,988,100730778,103403,38981552844,
841,077500,유니퀘스트,KOSPI,1.33,5340,452124050,85427,115344544680,
842,213500,한솔제지,KOSPI,1.33,6880,183493850,26987,163747962880,
843,115500,케이씨에스,KOSDAQ,1.33,7600,395118170,52964,91200000000,
844,425040,티이엠씨,KOSDAQ,1.33,9130,1712197325,190294,200156058740,
845,003670,포스코퓨처엠,KOSPI,1.32,138600,26812421500,196426,12327946092000,
846,061090,세나테크놀로지,KOSDAQ,1.32,42350,1069330575,25473,231550742500,
847,019990,에너토크,KOSDAQ,1.32,4600,127520778,27916,44878004800,
848,192250,케이사인,KOSDAQ,1.32,6890,102947850,15175,48692491250,
849,389140,포바이포,KOSDAQ,1.32,4615,297824120,66514,65854827025,
850,950220,네오이뮨텍,KOSDAQ,1.31,1317,66465449,51604,45056993280,
851,340360,다보링크,KOSDAQ,1.31,850,207509599,241804,44253356200,
852,143240,사람인,KOSDAQ,1.31,16300,173773545,10676,174943515300,
853,001525,동양우,KOSPI,1.30,7800,22862130,3037,2048397000,
854,303810,동국생명과학,KOSDAQ,1.30,2335,42892150,18712,74682966900,
855,058470,리노공업,KOSDAQ,1.30,70000,37508229500,539877,5334829500000,
856,017480,삼현철강,KOSDAQ,1.30,4685,115173450,25089,72349939650,
857,196170,알테오젠,KOSDAQ,1.30,273000,83977399250,311973,14629071639000,
858,221800,지구홀딩스,KOSDAQ,1.30,4660,150236685,31898,76045845660,
859,256840,한국비엔씨,KOSDAQ,1.30,2340,458161580,199357,160044033240,
860,234690,녹십자웰빙,KOSDAQ,1.29,7850,428348670,55243,141011826500,
861,462860,더즌,KOSDAQ,1.29,1810,199822489,112710,129879306630,
862,023810,인팩,KOSPI,1.28,4750,163944460,34878,47500000000,
863,006730,서부TD,KOSDAQ,1.28,9490,1970820750,209632,609987999270,
864,108860,셀바스AI,KOSDAQ,1.28,6310,427616025,68526,169832324900,
865,306620,지아이에스,KOSDAQ,1.28,1660,406221272,249302,79584025440,
866,020120,키다리스튜디오,KOSPI,1.27,3585,221592940,63073,132873601110,
867,005670,푸드웰,KOSDAQ,1.27,6380,171713320,27756,63800000000,
868,210980,SK디앤디,KOSPI,1.26,5610,678171090,119948,104443513020,
869,025950,동신건설,KOSDAQ,1.26,10410,406551900,39514,87444000000,
870,000220,유유제약,KOSPI,1.25,3640,123354305,34346,57320761680,
871,001750,한양증권,KOSPI,1.25,19410,222202920,11621,247060844940,
872,045300,성우테크론,KOSDAQ,1.25,2425,23966742,9950,25576504100,
873,024880,케이피에프,KOSDAQ,1.25,3655,172957518,47531,73694865870,
874,003075,코오롱글로벌우,KOSPI,1.24,12290,4588750,385,9103657730,
875,322180,LS티라유텍,KOSDAQ,1.24,3670,473960335,130621,78890709020,
876,002290,삼일기업공사,KOSDAQ,1.24,3255,16172630,5014,40362000000,
877,052860,아이앤씨,KOSDAQ,1.24,4090,161513215,40368,73075432860,
878,173940,에프엔씨엔터,KOSDAQ,1.24,2035,70913130,35173,31324364280,
879,127120,제이에스링크,KOSDAQ,1.24,32600,4207229200,135252,1132569053200,
880,005690,파미셀,KOSPI,1.23,10710,5042534080,477182,642642989940,
881,001450,현대해상,KOSPI,1.23,37150,10058087875,270849,3166972487500,
882,462510,라메디텍,KOSDAQ,1.23,2870,34603756,12191,25264509550,
883,068050,팬엔터테인먼트,KOSDAQ,1.23,1148,50687764,44808,31792799248,
884,004250,NPC,KOSPI,1.22,2905,159248550,55456,106671600000,
885,000050,경방,KOSPI,1.22,8280,266215050,32419,226998435600,
886,272450,진에어,KOSPI,1.22,4980,260033511,52425,259956000000,
887,438700,버넥트,KOSDAQ,1.22,1666,33414236,20573,18567386740,
888,073540,에프알텍,KOSDAQ,1.22,2070,58357663,29119,23598000000,
889,079370,제우스,KOSDAQ,1.22,9110,2270303160,255492,282564778900,
890,367000,플래티어,KOSDAQ,1.22,2910,16766795,5924,24409682370,
891,054920,한컴위드,KOSDAQ,1.22,2905,481475670,167042,81970620305,
892,030210,다올투자증권,KOSPI,1.21,3340,80457416,24417,203443094040,
893,001720,신영증권,KOSPI,1.21,142700,909405400,6427,2345988000000,
894,025820,이구산업,KOSPI,1.21,3765,370000270,99181,125909130000,
895,010770,평화홀딩스,KOSPI,1.21,3760,73539805,19752,54991752160,
896,042600,새로닉스,KOSDAQ,1.21,8360,44194890,5354,103861078640,
897,298690,에어부산,KOSPI,1.20,1430,76567343,54234,232968266960,
898,195940,HK이노엔,KOSDAQ,1.20,37800,3780709700,100861,1070869879800,
899,021080,에이티넘인베스트,KOSDAQ,1.20,2100,350679226,168188,100800000000,
900,123420,위메이드플레이,KOSDAQ,1.20,5880,151345115,26075,61158121080,
901,365270,큐라클,KOSDAQ,1.20,8430,1085794320,130434,186783442560,
902,006345,대원전선우,KOSPI,1.19,10190,2152682990,209724,26710028000,
903,001630,종근당홀딩스,KOSPI,1.19,38200,167509425,4449,191376690200,
904,021240,코웨이,KOSPI,1.19,93500,11241448939,120285,6616754331000,
905,091340,SK폴리텍,KOSDAQ,1.19,2130,17466090,8343,24928925730,
906,014570,고려제약,KOSDAQ,1.19,3390,9259335,2774,37290000000,
907,0017J0,세미티에스,KOSDAQ,1.19,2985,1390157448,469437,89957819655,
908,217330,싸이토젠,KOSDAQ,1.19,2980,139742713,48109,68926050060,
909,096690,에이루트,KOSDAQ,1.19,5100,22508665,4460,20516494200,
910,096240,크레버스,KOSDAQ,1.19,8500,157264760,18577,87024530000,
911,298060,풍전약품,KOSDAQ,1.19,2545,6629560,2624,24527302615,
912,004150,한솔홀딩스,KOSPI,1.18,2995,225685755,76750,122874726900,
913,290690,소룩스,KOSDAQ,1.18,4300,2065413601,481556,226178323000,
914,060850,영림원소프트랩,KOSDAQ,1.18,5160,31558370,6195,41955960000,
915,479960,위너스일렉,KOSDAQ,1.18,6020,9207580,1564,42898520000,
916,002450,삼익악기,KOSPI,1.17,1123,296816381,267201,101666217545,
917,161000,애경케미칼,KOSPI,1.17,8650,606539990,71055,420811332850,
918,130660,한전산업,KOSPI,1.17,10380,756543200,73543,338388000000,
919,044960,이글벳,KOSDAQ,1.17,3015,54183270,18168,38115277245,
920,039610,화성밸브,KOSDAQ,1.17,5180,140278970,27661,53925872000,
921,200880,서연이화,KOSPI,1.16,10460,401821050,38480,282717451020,
922,204020,그리티,KOSDAQ,1.16,1923,63057499,33419,37403949936,
923,032850,비트컴퓨터,KOSDAQ,1.16,3925,72931390,18687,65246425025,
924,015360,INVENI,KOSPI,1.15,14120,275735350,19650,384770000000,
925,011790,SKC,KOSPI,1.15,79300,15768178200,201397,3933145031400,
926,071050,한국금융지주,KOSPI,1.15,219000,28526096250,130912,12203992248000,
927,064260,다날,KOSDAQ,1.15,3945,2174150286,559474,298421327865,
928,185490,아이진,KOSDAQ,1.15,1500,114487900,76508,64844676000,
929,017890,한국알콜,KOSDAQ,1.15,13170,478887225,36513,272270074020,
930,210540,디와이파워,KOSPI,1.14,10690,508372705,47966,118035858520,
931,161390,한국타이어앤테크놀로지,KOSPI,1.14,70900,22289125700,311661,8782742392100,
932,900290,GRT,KOSDAQ,1.14,2215,1050847075,485262,181187000000,
933,069330,유아이디,KOSDAQ,1.14,1063,177020898,165901,18020586162,
934,041960,코미팜,KOSDAQ,1.14,7080,1230557095,174556,523116384600,
935,064400,LG씨엔에스,KOSPI,1.13,62500,39100218750,628316,6055371750000,
936,900260,로스웰,KOSDAQ,1.13,1608,2457419,1534,74015767248,
937,462520,조선내화,KOSPI,1.12,13540,264706980,19753,160518974720,
938,053950,경남제약,KOSDAQ,1.12,1539,19352716,12710,24053755869,
939,199480,뱅크웨어글로벌,KOSDAQ,1.12,2700,16809230,6347,27530787600,
940,053610,프로텍,KOSDAQ,1.12,63300,1476621350,23793,569700000000,
941,007860,서연,KOSPI,1.11,7300,309967450,43325,171402861200,
942,015860,일진홀딩스,KOSPI,1.11,5480,518707650,95484,270424206840,
943,272290,이녹스첨단소재,KOSDAQ,1.11,20100,2632768260,132713,400743930900,
944,126730,코칩,KOSDAQ,1.10,12900,560899960,44555,113134625400,
945,001040,CJ,KOSPI,1.09,130100,9360040250,72253,3795927439800,
946,097950,CJ제일제당,KOSPI,1.09,186200,7368237500,39598,2803089433200,
947,081580,성우전자,KOSDAQ,1.09,2320,85694610,37641,35978891760,
948,356680,엑스게이트,KOSDAQ,1.09,10230,6666319000,643337,291999923160,
949,402030,코난테크놀로지,KOSDAQ,1.09,10230,67919215,6615,128053902240,
950,077970,STX엔진,KOSPI,1.08,23350,4264841775,185519,937457271050,
951,002780,진흥기업,KOSPI,1.08,752,855804350,1146764,109394752240,
952,036000,예림당,KOSDAQ,1.08,2800,24836005,9004,64495975600,
953,069730,DSR제강,KOSPI,1.07,5650,265657210,46823,81360000000,
954,012170,아센디오,KOSPI,1.07,758,363930582,445582,15349647052,
955,032540,TJ미디어,KOSDAQ,1.07,3295,7690880,2364,68856975835,
956,050860,아세아텍,KOSDAQ,1.07,1701,12663991,7536,38272500000,
957,115440,우리넷,KOSDAQ,1.07,6630,458526945,70008,71566155960,
958,122310,제노레이,KOSDAQ,1.07,3300,19610815,6063,48027685200,
959,002920,유성기업,KOSPI,1.06,1714,61175145,36372,44474015000,
960,042370,비츠로테크,KOSDAQ,1.06,7610,1119925405,147932,199382190250,
961,092600,앤씨앤,KOSDAQ,1.06,2380,73001145,30641,11939753140,
962,047310,파워로직스,KOSDAQ,1.06,2850,583770252,206778,104340651750,
963,457370,한켐,KOSDAQ,1.06,6660,566970680,86206,53693812440,
964,021820,세원정공,KOSPI,1.05,9610,150982670,15649,96100000000,
965,050120,ES큐브,KOSDAQ,1.05,2875,29516655,10325,38996747250,
966,348030,모비릭스,KOSDAQ,1.05,2900,150692655,52289,27851020000,
967,439580,블루엠텍,KOSDAQ,1.05,1633,75068679,46906,55271411251,
968,049630,재영솔루텍,KOSDAQ,1.05,5750,943304090,167578,134432194000,
969,326030,SK바이오팜,KOSPI,1.04,77600,8907466500,114676,6077108200000,
970,006740,블루산업개발,KOSPI,1.04,874,26349525,30477,20748607050,
971,003470,유안타증권,KOSPI,1.04,4385,1738488562,398623,844902247270,
972,094170,동운아나텍,KOSDAQ,1.04,29050,1943590300,67775,607433640800,
973,193250,링크드,KOSDAQ,1.04,1845,74254298,41222,24665681385,
974,115310,인포바인,KOSDAQ,1.04,6800,112576600,17006,100854533200,
975,005720,넥센,KOSPI,1.03,5900,104295970,17786,310009464300,
976,334890,이지스밸류플러스리츠,KOSPI,1.03,3435,98206755,28738,238556226105,
977,330730,스톤브릿지벤처스,KOSDAQ,1.03,4430,74967432,17144,80704986900,
978,011785,금호석유화학우,KOSPI,1.02,49600,77770400,1570,149964905600,
979,170900,동아에스티,KOSPI,1.02,34550,272401350,7990,336096146450,
980,014990,인디에프,KOSPI,1.02,1877,108742400,59340,28197418323,
981,478560,블랙야크아이앤씨,KOSDAQ,1.02,2470,35868900,14769,63800836060,
982,067900,와이엔텍,KOSDAQ,1.02,5960,161050510,27195,108469967640,
983,168360,펨트론,KOSDAQ,1.02,13830,921718155,67090,309689063310,
984,085310,엔케이,KOSPI,1.01,8000,285497690,36428,59344592000,
985,056190,SFA,KOSDAQ,1.01,19970,1722747195,87776,717097937200,
986,451220,아이엠티,KOSDAQ,1.01,8970,326843485,36869,70635260670,
987,311320,지오엘리먼트,KOSDAQ,1.01,7980,372023230,47009,100664188800,
988,053160,프리엠스,KOSDAQ,1.01,8990,124317635,13759,53940000000,
989,003090,대웅,KOSPI,1.00,16170,758699640,46793,940155816600,
990,004000,롯데정밀화학,KOSPI,1.00,45450,2325108950,51180,1172610000000,
991,33637L,솔루스첨단소재2우B,KOSPI,1.00,2015,4329867,2176,7613266440,
992,067160,SOOP,KOSDAQ,1.00,45650,3539509550,76772,524736113550,
993,006620,동구바이오제약,KOSDAQ,1.00,3540,264252206,74486,100766071680,
994,090850,현대이지웰,KOSDAQ,1.00,6060,151154295,24998,136216092180,
995,003850,보령,KOSPI,0.99,8130,1266623340,157161,697449992910,
996,023910,대한약품,KOSDAQ,0.99,25500,113960325,4480,153000000000,
997,105330,케이엔더블유,KOSDAQ,0.99,6140,135663630,22427,98359852800,
998,013030,하이록코리아,KOSDAQ,0.99,30500,806720950,26728,358928392000,
999,029530,신도리코,KOSPI,0.98,41150,424304950,10438,399802248350,
1000,031430,신세계인터내셔날,KOSPI,0.98,11320,996037290,88602,396041520000,
1001,404990,신한서부티엔디리츠,KOSPI,0.98,3610,134104740,36990,221718853650,
1002,267850,아시아나IDT,KOSPI,0.98,9300,55806410,6084,103230000000,
1003,001200,유진투자증권,KOSPI,0.98,4130,1122237068,274306,400058306340,
1004,078600,대주전자재료,KOSDAQ,0.98,72300,4854823850,67950,1135409177400,
1005,182360,큐브엔터,KOSDAQ,0.98,5130,152862000,30026,79770725370,
1006,114090,GKL,KOSPI,0.97,9340,1104848540,118374,577731957800,
1007,187870,디바이스,KOSDAQ,0.97,12500,475212970,38786,172125750000,
1008,092040,아미코젠,KOSDAQ,0.97,1149,381674793,330805,81183039663,
1009,312610,에이에프더블류,KOSDAQ,0.96,420,79023040,199474,8507892960,
1010,049950,미래컴퍼니,KOSDAQ,0.95,9540,218120760,23163,84122613360,
1011,357580,아모센스,KOSDAQ,0.95,5300,161347680,30791,62485738600,
1012,103840,우양,KOSDAQ,0.95,1919,45264039,24010,31407175332,
1013,079950,인베니아,KOSDAQ,0.95,1065,1014777444,930899,14696041500,
1014,278280,천보,KOSDAQ,0.95,32000,704923150,22039,392096800000,
1015,220260,켐트로스,KOSDAQ,0.95,3195,231508822,73484,102470215725,
1016,081150,티플랙스,KOSDAQ,0.95,2655,349952005,133033,64432607310,
1017,067310,하나마이크론,KOSDAQ,0.95,37000,48552122725,1335312,2459775762000,
1018,013870,지엠비코리아,KOSPI,0.94,3770,81111241,21866,71902495600,
1019,219750,한국비티비,KOSDAQ,0.94,1929,117463093,68757,25241692233,
1020,010240,흥국,KOSDAQ,0.94,5380,78490640,14794,62978280000,
1021,009200,무림페이퍼,KOSPI,0.93,1416,80444873,57458,58918782960,
1022,007820,엠엑스로보틱스,KOSDAQ,0.93,2720,233940885,87420,54492333120,
1023,472850,폰드그룹,KOSDAQ,0.93,3790,191035772,51626,218196561080,
1024,263720,디앤씨미디어,KOSDAQ,0.92,6580,77908875,11947,81674848780,
1025,265740,엔에프씨,KOSDAQ,0.92,4935,276432825,56191,88156866000,
1026,353590,오토앤,KOSDAQ,0.92,1530,39029880,26217,19699622100,
1027,021650,한국큐빅,KOSDAQ,0.92,2190,13076910,6056,35807732970,
1028,267270,HD건설기계,KOSPI,0.91,122200,24840939550,205989,5856055813400,
1029,298050,HS효성첨단소재,KOSPI,0.91,144400,1737280700,12190,646904491200,
1030,006040,동원산업,KOSPI,0.91,33200,1163540050,34884,1465475190800,
1031,025890,한국주강,KOSPI,0.91,2225,17950180,8189,24796770600,
1032,215000,골프존,KOSDAQ,0.91,38950,610010175,15800,244427414250,
1033,012030,DB,KOSPI,0.90,1454,739201578,511939,292506898582,
1034,042700,한미반도체,KOSPI,0.90,224000,165484562250,741706,21349932800000,
1035,489790,한화비전,KOSPI,0.90,45000,9635727400,215161,2271977550000,
1036,017800,현대엘리베이터,KOSPI,0.90,67000,6438374800,96115,2619189795000,
1037,413630,씨피시스템,KOSDAQ,0.90,3375,30163298477,8370220,122973541875,
1038,317690,퀀타매트릭스,KOSDAQ,0.90,2235,152913865,69262,45001789815,
1039,108230,톱텍,KOSDAQ,0.90,2790,97038480,34900,106084853550,
1040,012610,경인양행,KOSPI,0.89,2845,367867215,131371,118398558425,
1041,194370,제이에스코퍼레이션,KOSPI,0.89,11350,926244450,82446,329340203300,
1042,251970,펌텍코리아,KOSDAQ,0.89,39500,1325597750,33836,489800000000,
1043,020560,아시아나항공,KOSPI,0.88,6910,247500530,35976,1423395813010,
1044,323990,박셀바이오,KOSDAQ,0.88,4000,300595646,76652,93029380000,
1045,114840,아이패밀리에스씨,KOSDAQ,0.88,7990,307719835,38410,133284266150,
1046,023150,MH에탄올,KOSPI,0.87,4080,38644290,9460,30104386080,
1047,004890,동일산업,KOSPI,0.87,34600,27541450,805,83912439000,
1048,318000,KBG,KOSDAQ,0.87,2890,32958415,11471,25259244470,
1049,253590,네오셈,KOSDAQ,0.87,9290,1551485190,169557,407544533560,
1050,240810,원익IPS,KOSDAQ,0.87,116100,133747687600,1162753,5698640906100,
1051,384470,코어라인소프트,KOSDAQ,0.87,2900,125007410,44078,52045406800,
1052,032190,다우데이타,KOSDAQ,0.86,17600,995429005,56664,674080000000,
1053,005940,NH투자증권,KOSPI,0.85,29750,18125726150,610350,10983881623750,
1054,084690,대상홀딩스,KOSPI,0.85,7130,183860935,25831,258195395940,
1055,036640,HRS,KOSDAQ,0.85,4755,81068235,17206,77767074000,
1056,293780,압타바이오,KOSDAQ,0.85,4145,215056760,51722,116447163725,
1057,273060,와이즈버즈,KOSDAQ,0.85,830,36152791,44131,41881453060,
1058,396690,미래에셋글로벌리츠,KOSPI,0.84,1677,148324621,89303,66419161380,
1059,033240,자화전자,KOSPI,0.84,23900,1663730250,69875,516371497800,
1060,109070,주성코퍼레이션,KOSPI,0.84,1324,324341912,253874,69920744520,
1061,042940,상지건설,KOSDAQ,0.84,5970,326376820,55450,40767410640,
1062,096250,와이즈넛,KOSDAQ,0.84,6000,160465285,27729,78639654000,
1063,360350,코셈,KOSDAQ,0.84,7220,98657730,13983,39262143400,
1064,026150,특수건설,KOSDAQ,0.84,3610,128394299,36517,63342254910,
1065,003460,유화증권,KOSPI,0.83,3050,160755830,52791,172942365750,
1066,127980,화인써키트,KOSDAQ,0.83,3045,17251985,5762,36054882780,
1067,249420,일동제약,KOSPI,0.82,13600,1492166650,110466,430280227200,
1068,025540,한국단자,KOSPI,0.82,61500,1233477600,20176,622072500000,
1069,489500,엘케이켐,KOSDAQ,0.82,18390,225385950,12438,117534866820,
1070,097520,엠씨넥스,KOSPI,0.81,17360,791515700,45889,302090040000,
1071,063570,NICE인프라,KOSDAQ,0.81,3105,38845769,12533,106028695440,
1072,293580,나우IB,KOSDAQ,0.81,1240,306940351,249700,117713138000,
1073,071280,로체시스템즈,KOSDAQ,0.81,6190,450310860,73287,94685972570,
1074,069510,에스텍,KOSDAQ,0.81,12420,61269745,4971,135502200000,
1075,046120,오르비텍,KOSDAQ,0.81,4355,1015975105,235431,147440410715,
1076,403490,우듬지팜,KOSDAQ,0.81,499,27655535,56189,22920299536,
1077,080010,이상네트웍스,KOSDAQ,0.81,7470,158963590,21424,73467980370,
1078,271560,오리온,KOSPI,0.79,128000,12792999500,100046,5059684864000,
1079,066670,디티씨,KOSDAQ,0.79,2540,25066485,9918,47477471720,
1080,458650,성우,KOSDAQ,0.79,7700,225077300,30048,115851659000,
1081,00104K,CJ4우전환,KOSPI,0.78,128800,1251276900,9867,544374745600,
1082,378800,샤페론,KOSDAQ,0.78,518,564317311,1129141,23953890058,
1083,143160,아이디스,KOSDAQ,0.78,15440,282631250,18389,165461061600,
1084,124500,아이티센글로벌,KOSDAQ,0.78,19350,1688030200,88305,449007597450,
1085,086060,진바이오텍,KOSDAQ,0.78,5150,140029890,27572,44344523050,
1086,001515,SK증권우,KOSPI,0.77,3930,19171550,4918,7688090010,
1087,011780,금호석유화학,KOSPI,0.77,118000,5249082450,44836,2968564350000,
1088,119610,인터로조,KOSDAQ,0.77,14360,1003577190,71139,163901406920,
1089,033050,제이엠아이,KOSDAQ,0.77,783,8793248,11273,24930193824,
1090,036930,주성엔지니어링,KOSDAQ,0.77,169200,195850232750,1174123,7864605673200,
1091,451800,한화리츠,KOSPI,0.76,4640,379580705,82347,833344000000,
1092,037350,성도이엔지,KOSDAQ,0.76,8000,1166600405,146939,121680000000,
1093,003120,일성아이에스,KOSPI,0.75,20200,176114730,8813,268660000000,
1094,950190,고스트스튜디오,KOSDAQ,0.75,9430,491406480,52467,122750866370,
1095,042500,링네트,KOSDAQ,0.75,4015,324629965,81623,89498943160,
1096,005990,매일홀딩스,KOSDAQ,0.75,10680,18255280,1725,142025886720,
1097,215600,신라젠,KOSDAQ,0.75,2020,895916436,445700,279878199280,
1098,342870,오아,KOSDAQ,0.75,4050,11991185,3022,22073297850,
1099,032940,원익,KOSDAQ,0.75,5340,462547600,86718,97151848200,
1100,006570,대림통상,KOSPI,0.74,2030,48507294,23807,30906750000,
1101,075970,동국알앤에스,KOSDAQ,0.74,1637,22200154,13675,30120800000,
1102,200710,에이디테크놀로지,KOSDAQ,0.74,27200,3501704425,128981,366166590400,
1103,036810,에프에스티,KOSDAQ,0.74,20350,2011729960,100413,440573206150,
1104,432470,케이엔에스,KOSDAQ,0.74,6850,95405080,14418,60085158600,
1105,484870,엠앤씨솔루션,KOSPI,0.73,20750,360775030,17655,189943425000,
1106,003200,일신방직,KOSPI,0.73,9670,242915380,25219,222023200000,
1107,009180,한솔로지스틱스,KOSPI,0.73,2745,200068850,74137,77287739625,
1108,086900,메디톡스,KOSDAQ,0.73,69000,2000086450,29058,503596293000,
1109,004690,삼천리,KOSPI,0.72,111900,771643100,6957,405836346300,
1110,015750,성우하이텍,KOSDAQ,0.72,5590,996779190,178767,447200000000,
1111,255440,야스,KOSDAQ,0.72,6990,84586770,12269,91275420000,
1112,452300,캡스톤파트너스,KOSDAQ,0.72,2105,210446450,99929,29826808025,
1113,064760,티씨케이,KOSDAQ,0.72,209500,10612370300,51341,2342087652000,
1114,137400,피엔티,KOSDAQ,0.72,27950,2835868275,102774,662155847600,
1115,37550K,DL이앤씨우,KOSPI,0.71,21250,34087125,1599,44920056250,
1116,035720,카카오,KOSPI,0.71,35300,46316799800,1313524,15637231771000,
1117,011040,경동제약,KOSDAQ,0.71,4970,79810395,16215,152920767020,
1118,353190,휴럼,KOSDAQ,0.71,2850,40402525,14225,22445699400,
1119,357250,미래에셋맵스리츠,KOSPI,0.70,1870,39283895,21073,46740846350,
1120,105840,우진,KOSPI,0.70,13030,1292860465,99942,263175640100,
1121,180400,DXVX,KOSDAQ,0.70,2155,116187300,54350,212115425960,
1122,149950,아바텍,KOSDAQ,0.70,8670,761636170,88969,118498985010,
1123,119850,지엔씨에너지,KOSDAQ,0.70,35750,14204918150,399185,588048496750,
1124,267290,경동도시가스,KOSPI,0.69,19080,105305125,5521,112484346480,
1125,023000,삼원강재,KOSPI,0.69,2185,48228019,22187,86831803860,
1126,007610,선도전기,KOSPI,0.69,4380,2026164680,466324,78840000000,
1127,038070,서린바이오,KOSDAQ,0.69,4355,25781302,5966,40504443980,
1128,054950,제이브이엠,KOSDAQ,0.69,22000,424058750,19309,265977624000,
1129,137950,제이씨케미칼,KOSDAQ,0.69,2920,164644240,57027,65022016880,
1130,114810,한솔아이원스,KOSDAQ,0.69,11650,1399032705,122507,327867977100,
1131,298000,효성화학,KOSPI,0.68,59300,2879622950,49334,224854392300,
1132,304100,솔트룩스,KOSDAQ,0.68,10320,255142520,24910,129968583600,
1133,126700,하이비젼시스템,KOSDAQ,0.68,8850,1359774745,156960,132237691200,
1134,006840,AK홀딩스,KOSPI,0.67,6050,75817350,12741,80147744050,
1135,329180,HD현대중공업,KOSPI,0.67,451500,117553788750,263320,47389993087500,
1136,003545,대신증권우,KOSPI,0.67,19540,865960530,44457,476450346360,
1137,003350,한국화장품제조,KOSPI,0.67,7530,307491125,41709,170629800000,
1138,066910,손오공,KOSDAQ,0.67,2990,43169111318,13038891,40026029680,
1139,098070,한텍,KOSDAQ,0.67,22650,666713925,29416,251893843650,
1140,004560,현대비앤지스틸,KOSPI,0.66,10710,365350785,34297,161494065810,
1141,021040,대호특수강,KOSDAQ,0.66,916,27104393,29894,19881572984,
1142,263020,디케이앤디,KOSDAQ,0.66,3055,98996150,32842,42269426030,
1143,300120,라온피플,KOSDAQ,0.66,461,35056182,76046,22821351376,
1144,260660,알리코제약,KOSDAQ,0.66,2305,87009365,37998,35328783405,
1145,192390,윈하이텍,KOSDAQ,0.66,1834,38953240,21109,20233107986,
1146,229000,젠큐릭스,KOSDAQ,0.66,1516,155861885,102095,35517098140,
1147,027050,코리아나,KOSDAQ,0.66,1363,124485971,92300,54520000000,
1148,222110,팬젠,KOSDAQ,0.66,4595,43502180,9680,62099168855,
1149,282330,BGF리테일,KOSPI,0.65,123700,5771660728,46588,2138019172200,
1150,299170,더블유에스아이,KOSDAQ,0.65,1244,170850034,139805,51640042272,
1151,100590,머큐리,KOSDAQ,0.65,3090,308025473,101581,52961194050,
1152,102710,이엔에프테크놀로지,KOSDAQ,0.65,39000,3599468250,92898,557225604000,
1153,037330,인지디스플레,KOSDAQ,0.65,932,24730102,27553,40901028768,
1154,025770,한국정보통신,KOSDAQ,0.65,7770,228106310,29581,290941985670,
1155,003555,LG우,KOSPI,0.64,63000,294653400,4692,189705537000,
1156,000640,동아쏘시오홀딩스,KOSPI,0.64,78900,554981900,7105,531196380300,
1157,112290,와이씨켐,KOSDAQ,0.64,9410,928155090,100480,190280456900,
1158,071850,캐스텍코리아,KOSDAQ,0.63,1427,342712,245,34620358526,
1159,323280,태성,KOSDAQ,0.63,32200,8319545550,262322,983322956000,
1160,108675,LX하우시스우,KOSPI,0.62,16240,10715250,664,16765039200,
1161,084670,동양고속,KOSPI,0.62,24250,779419900,32883,70217548250,
1162,003030,세아제강지주,KOSPI,0.62,97100,2716340450,28307,402154894700,
1163,101360,에코앤드림,KOSDAQ,0.62,6510,306335140,47728,115787602140,
1164,048530,인트론바이오,KOSDAQ,0.62,2435,128458015,53811,75221430730,
1165,005320,온타이드,KOSPI,0.61,828,18934363,23060,28307535660,
1166,003475,유안타증권우,KOSPI,0.61,4105,96790586,23707,52590673850,
1167,023600,삼보판지,KOSDAQ,0.61,8300,27413175,3344,132868890000,
1168,460860,동국제강,KOSPI,0.60,8390,1201796755,144624,416211262630,
1169,118990,모트렉스,KOSDAQ,0.60,5050,326035485,65508,123913723550,
1170,007330,푸른저축은행,KOSDAQ,0.60,10070,102232860,10209,151883796000,
1171,003540,대신증권,KOSPI,0.59,25450,1408622675,55519,1213102906700,
1172,018880,한온시스템,KOSPI,0.59,3405,12471852446,3710306,3494423989560,
1173,227840,현대코퍼레이션홀딩스,KOSPI,0.59,12000,96427945,8023,109210032000,
1174,095500,미래나노텍,KOSDAQ,0.59,6860,757607670,111094,212728593140,
1175,111770,영원무역,KOSPI,0.58,86800,4023589400,46360,3846235422400,
1176,000100,유한양행,KOSPI,0.58,69600,12891777250,185984,5543473029600,
1177,088350,한화생명,KOSPI,0.58,4340,8371996620,1934741,3769420200000,
1178,060540,에스에이티,KOSDAQ,0.58,1049,19389833,18639,27413447766,
1179,088390,이녹스,KOSDAQ,0.58,6890,66181650,9671,64668465160,
1180,002420,세기상사,KOSPI,0.57,5250,46477940,8914,31342227000,
1181,352090,스톰테크,KOSDAQ,0.57,3515,56587837,16192,94458587970,
1182,131400,이브이첨단소재,KOSDAQ,0.57,702,235331431,342636,41833501164,
1183,010780,아이에스동서,KOSPI,0.56,18060,1140385095,63524,545176786560,
1184,086960,MDS테크,KOSDAQ,0.56,1809,346525082,194107,76934364030,
1185,041920,메디아나,KOSDAQ,0.56,8990,471128690,52686,167198024770,
1186,432980,엠에프씨,KOSDAQ,0.56,2690,4702635,1772,23111785980,
1187,052420,오성첨단소재,KOSDAQ,0.56,8910,415257955,47013,86801300190,
1188,115180,큐리언트,KOSDAQ,0.56,16250,2361997310,148459,609553766250,
1189,032350,롯데관광개발,KOSPI,0.55,11050,4673643895,428435,880966310900,
1190,496070,신한제16호스팩,KOSDAQ,0.55,2000,11796537,5912,11240000000,
1191,452400,이닉스,KOSDAQ,0.55,5490,93385410,16878,49802139720,
1192,070590,인티큐브,KOSDAQ,0.55,1639,5939064,3666,22748534919,
1193,004650,창해에탄올,KOSDAQ,0.55,9210,186533030,20134,84648050850,
1194,039570,HDC랩스,KOSPI,0.54,7510,66215590,8920,194941583510,
1195,006800,미래에셋증권,KOSPI,0.54,37250,66244208775,1800549,20843866280000,
1196,104700,한국철강,KOSPI,0.54,9230,121300715,13185,336433500000,
1197,089980,상아프론테크,KOSDAQ,0.54,13070,732555630,57713,208976713590,
1198,068330,일신바이오,KOSDAQ,0.54,930,93270097,100745,41121010200,
1199,033340,좋은사람들,KOSDAQ,0.54,373,2021566758,5664998,36162558134,
1200,106240,파인테크닉스,KOSDAQ,0.54,1307,124517039,92214,31207683380,
1201,189860,서전기전,KOSDAQ,0.53,3800,178266995,47212,36855364000,
1202,060590,씨티씨바이오,KOSDAQ,0.53,2855,66021815,23355,69036812100,
1203,499790,GS피앤엘,KOSPI,0.52,38700,1593817625,41090,767453546700,
1204,134790,시디즈,KOSPI,0.52,19370,28092520,1447,38740000000,
1205,403850,더핑크퐁컴퍼니,KOSDAQ,0.52,9740,604105020,62193,139778837400,
1206,318160,셀바이오휴먼텍,KOSDAQ,0.52,5770,92615090,16446,53877450010,
1207,314140,알피바이오,KOSDAQ,0.52,5760,23481400,4136,49918239360,
1208,097955,CJ제일제당우,KOSPI,0.51,118700,302128800,2562,157566297100,
1209,003960,사조대림,KOSPI,0.51,29550,110388050,3742,270809999850,
1210,022100,포스코DX,KOSPI,0.51,17600,8105968245,463505,2675811230400,
1211,351320,넥사다이내믹스,KOSDAQ,0.51,985,30096844,31231,29253162370,
1212,092070,디엔에프,KOSDAQ,0.51,11800,152843825,13085,136547924400,
1213,280360,롯데웰푸드,KOSPI,0.50,100500,1742728200,17318,925059687000,
1214,489730,디비금융제13호스팩,KOSDAQ,0.50,2020,15902341,7907,12790640000,
1215,083650,비에이치아이,KOSDAQ,0.50,40550,7031867250,175334,1254794406250,
1216,0115H0,삼성스팩13호,KOSDAQ,0.50,1997,14212037,7149,14677950000,
1217,054540,삼영엠텍,KOSDAQ,0.50,6030,391460890,65145,78390000000,
1218,466690,키움히어로제1호스팩,KOSDAQ,0.50,2010,944020,472,10240950000,
1219,290090,트윔,KOSDAQ,0.50,4000,6646970,1663,29762272000,
1220,115160,휴맥스,KOSDAQ,0.50,6090,63899465,10330,26260944780,
1221,008420,문배철강,KOSPI,0.49,2045,71673010,35060,41929667725,
1222,000087,하이트진로2우B,KOSPI,0.49,12300,50536830,4122,13900697400,
1223,309960,LB인베스트먼트,KOSDAQ,0.49,4125,138333940,34117,95771110875,
1224,482520,교보16호스팩,KOSDAQ,0.49,2035,53055805,26154,12413500000,
1225,482690,대신밸런스제19호스팩,KOSDAQ,0.49,2070,348395,169,11623050000,
1226,056090,시지메드텍,KOSDAQ,0.49,1035,433212174,420517,106873102260,
1227,191420,테고사이언스,KOSDAQ,0.49,6150,23059710,3820,49869329100,
1228,003547,대신증권2우B,KOSPI,0.48,18990,141490160,7474,182430587340,
1229,001795,대한제당우,KOSPI,0.48,2100,132523747,64461,13613796000,
1230,094800,맵스리얼티,KOSPI,0.48,6300,182631200,29252,584856285300,
1231,330350,위더스제약,KOSDAQ,0.48,6280,1549645205,241415,82893990400,
1232,017670,SK텔레콤,KOSPI,0.47,85100,71635300150,853354,18278633510300,
1233,00806K,대덕1우,KOSPI,0.47,10730,12769600,1190,13008590610,
1234,012800,대창,KOSPI,0.47,1078,261355857,244296,98249457922,
1235,024090,디씨엠,KOSPI,0.47,10790,42008680,3919,123006000000,
1236,272550,삼양패키징,KOSPI,0.47,8630,245647710,28805,130040343780,
1237,063160,종근당바이오,KOSPI,0.47,12850,58497795,4586,70494611700,
1238,052460,아이크래프트,KOSDAQ,0.47,3210,2322018985,691451,46891474560,
1239,027360,아주IB투자,KOSDAQ,0.47,3190,2310102036,735700,386453845140,
1240,465480,인스피언,KOSDAQ,0.47,3220,34620675,11131,32643625840,
1241,178920,PI첨단소재,KOSPI,0.46,17510,819993735,47487,514204298220,
1242,439260,대한조선,KOSPI,0.46,43650,1998084200,46081,1662573064500,
1243,017960,한국카본,KOSPI,0.46,22050,3661633750,167940,1139466516300,
1244,052690,한전기술,KOSPI,0.46,87400,8999120900,103074,3340428000000,
1245,011760,현대코퍼레이션,KOSPI,0.46,22000,613471975,28232,291037252000,
1246,222980,한국맥널티,KOSDAQ,0.46,2185,31185235,14297,24103790355,
1247,00499K,롯데지주우,KOSPI,0.45,22200,7744100,351,17884386600,
1248,133750,메가엠디,KOSDAQ,0.45,1326,22795952,17307,31037784102,
1249,010280,아이티센엔텍,KOSDAQ,0.45,4495,146032295,33154,58546282715,
1250,148930,에이치와이티씨,KOSDAQ,0.45,3330,141669563,42655,33883459290,
1251,012620,원일특강,KOSDAQ,0.45,6730,5932360,883,29612000000,
1252,066360,체리부로,KOSDAQ,0.45,674,47800824,71532,32319658110,
1253,356860,티엘비,KOSDAQ,0.45,33500,9810202175,299695,329393105000,
1254,002820,SUNL,KOSPI,0.44,2285,33473690,15123,28809254865,
1255,268280,미원에스씨,KOSPI,0.44,114100,233901750,2084,570500000000,
1256,014440,영보화학,KOSPI,0.44,4515,100892504,22456,90300000000,
1257,181710,NHN,KOSPI,0.43,34800,1920157700,54780,1139809237200,
1258,025530,SJM홀딩스,KOSPI,0.43,3505,19758625,5684,52343698040,
1259,002600,조흥,KOSPI,0.43,138600,830200,6,83160000000,
1260,009835,한화솔루션우,KOSPI,0.43,16370,191748350,11909,42158463130,
1261,066430,아이로보틱스,KOSDAQ,0.43,1867,12364709018,5888230,73099539692,
1262,317330,덕산테코피아,KOSDAQ,0.42,9650,461546190,48636,197599035600,
1263,241520,DSC인베스트먼트,KOSDAQ,0.41,7410,1075676985,145103,197106000000,
1264,0072Z0,KB제33호스팩,KOSDAQ,0.41,1982,26179406,13248,15628070000,
1265,263810,상신전자,KOSDAQ,0.41,2450,136980145,55794,39015821250,
1266,049520,유아이엘,KOSDAQ,0.41,3645,148405395,41060,112421368125,
1267,011150,CJ씨푸드,KOSPI,0.40,2005,121478665,60543,72041199865,
1268,019685,대교우B,KOSPI,0.40,744,9476631,12896,14453680560,
1269,049960,쎌바이오텍,KOSDAQ,0.40,15040,101929980,6818,141376000000,
1270,336570,원텍,KOSDAQ,0.40,5020,2505463563,499453,448188842920,
1271,083550,케이엠,KOSDAQ,0.40,2530,40463245,16235,34297097450,
1272,258610,케일럼,KOSDAQ,0.40,1014,46307887,45448,36995853882,
1273,032560,황금에스티,KOSPI,0.39,5190,115836890,22263,88230000000,
1274,019660,글로본,KOSDAQ,0.39,1818,41453257,23924,25350797394,
1275,033500,동성화인텍,KOSDAQ,0.39,15450,981762710,63929,463337682300,
1276,243070,휴온스,KOSDAQ,0.39,25550,403511850,16012,306080440750,
1277,015590,DKME,KOSPI,0.38,1869,118809549,64291,99797699652,
1278,017550,수산세보틱스,KOSPI,0.38,1592,513864886,325538,99339414960,
1279,264900,크라운제과,KOSPI,0.38,8030,57048365,7156,100566515500,
1280,235980,메드팩토,KOSDAQ,0.38,2625,176482300,66749,89972192625,
1281,036170,에이치엠넥스,KOSDAQ,0.38,2660,716309856,272312,163232565160,
1282,080220,제주반도체,KOSDAQ,0.38,78300,105427579600,1358511,2696873823900,
1283,480370,씨케이솔루션,KOSPI,0.37,1099,69394402,63217,35697067392,
1284,000150,두산,KOSPI,0.36,1123000,53626661000,47941,18185676705000,
1285,317850,대모,KOSDAQ,0.36,5510,130836290,23782,45867554200,
1286,065660,안트로젠,KOSDAQ,0.36,16870,1072363770,64588,168802907000,
1287,095570,AJ네트웍스,KOSPI,0.35,4300,334103535,78392,194586863700,
1288,032620,GC메디아이,KOSDAQ,0.35,2875,178438500,62432,150066774625,
1289,318410,비비씨,KOSDAQ,0.35,5790,37609300,6568,32164856970,
1290,0071M0,삼성스팩11호,KOSDAQ,0.35,2000,4814731,2419,11520000000,
1291,0096B0,삼성스팩12호,KOSDAQ,0.35,1988,5742686,2903,13081040000,
1292,0105P0,유진스팩12호,KOSDAQ,0.35,2005,100088018,50044,11348300000,
1293,489480,키움제11호스팩,KOSDAQ,0.35,2022,1149352,569,13345200000,
1294,450330,하스,KOSDAQ,0.35,4285,13731180,3336,35080622255,
1295,000105,유한양행우,KOSPI,0.34,58200,67146000,1164,68730708000,
1296,094280,효성ITX,KOSPI,0.34,11880,150885580,12689,137311416000,
1297,484590,삼양컴텍,KOSDAQ,0.34,5930,683231470,117176,244377968500,
1298,049480,오픈베이스,KOSDAQ,0.34,1751,415268348,237954,55020592633,
1299,051905,LG생활건강우,KOSPI,0.33,90800,379837800,4165,190340317200,
1300,001275,부국증권우,KOSPI,0.33,30200,17475000,580,90600000000,
1301,226400,오스테오닉,KOSDAQ,0.33,4575,201512410,44557,94526824575,
1302,000157,두산2우B,KOSPI,0.32,313000,80883000,261,279520894000,
1303,086890,이수앱지스,KOSDAQ,0.32,3100,256658714,83014,126402320200,
1304,108380,대양전기공업,KOSDAQ,0.31,16290,461958200,28467,155851854570,
1305,079960,동양이엔피,KOSDAQ,0.31,19300,550287180,28735,151698000000,
1306,033130,디지틀조선,KOSDAQ,0.31,1971,297285399,152362,73154191257,
1307,073570,리튬포어스,KOSDAQ,0.31,1604,28458670,17879,19307874112,
1308,032280,삼일,KOSDAQ,0.31,1294,78681994,61477,20980385460,
1309,021050,서원,KOSPI,0.30,1003,88876960,89065,47617013770,
1310,008470,부스타,KOSDAQ,0.30,3360,125837805,38231,28240128000,
1311,335870,윙스풋,KOSDAQ,0.30,1011,28758553,28290,16934728203,
1312,251270,넷마블,KOSPI,0.29,35000,5649985250,161266,2867709985000,
1313,095660,네오위즈,KOSDAQ,0.29,17150,763770940,44336,371065271850,
1314,424960,스마트레이더시스템,KOSDAQ,0.29,3430,131744446,39075,56543927300,
1315,008350,남선알미늄,KOSPI,0.28,1069,906264088,862957,137985547210,
1316,003650,미창석유,KOSPI,0.28,142900,524049800,3713,248599128800,
1317,034830,한국토지신탁,KOSPI,0.28,1091,176094493,160948,275465749930,
1318,078150,HB테크놀러지,KOSDAQ,0.28,1800,1102859106,616360,166888648800,
1319,289930,웨이비스,KOSDAQ,0.28,7050,1005051820,143919,92700520500,
1320,067000,조이시티,KOSDAQ,0.28,1056,245667311,235052,73818038976,
1321,005090,SGC에너지,KOSPI,0.27,37750,1280190825,34084,543952320750,
1322,018290,브이티,KOSDAQ,0.27,11190,1477197065,131654,390999167220,
1323,170790,파이오링크,KOSDAQ,0.27,7380,75596310,10386,47212332300,
1324,338100,NH프라임리츠,KOSPI,0.26,3810,101620278,26683,71094600000,
1325,060250,NHNKCP,KOSDAQ,0.26,11600,2070566960,178906,465863087600,
1326,051390,YW,KOSDAQ,0.26,3800,13049850,3444,43150398400,
1327,206650,유바이오로직스,KOSDAQ,0.26,7620,1524170290,200814,280052579340,
1328,011390,부산산업,KOSPI,0.25,40150,79485300,1996,42398400000,
1329,126720,수산인더스트리,KOSPI,0.25,20400,560511850,27481,291434400000,
1330,376270,HEM파마,KOSDAQ,0.25,39400,352702600,9098,284041967800,
1331,486630,KB제30호스팩,KOSDAQ,0.25,2030,15760350,7774,10779300000,
1332,171120,라이온켐텍,KOSDAQ,0.25,2010,61985228,31046,72162537600,
1333,0130H0,엔에이치스팩33호,KOSDAQ,0.25,2000,2313879,1160,15400000000,
1334,309930,조이웍스앤코,KOSDAQ,0.25,812,47654089,58698,15635781868,
1335,900310,컬러레이,KOSDAQ,0.25,2020,24521010,12242,25872836700,
1336,484130,하나34호스팩,KOSDAQ,0.25,2035,1010525,499,9198200000,
1337,030520,한글과컴퓨터,KOSDAQ,0.25,15810,1035952015,65204,382281752640,
1338,070960,모나용평,KOSPI,0.24,2100,196344290,94956,101079999300,
1339,090460,비에이치,KOSPI,0.24,16540,2969367300,181790,557588838520,
1340,041650,상신브레이크,KOSPI,0.24,2130,10008755,4737,45734188500,
1341,139990,아주스틸,KOSPI,0.24,2050,53871133,26773,79448598700,
1342,003240,태광산업,KOSPI,0.24,823000,2647101500,3222,916328200000,
1343,003010,혜인,KOSPI,0.24,4210,125745134,30137,53520664870,
1344,477760,DB금융스팩12호,KOSDAQ,0.24,2055,29409572,14340,12001200000,
1345,095190,신화프리텍,KOSDAQ,0.24,2055,946043004,450719,134110249410,
1346,0008Z0,에스엔시스,KOSDAQ,0.24,21100,567798875,27366,199111500400,
1347,450520,인스웨이브,KOSDAQ,0.24,1704,15789998,9379,25056600912,
1348,430690,한싹,KOSDAQ,0.24,2095,68602931,32774,22825661880,
1349,083450,GST,KOSDAQ,0.23,43300,3687699225,85815,798019000000,
1350,347890,엠엑스온,KOSDAQ,0.23,4280,115556950,27651,72816513120,
1351,001530,DI동일,KOSPI,0.22,22550,724323200,32319,467137253550,
1352,058850,KTcs,KOSPI,0.22,2230,124498505,55882,92331923500,
1353,067830,세이브존IC,KOSPI,0.22,2300,36304560,15967,94394058500,
1354,217270,넵튠,KOSDAQ,0.22,2230,65913380,29934,104220483890,
1355,072470,우리산업홀딩스,KOSDAQ,0.22,2250,40052840,17887,42496517250,
1356,044450,KSS해운,KOSPI,0.21,9740,486990575,49847,224856471200,
1357,005300,롯데칠성,KOSPI,0.21,96800,1740236600,17924,898195971200,
1358,004080,신흥,KOSPI,0.21,14030,14796460,1056,130479000000,
1359,010470,오리콤,KOSDAQ,0.21,4785,25912070,5451,57300614250,
1360,088290,이원컴포텍,KOSDAQ,0.21,2340,15790775,6964,18664008480,
1361,216050,인크로스,KOSDAQ,0.21,4750,103682063,22056,57943454500,
1362,267250,HD현대,KOSPI,0.20,198000,30815556700,155840,15640630830000,
1363,214420,토니모리,KOSPI,0.20,4920,573772922,116561,118349611080,
1364,004020,현대제철,KOSPI,0.20,25300,10430300475,416728,3376178360500,
1365,122450,KX,KOSDAQ,0.20,2540,95759044,37924,113842378360,
1366,0132G0,교보20호스팩,KOSDAQ,0.20,1991,1755986,884,11886270000,
1367,0097F0,미래에셋비전스팩10호,KOSDAQ,0.20,1999,15059985,7541,12993500000,
1368,0044K0,삼성스팩10호,KOSDAQ,0.20,1988,770112,388,14949760000,
1369,073560,우리손에프앤지,KOSDAQ,0.20,1513,177476347,118201,104756553859,
1370,034590,인천도시가스,KOSPI,0.19,26250,49737475,1903,114837292500,
1371,009410,태영건설,KOSPI,0.19,1577,203005414,128618,469299553006,
1372,151860,KG에코솔루션,KOSDAQ,0.19,5190,206207205,39803,247059580380,
1373,073490,LIG아큐버,KOSDAQ,0.19,26100,1206555725,46772,198460380600,
1374,417200,LS머트리얼즈,KOSDAQ,0.19,10780,5017534505,472717,729295664020,
1375,142280,녹십자엠에스,KOSDAQ,0.19,2630,242815225,93370,63022771530,
1376,036670,삼양케이씨아이,KOSDAQ,0.19,5170,65953130,12850,55630234000,
1377,012790,신일제약,KOSDAQ,0.19,5200,60680665,11663,62329358000,
1378,025880,케이씨피드,KOSDAQ,0.19,2610,137034720,53455,43628389380,
1379,003830,대한화섬,KOSPI,0.18,109200,5320800,49,145017600000,
1380,003720,삼영,KOSPI,0.18,5700,695577960,123770,193800000000,
1381,130580,나이스디앤비,KOSDAQ,0.18,5420,13640830,2531,83468000000,
1382,281740,레이크머티리얼즈,KOSDAQ,0.18,11170,2406753580,217221,734210221160,
1383,408920,메쎄이상,KOSDAQ,0.18,2830,61682155,21990,122347847650,
1384,126340,비나텍,KOSDAQ,0.18,55800,5734197400,104125,400667101200,
1385,092190,서울바이오시스,KOSDAQ,0.18,5600,676329690,122126,256862944800,
1386,262260,에이프로,KOSDAQ,0.18,2740,190342850,71822,41312788400,
1387,322310,오로스테크놀로지,KOSDAQ,0.18,16560,1005567675,61712,155109935520,
1388,038010,제일테크노스,KOSDAQ,0.18,5530,129566220,23959,49770000000,
1389,091700,파트론,KOSDAQ,0.18,5670,468091160,82339,283500000000,
1390,400760,NH올원리츠,KOSPI,0.17,2980,84678580,28638,163689239500,
1391,005490,POSCO홀딩스,KOSPI,0.17,303000,75914297000,254065,24010182681000,
1392,035760,CJENM,KOSDAQ,0.17,28900,1701160100,58837,633752550600,
1393,036010,아비코전자,KOSDAQ,0.17,5820,583597620,101297,77364875880,
1394,333430,일승,KOSDAQ,0.17,2970,162911279,55458,91258438590,
1395,204610,티쓰리,KOSDAQ,0.17,2905,419909710,146003,161289144100,
1396,041440,현대에버다임,KOSDAQ,0.17,6010,426969750,71783,107228689120,
1397,001045,CJ우,KOSPI,0.16,64400,93405100,1451,145558361200,
1398,037270,YGPLUS,KOSPI,0.16,3120,544050035,175233,198628903200,
1399,009450,경동나비엔,KOSPI,0.16,62800,1562297350,24824,914907577600,
1400,092440,기신정기,KOSPI,0.16,1889,49800011,26783,55158800000,
1401,001070,대한방직,KOSPI,0.16,6150,13641810,2234,32595000000,
1402,278650,HLB바이오스텝,KOSDAQ,0.16,1892,319973438,167787,32982093232,
1403,039030,이오테크닉스,KOSDAQ,0.16,317500,46229194000,150082,3911457125000,
1404,043910,자연과환경,KOSDAQ,0.16,3120,53349760,17307,35378132400,
1405,047820,초록뱀미디어,KOSDAQ,0.16,3190,43214854,13710,78008036700,
1406,053620,태양,KOSDAQ,0.16,6440,32863670,5140,55384000000,
1407,007810,코리아써키트,KOSPI,0.15,66000,8536225000,129970,1582852920000,
1408,121440,골프존홀딩스,KOSDAQ,0.15,6660,4113162505,617024,285293207880,
1409,203650,드림시큐리티,KOSDAQ,0.15,1945,1792184321,931450,197815221380,
1410,0096D0,미래에셋비전스팩9호,KOSDAQ,0.15,1983,18240870,9211,10906500000,
1411,0068Y0,비엔케이제3호스팩,KOSDAQ,0.15,1988,517118,260,8568280000,
1412,053280,예스24,KOSDAQ,0.15,3235,49431038,15288,80875000000,
1413,065440,이루온,KOSDAQ,0.15,1319,110276500,84579,35975751380,
1414,0101C0,하나36호스팩,KOSDAQ,0.15,1995,3513130,1763,15441300000,
1415,011420,갤럭시아에스엠,KOSPI,0.14,1384,32464239,23469,38128707296,
1416,317870,엔바이오니아,KOSDAQ,0.14,3685,22408960,6079,32582383075,
1417,092130,이크레더블,KOSDAQ,0.14,14060,37334930,2649,169333016000,
1418,104480,티케이케미칼,KOSDAQ,0.14,1477,354853210,242214,134252556018,
1419,003000,부광약품,KOSPI,0.13,3755,1183638429,314676,370485839605,
1420,128940,한미약품,KOSPI,0.13,372500,28221703250,75967,4772094147500,
1421,001500,현대차증권,KOSPI,0.13,7800,555123775,71345,482297743200,
1422,067990,도이치모터스,KOSDAQ,0.13,3905,325386065,84572,113953952750,
1423,290520,신도기연,KOSDAQ,0.13,1518,29768359,19589,23887496952,
1424,039010,현대에이치티,KOSDAQ,0.13,7510,468482200,63725,64773750000,
1425,001390,KG케미칼,KOSPI,0.12,4015,546154040,136925,269940615450,
1426,121600,나노신소재,KOSDAQ,0.12,40300,1608077275,40254,494166297300,
1427,013810,스페코,KOSDAQ,0.12,1708,37091746,21876,25031542760,
1428,243840,신흥에스이씨,KOSDAQ,0.12,4120,640540745,156859,158859928200,
1429,222420,쎄노텍,KOSDAQ,0.12,841,113233940,135718,40719977843,
1430,275630,에스에스알,KOSDAQ,0.12,4030,38666115,9712,21172846240,
1431,083310,엘오티베큠,KOSDAQ,0.12,8130,635512490,79645,144795568290,
1432,109740,디에스케이,KOSDAQ,0.11,4710,83576180,17667,121095936900,
1433,046390,삼화네트웍스,KOSDAQ,0.11,1892,136228840,71791,32673275316,
1434,024830,세원물산,KOSDAQ,0.11,8770,2377230,275,73229500000,
1435,035810,이지홀딩스,KOSDAQ,0.11,4355,710782299,163837,280967985675,
1436,053050,지에스이,KOSDAQ,0.11,1854,142285004,76569,55597004838,
1437,256150,한독크린텍,KOSDAQ,0.11,4450,6423390,1448,37357750000,
1438,061250,화일약품,KOSDAQ,0.11,8790,157872340,18073,73990563360,
1439,003160,디아이,KOSPI,0.10,19690,3879708030,199716,557227000000,
1440,027740,마니커,KOSPI,0.10,994,72665754,73606,31565080316,
1441,0098T0,교보19호스팩,KOSDAQ,0.10,1991,1598501,803,10751400000,
1442,900070,글로벌에스엠,KOSDAQ,0.10,1000,19908751,19853,26871984000,
1443,263690,디알젬,KOSDAQ,0.10,4905,59577555,12233,55552117050,
1444,0165X0,메리츠제2호스팩,KOSDAQ,0.10,1948,91570513,47022,14103520000,
1445,0099W0,미래에셋비전스팩11호,KOSDAQ,0.10,2000,5736529,2872,14000000000,
1446,487830,신한제15호스팩,KOSDAQ,0.10,2012,6273229,3120,8752200000,
1447,0131D0,키움히어로제2호스팩,KOSDAQ,0.10,1972,24564766,12472,12443320000,
1448,378340,필에너지,KOSDAQ,0.10,9970,695176875,70914,215789503540,
1449,469900,하나31호스팩,KOSDAQ,0.10,2082,528342,254,11669610000,
1450,047080,한빛소프트,KOSDAQ,0.10,1041,62160266,61000,25840078842,
1451,237690,에스티팜,KOSDAQ,0.09,114000,10445190100,91570,2379845532000,
1452,065530,와이어블,KOSDAQ,0.09,1059,40244509,38430,50661245781,
1453,003520,영진약품,KOSPI,0.08,1182,285234882,240633,216179208042,
1454,002785,진흥기업우B,KOSPI,0.08,1284,9121151,7186,1100667912,
1455,100790,미래에셋벤처투자,KOSDAQ,0.08,13330,2928637615,220395,708097304740,
1456,452200,민테크,KOSDAQ,0.08,1251,94066493,75766,30440332800,
1457,001380,SG글로벌,KOSPI,0.07,1375,21378937,15704,30912847625,
1458,048550,SMCC,KOSDAQ,0.07,1510,503923220,332757,146039076200,
1459,054800,아이디스홀딩스,KOSDAQ,0.07,14150,14539790,1034,146420747400,
1460,263770,유에스티,KOSDAQ,0.07,1479,10687294,7229,35052554388,
1461,096630,에스코넥,KOSDAQ,0.06,1814,47443310,26228,28799649922,
1462,214320,이노션,KOSPI,0.05,18610,1156459810,62120,744400000000,
1463,007280,한국특강,KOSPI,0.05,1893,16769488,8851,54227900220,
1464,0004Y0,디비금융제14호스팩,KOSDAQ,0.05,2000,409015,204,10630000000,
1465,0130D0,신한제17호스팩,KOSDAQ,0.05,1985,8769430,4424,10599900000,
1466,070300,엑스큐어,KOSDAQ,0.05,1847,520985939,281243,65614174463,
1467,038620,위즈코프,KOSDAQ,0.05,2000,93280851,46769,30291786000,
1468,257370,피엔티엠에스,KOSDAQ,0.05,1949,23558049,12736,24371974089,
