code,fiscal_year,book_equity
005930,2020,267670331000000.0
005930,2021,296237697000000.0
005930,2022,345186142000000.0
005930,2023,353233775000000.0
005930,2024,391687603000000.0
005930,2025,424313255000000.0
000660,2020,51888541000000.0
000660,2021,62157072000000.0
000660,2022,63266355000000.0
000660,2023,53504285000000.0
000660,2024,73903394000000.0
000660,2025,120516178000000.0
402340,2023,15201829000000.0
402340,2024,19032533000000.0
402340,2025,27636531000000.0
005380,2020,69480633000000.0
005380,2021,74986122000000.0
005380,2022,82349287000000.0
005380,2023,92497311000000.0
005380,2024,109103398000000.0
005380,2025,115446507000000.0
009150,2020,5772289014620.0
009150,2021,6718948996032.0
009150,2022,7538493973162.0
009150,2023,7847712343993.0
009150,2024,8789160638737.0
009150,2025,9541761553956.0
373220,2020,6879615000000.0
373220,2021,7966116000000.0
373220,2022,18732215000000.0
373220,2023,20200641000000.0
373220,2024,21116237000000.0
373220,2025,20215549000000.0
032830,2023,42437828000000.0
032830,2024,30732687000000.0
032830,2025,62724296000000.0
028260,2020,30197977885537.0
028260,2021,30205326728328.0
028260,2022,26680665182467.0
028260,2023,34238109878473.0
028260,2024,31068664773795.0
028260,2025,49911892454122.0
329180,2020,5360784621000.0
329180,2021,5594024949000.0
329180,2022,5287819487000.0
329180,2023,5207440082000.0
329180,2024,5704447952000.0
329180,2025,9341619958000.0
012330,2020,33252668000000.0
012330,2021,35273026000000.0
012330,2022,37799237000000.0
012330,2023,40634418000000.0
012330,2024,46080922000000.0
012330,2025,49167565000000.0
034020,2020,3188385999809.0
034020,2021,6091427146585.0
034020,2022,7113272670506.0
034020,2023,7117370971393.0
034020,2024,7496562000000.0
034020,2025,7785743000000.0
000270,2020,29891672000000.0
000270,2021,34910429000000.0
000270,2022,39337938000000.0
000270,2023,46552384000000.0
000270,2024,55831165000000.0
000270,2025,61187884000000.0
207940,2020,4598783172364.0
207940,2021,4991102140680.0
207940,2022,8984474395157.0
207940,2023,9830492412345.0
207940,2024,10904676062018.0
207940,2025,7451110647985.0
066570,2020,15437500000000.0
066570,2021,17230643000000.0
066570,2022,18992108000000.0
066570,2023,19664754000000.0
066570,2024,20994769000000.0
066570,2025,23887393000000.0
012450,2020,2597746406509.0
012450,2021,2889234848109.0
012450,2022,2862825080411.0
012450,2023,3528357488015.0
012450,2024,4995124600282.0
012450,2025,9684906768000.0
105560,2023,56929804000000.0
105560,2024,57888952000000.0
105560,2025,59048211000000.0
006400,2020,12977616019092.0
006400,2021,14704264131372.0
006400,2022,16485723513578.0
006400,2023,18511373378175.0
006400,2024,19766394890484.0
006400,2025,21442873795141.0
034730,2020,17435044000000.0
034730,2021,21248343000000.0
034730,2022,21595546000000.0
034730,2023,20726714000000.0
034730,2024,25114591000000.0
034730,2025,25187196000000.0
055550,2023,53720537000000.0
055550,2024,56053756000000.0
055550,2025,57959272000000.0
035420,2020,7367219163302.0
035420,2021,23535637694902.0
035420,2022,22744095607040.0
035420,2023,23206042240996.0
035420,2024,25459903574291.0
035420,2025,27581956984245.0
068270,2020,3307677045157.0
068270,2021,3917237794242.0
068270,2022,4139360000764.0
068270,2023,16980683406963.0
068270,2024,17439141579252.0
068270,2025,17208474471870.0
010120,2020,1411498805314.0
010120,2021,1481632872743.0
010120,2022,1553494370858.0
010120,2023,1712769946790.0
010120,2024,1838756342741.0
010120,2025,2069766351526.0
267260,2020,679173539071.0
267260,2021,646222114613.0
267260,2022,822579713297.0
267260,2023,1048142407777.0
267260,2024,1501786699279.0
267260,2025,2028771644117.0
042660,2020,3868970660954.0
042660,2021,2217583452890.0
042660,2022,744971931958.0
042660,2023,4307452654474.0
042660,2024,4858676068261.0
042660,2025,6170251544059.0
011070,2020,2427687817570.0
011070,2021,3314206193932.0
011070,2022,4265792959339.0
011070,2023,4714575000000.0
011070,2024,5353865000000.0
011070,2025,5763054000000.0
000150,2020,1659672673877.0
000150,2021,2165077338720.0
000150,2022,1790732092862.0
000150,2023,1624122481917.0
000150,2024,1480157000000.0
000150,2025,1559193000000.0
298040,2020,883582195122.0
298040,2021,932224247195.0
298040,2022,974569513280.0
298040,2023,1080310240474.0
298040,2024,1908516731949.0
298040,2025,2351728765101.0
006800,2023,11080955998501.0
006800,2024,12100353245112.0
006800,2025,13303614000000.0
005490,2020,44331350426988.0
005490,2021,50427355075250.0
005490,2022,52512116059318.0
005490,2023,54180848983919.0
005490,2024,55394231301615.0
005490,2025,55730184535521.0
086790,2023,39343318000000.0
086790,2024,42701020000000.0
086790,2025,44579957000000.0
010130,2020,6969781227949.0
010130,2021,7607686770997.0
010130,2022,9042713294582.0
010130,2023,9390228169606.0
010130,2024,7333649968790.0
010130,2025,10937740250977.0
009540,2020,10906295846000.0
009540,2021,9856559082000.0
009540,2022,9714919162000.0
009540,2023,9903690500000.0
009540,2024,11099427059000.0
009540,2025,13286077746000.0
018260,2020,6669027384144.0
018260,2021,7228720633788.0
018260,2022,8223193305045.0
018260,2023,8658009435402.0
018260,2024,9333119577877.0
018260,2025,9916106572212.0
042700,2020,257090542803.0
042700,2021,346812042277.0
042700,2022,390096755786.0
042700,2023,571898625127.0
042700,2024,540887863389.0
042700,2025,690327519537.0
000810,2023,16114211783285.0
000810,2024,15567056119567.0
000810,2025,21257792584430.0
307950,2020,555027085957.0
307950,2021,1367706112746.0
307950,2022,1478769865215.0
307950,2023,1579928602000.0
307950,2024,1705413877000.0
307950,2025,1847125538000.0
051910,2020,18039121000000.0
051910,2021,21693784000000.0
051910,2022,31450572000000.0
051910,2023,32192605000000.0
051910,2024,33284180000000.0
051910,2025,32845600000000.0
003550,2020,20258251000000.0
003550,2021,21246547000000.0
003550,2022,25452355000000.0
003550,2023,26128917000000.0
003550,2024,27083363000000.0
003550,2025,28708510000000.0
015760,2020,69296680000000.0
015760,2021,63769010000000.0
015760,2022,40545396000000.0
015760,2023,35845043000000.0
015760,2024,39915236000000.0
015760,2025,48169942000000.0
010140,2020,3724217696918.0
010140,2021,4111043956300.0
010140,2022,3594491079409.0
010140,2023,3439345000314.0
010140,2024,3794592947059.0
010140,2025,4148939309647.0
017670,2020,23743894000000.0
017670,2021,11579346000000.0
017670,2022,11318320000000.0
017670,2023,11389046000000.0
017670,2024,11698627000000.0
017670,2025,12863103000000.0
064350,2020,1363471253000.0
064350,2021,1293052208000.0
064350,2022,1520347013000.0
064350,2023,1679854601000.0
064350,2024,2044977823000.0
064350,2025,3079022979000.0
267250,2020,7014923680000.0
267250,2021,6318055083000.0
267250,2022,7485246155000.0
267250,2023,7327570339000.0
267250,2024,8675322438000.0
267250,2025,10116362882000.0
316140,2023,31666881000000.0
316140,2024,34096836000000.0
316140,2025,36017339000000.0
003670,2020,1000669340739.0
003670,2021,2389319494210.0
003670,2022,2471021644051.0
003670,2023,2350209876264.0
003670,2024,2970273518789.0
003670,2025,4067558055710.0
096770,2020,14539976348000.0
096770,2021,17323353290000.0
096770,2022,19651626210000.0
096770,2023,22202714489000.0
096770,2024,24641444950000.0
096770,2025,21792075772000.0
272210,2020,1032682379959.0
272210,2021,2222498066782.0
272210,2022,2000338956882.0
272210,2023,2139817927616.0
272210,2024,2490054967099.0
272210,2025,4849228707428.0
033780,2020,9036851140891.0
033780,2021,9158786200927.0
033780,2022,9315644398676.0
033780,2023,9174405000000.0
033780,2024,9239171000000.0
033780,2025,9279560000000.0
035720,2020,6283700331669.0
035720,2021,9964627991241.0
035720,2022,9983694054133.0
035720,2023,9763719252178.0
035720,2024,10141299899346.0
035720,2025,11276217552488.0
011200,2020,1687351000000.0
011200,2021,10357269000000.0
011200,2022,20686315000000.0
011200,2023,21439198000000.0
011200,2024,27853923000000.0
011200,2025,26569235000000.0
138040,2023,9581907410678.0
138040,2024,10094442922761.0
138040,2025,10322630113710.0
086280,2020,5065446963808.0
086280,2021,5802452172654.0
086280,2022,6866007311914.0
086280,2023,7755368128240.0
086280,2024,8773151741324.0
086280,2025,10351204581947.0
079550,2020,672508651689.0
079550,2021,763304384997.0
079550,2022,935179067809.0
079550,2023,1052359009288.0
079550,2024,1210681900588.0
079550,2025,1430099949880.0
024110,2023,31656585000000.0
024110,2024,33946719000000.0
024110,2025,36454735000000.0
278470,2020,51699915148.0
278470,2021,66001080624.0
278470,2022,100257994716.0
278470,2023,196948868778.0
278470,2024,323524073990.0
278470,2025,445799810314.0
047810,2020,1195431276040.0
047810,2021,1269425155795.0
047810,2022,1427802657469.0
047810,2023,1597412953604.0
047810,2024,1705857243034.0
047810,2025,1830169571361.0
000720,2020,6631752000000.0
000720,2021,7216737000000.0
000720,2022,7686677000000.0
000720,2023,8136651000000.0
000720,2024,8025410000000.0
000720,2025,8264726000000.0
006260,2020,3267254000000.0
006260,2021,3546598000000.0
006260,2022,3980543000000.0
006260,2023,4733668000000.0
006260,2024,4591860000000.0
006260,2025,5003131000000.0
064400,2023,1863305555000.0
064400,2024,2115116477000.0
064400,2025,2932750548000.0
071050,2023,8373653842126.0
071050,2024,9650757011152.0
071050,2025,12010273000000.0
030200,2020,14011444000000.0
030200,2021,14976536000000.0
030200,2022,16612172000000.0
030200,2023,16749176000000.0
030200,2024,16210702000000.0
030200,2025,17655653000000.0
0126Z0,2025,5905769042165.0
010950,2020,5682477000000.0
010950,2021,6988042000000.0
010950,2022,8483469000000.0
010950,2023,9037565000000.0
010950,2024,8695647000000.0
010950,2025,8887401000000.0
259960,2021,4608131938934.0
259960,2022,5111876512870.0
259960,2023,5554423202058.0
259960,2024,6827837668465.0
259960,2025,7041422132872.0
005940,2023,7611779000000.0
005940,2024,8114380000000.0
005940,2025,9433337000000.0
016360,2023,6622709394534.0
016360,2024,7324213114450.0
016360,2025,8068055959870.0
047050,2020,3158096077000.0
047050,2021,3486401390000.0
047050,2022,3982863469000.0
047050,2023,6103258315000.0
047050,2024,6544550750000.0
047050,2025,6708434041000.0
323410,2023,6117694000000.0
323410,2024,6540131000000.0
323410,2025,6749866000000.0
443060,2024,773534561558.0
443060,2025,824724855468.0
007660,2020,65108814354.0
007660,2021,125491909633.0
007660,2022,222328078478.0
007660,2023,266778163292.0
007660,2024,327526708412.0
007660,2025,755497178248.0
039490,2023,4860690544560.0
039490,2024,5587733020894.0
039490,2025,6704409812790.0
047040,2020,2674432697979.0
047040,2021,3211899118849.0
047040,2022,3714459578925.0
047040,2023,4045911390382.0
047040,2024,4291145722596.0
047040,2025,3347692728720.0
028050,2020,1600698434611.0
028050,2021,2002307719510.0
028050,2022,2693176802429.0
028050,2023,3473253746048.0
028050,2024,4231791398254.0
028050,2025,4740713498360.0
003490,2020,3206500534442.0
003490,2021,6753903749429.0
003490,2022,8994190665103.0
003490,2023,9525999087618.0
003490,2024,10472882288647.0
003490,2025,10954036206278.0
001440,2020,344438783000.0
001440,2021,373299947000.0
001440,2022,866423841000.0
001440,2023,936501596000.0
001440,2024,1473203572000.0
001440,2025,1601618322696.0
352820,2020,1195334846000.0
352820,2021,2811931447000.0
352820,2022,2770478714000.0
352820,2023,2919398369000.0
352820,2024,3214652758000.0
352820,2025,3257026727000.0
005830,2023,10236549116065.0
005830,2024,9296655789693.0
005830,2025,10880841000000.0
000880,2020,4509669000000.0
000880,2021,4813572000000.0
000880,2022,5228517000000.0
000880,2023,10791035000000.0
000880,2024,10714143000000.0
000880,2025,11840206000000.0
454910,2023,438808093399.0
454910,2024,402501180228.0
454910,2025,348594990774.0
353200,2020,637780940184.0
353200,2021,681882884052.0
353200,2022,854989142336.0
353200,2023,868336080497.0
353200,2024,875513939249.0
353200,2025,897305160164.0
003230,2020,342524755448.0
003230,2021,390387473953.0
003230,2022,452956411954.0
003230,2023,564821445771.0
003230,2024,816847076602.0
003230,2025,1255376104221.0
161390,2020,7377494903968.0
161390,2021,8167769736032.0
161390,2022,8807110452160.0
161390,2023,9552508438545.0
161390,2024,11100370242882.0
161390,2025,12105483748917.0
034220,2020,11401043000000.0
034220,2021,13118855000000.0
034220,2022,9879589000000.0
034220,2023,7232182000000.0
034220,2024,6542261000000.0
034220,2025,6604124000000.0
000990,2020,794584512577.0
000990,2021,1106049706046.0
000990,2022,1638284078393.0
000990,2023,1740082437747.0
000990,2024,1949982258640.0
000990,2025,2142364349472.0
062040,2024,434241887238.0
062040,2025,585470613825.0
180640,2020,1514035447714.0
180640,2021,1600066126317.0
180640,2022,2465956160110.0
180640,2023,2743664386252.0
180640,2024,3191221630000.0
180640,2025,3342274997000.0
009830,2020,5929092229255.0
009830,2021,8159421064271.0
009830,2022,8920570992404.0
009830,2023,7847475994489.0
009830,2024,9449650114091.0
009830,2025,9101238000000.0
326030,2020,379066572829.0
326030,2021,444187446379.0
326030,2022,316560460441.0
326030,2023,283686371114.0
326030,2024,546273129341.0
326030,2025,813035724864.0
032640,2020,7374862000000.0
032640,2021,7673144000000.0
032640,2022,8165135000000.0
032640,2023,8472202000000.0
032640,2024,8556021000000.0
032640,2025,8866858000000.0
267270,2020,1218314994000.0
267270,2021,1326732495000.0
267270,2022,1463315798000.0
267270,2023,1576470532000.0
267270,2024,1657828153000.0
267270,2025,1805220579000.0
128940,2020,729987420811.0
128940,2021,802913730944.0
128940,2022,871865585833.0
128940,2023,955442389535.0
128940,2024,1084893341851.0
128940,2025,1249756305417.0
078930,2020,8353750000000.0
078930,2021,10288563000000.0
078930,2022,12438586000000.0
078930,2023,13450004000000.0
078930,2024,14076817000000.0
078930,2025,14703329000000.0
000100,2020,1846502193853.0
000100,2021,1935889087603.0
000100,2022,2007806369446.0
000100,2023,2101732643463.0
000100,2024,2150670010559.0
000100,2025,2362284335746.0
010060,2020,2341041573000.0
010060,2021,3071403978000.0
010060,2022,3912391039000.0
010060,2023,3721103717000.0
010060,2024,3979195012000.0
010060,2025,3931910194000.0
090430,2020,4467854044953.0
090430,2021,4761008405615.0
090430,2022,4798613296098.0
090430,2023,4897988125589.0
090430,2024,5252371283408.0
090430,2025,5449271639491.0
377300,2021,1693245745443.0
377300,2022,1806572100028.0
377300,2023,1877124264517.0
377300,2024,1861202678487.0
377300,2025,1900416647054.0
021240,2020,1491301665306.0
021240,2021,1905902246325.0
021240,2022,2313812649389.0
021240,2023,2639888749610.0
021240,2024,3198397576980.0
021240,2025,3613727511069.0
036570,2020,3141584402622.0
036570,2021,3148845035664.0
036570,2022,3196210657750.0
036570,2023,3249696959036.0
036570,2024,3058458965781.0
036570,2025,3364869232962.0
241560,2020,4073804491000.0
241560,2021,4321265808000.0
241560,2022,5024387667000.0
241560,2023,4618281799.0
241560,2024,4690139000.0
241560,2025,5011583000.0
066970,2020,194441115148.0
066970,2021,630792230875.0
066970,2022,1279735719867.0
066970,2023,1097160663012.0
066970,2024,713602484182.0
066970,2025,673078391768.0
000500,2020,263562215682.0
000500,2021,268115290322.0
000500,2022,303070555819.0
000500,2023,331011443000.0
000500,2024,453705043000.0
000500,2025,483788805000.0
011790,2020,1808065785607.0
011790,2021,2001237977175.0
011790,2022,1725496452384.0
011790,2023,1410660511084.0
011790,2024,1172309309435.0
011790,2025,832066725740.0
022100,2020,368664057774.0
022100,2021,357545693491.0
022100,2022,412170218458.0
022100,2023,459425079841.0
022100,2024,523191568131.0
022100,2025,569587084549.0
336260,2020,512544165865.0
336260,2021,518188257488.0
336260,2022,523064425818.0
336260,2023,512651877530.0
336260,2024,498895839831.0
336260,2025,367480446236.0
018880,2020,2117410257014.0
018880,2021,2343235176737.0
018880,2022,2236006660154.0
018880,2023,2371695429062.0
018880,2024,2853472095503.0
018880,2025,3767762778930.0
001040,2020,4643496750000.0
001040,2021,5066018526000.0
001040,2022,5182697470000.0
001040,2023,5513928899000.0
001040,2024,5458985764000.0
001040,2025,5208897884000.0
029780,2023,8135890561802.0
029780,2024,8486180934765.0
029780,2025,8863284000000.0
138930,2023,10225000141303.0
138930,2024,10698820606601.0
138930,2025,10793081382588.0
004020,2020,16345442678336.0
004020,2021,17868585154721.0
004020,2022,18713734432647.0
004020,2023,19100148562968.0
004020,2024,18918297285386.0
004020,2025,19370718758990.0
082740,2020,194127849262.0
082740,2021,209101318087.0
082740,2022,221625827940.0
082740,2023,224148291136.0
082740,2024,393295789886.0
082740,2025,556102899924.0
052690,2020,499074512622.0
052690,2021,513450926881.0
052690,2022,543413813300.0
052690,2023,547308411738.0
052690,2024,577473652879.0
052690,2025,624966182864.0
271560,2020,1829955708497.0
271560,2021,2211044506316.0
271560,2022,2553782840463.0
271560,2023,2862399589845.0
271560,2024,3471235408182.0
271560,2025,3808663397961.0
004170,2020,3442370956474.0
004170,2021,3744097091736.0
004170,2022,4113671293604.0
004170,2023,4208590475016.0
004170,2024,4265138301271.0
004170,2025,4455332903779.0
002380,2020,4870844806260.0
002380,2021,5035301217823.0
002380,2022,5117785072965.0
002380,2023,5177363194577.0
002380,2024,5039315406549.0
002380,2025,7824485732406.0
175330,2023,5002763000000.0
175330,2024,5580578000000.0
175330,2025,5914615000000.0
103590,2020,308884249416.0
103590,2021,323057560316.0
103590,2022,344902375464.0
103590,2023,371142176219.0
103590,2024,500309704000.0
103590,2025,588671403000.0
450080,2022,314300581291.0
450080,2023,799097396195.0
450080,2024,737605448212.0
450080,2025,1144680193740.0
023530,2020,9801587893040.0
023530,2021,10083492212560.0
023530,2022,9567653934244.0
023530,2023,9493521378034.0
023530,2024,15503954524320.0
023530,2025,15185023750402.0
088350,2023,13038171149193.0
088350,2024,11794856554799.0
088350,2025,13875234000000.0
051900,2020,4755979504489.0
051900,2021,5388010154330.0
051900,2022,5339282549902.0
051900,2023,5433451058889.0
051900,2024,5566264371939.0
051900,2025,5449473672307.0
489790,2024,822869661844.0
489790,2025,865880645572.0
251270,2020,5407062627680.0
251270,2021,5791420824520.0
251270,2022,5460881436007.0
251270,2023,4979527938265.0
251270,2024,5416041831044.0
251270,2025,5429700987984.0
012510,2020,393698922045.0
012510,2021,494461358667.0
012510,2022,431164151122.0
012510,2023,427141362506.0
012510,2024,538853650211.0
012510,2025,615190024938.0
005850,2020,1409520352618.0
005850,2021,1501766343972.0
005850,2022,1634589519536.0
005850,2023,1928436312179.0
005850,2024,2299756239403.0
005850,2025,2552540824483.0
111770,2020,1834848959441.0
111770,2021,2218947055642.0
111770,2022,2814524326075.0
111770,2023,3246664286850.0
111770,2024,3686692649307.0
111770,2025,4092315540912.0
020150,2020,611215000000.0
020150,2021,988598686744.0
020150,2022,1459906206782.0
020150,2023,1433495290846.0
020150,2024,1333628025233.0
020150,2025,1655962401438.0
011170,2020,12846515982933.0
011170,2021,14410216405034.0
011170,2022,14445375783024.0
011170,2023,15543126949905.0
011170,2024,14352322139454.0
011170,2025,12584876918618.0
004800,2020,2233268057523.0
004800,2021,2625248985718.0
004800,2022,2555048774364.0
004800,2023,2464662200370.0
004800,2024,2155683371748.0
004800,2025,2443583657679.0
011780,2020,3148227050112.0
011780,2021,5081790567241.0
011780,2022,5652041196515.0
011780,2023,5829496939923.0
011780,2024,6037777043046.0
011780,2025,6245291877385.0
035250,2020,3246993555491.0
035250,2021,3252772163177.0
035250,2022,3415361449051.0
035250,2023,3677902200473.0
035250,2024,3883666448036.0
035250,2025,3964522156208.0
036460,2020,7481039750954.0
036460,2021,8869142117460.0
036460,2022,10187081230444.0
036460,2023,9626977431919.0
036460,2024,10829084000000.0
036460,2025,10802423000000.0
302440,2020,263790244281.0
302440,2021,1601311948494.0
302440,2022,1741701996063.0
302440,2023,1703855316376.0
302440,2024,1802565226090.0
302440,2025,1788799862235.0
017800,2020,1009452726630.0
017800,2021,1121823300121.0
017800,2022,1153374614113.0
017800,2023,1285987974000.0
017800,2024,1254671599022.0
017800,2025,1352124960927.0
097950,2020,5274392419000.0
097950,2021,6113525611000.0
097950,2022,6755710240000.0
097950,2023,7151547426000.0
097950,2024,7863464517000.0
097950,2025,7058604079000.0
009420,2020,181273482965.0
009420,2021,163492143709.0
009420,2022,168256460626.0
009420,2023,186218369830.0
009420,2024,168351403333.0
009420,2025,161681400836.0
031210,2025,5189914819617.0
014680,2020,553201378490.0
014680,2021,689239464709.0
014680,2022,763481914007.0
014680,2023,845517021250.0
014680,2024,974318215904.0
014680,2025,1080490634159.0
001450,2023,6055391876258.0
001450,2024,4743378657629.0
001450,2025,5157512762473.0
204320,2020,1637469781549.0
204320,2021,1954540750003.0
204320,2022,2157431276642.0
204320,2023,2230705600677.0
204320,2024,2518549871228.0
204320,2025,2713805689016.0
007810,2020,342997190427.0
007810,2021,406708639696.0
007810,2022,477240710290.0
007810,2023,431994437620.0
007810,2024,379014576464.0
007810,2025,439819668845.0
457190,2023,94988539136.0
457190,2024,121654548291.0
457190,2025,132855533000.0
001720,2024,1612823517609.0
001720,2025,1756981842004.0
139130,2023,5948770414919.0
139130,2024,5991114817471.0
139130,2025,6220133000000.0
375500,2021,4167944097862.0
375500,2022,4349675334517.0
375500,2023,4768781215299.0
375500,2024,4845710111118.0
375500,2025,5244091831162.0
028670,2020,2806652000000.0
028670,2021,3596837000000.0
028670,2022,4492604000000.0
028670,2023,4713351000000.0
028670,2024,5653383000000.0
028670,2025,5723482000000.0
383220,2021,547422966517.0
383220,2022,921480459215.0
383220,2023,1290515611903.0
383220,2024,1562200168382.0
383220,2025,1878678882040.0
012750,2020,1384159336534.0
012750,2021,1442871269516.0
012750,2022,1522965763397.0
012750,2023,1597883288628.0
012750,2024,1660661064990.0
012750,2025,1756324291678.0
483650,2024,102069072470.0
483650,2025,198554792679.0
004990,2020,6417205811113.0
004990,2021,6978956433488.0
004990,2022,7115179148633.0
004990,2023,6849097344634.0
004990,2024,6245033465111.0
004990,2025,6076323693816.0
009970,2020,1370738033607.0
009970,2021,1628251287062.0
009970,2022,2047851708917.0
009970,2023,2355456748097.0
009970,2024,2714895195388.0
009970,2025,3015191834807.0
006360,2020,4141218904179.0
006360,2021,4625316382869.0
006360,2022,4831632534515.0
006360,2023,4314458788001.0
006360,2024,4414089915140.0
006360,2025,4792962000000.0
007340,2020,626280609314.0
007340,2021,711056202011.0
007340,2022,874799778912.0
007340,2023,1139291698961.0
007340,2024,1741561468000.0
007340,2025,2007332574000.0
011210,2020,3118091000000.0
011210,2021,3249998000000.0
011210,2022,3319072000000.0
011210,2023,3391637000000.0
011210,2024,3597615000000.0
011210,2025,3610648000000.0
139480,2020,9073680160816.0
139480,2021,10259527869710.0
139480,2022,11207533212600.0
139480,2023,11453432517307.0
139480,2024,10390572925028.0
139480,2025,10999057243294.0
069960,2020,117012205000.0
069960,2021,117012205000.0
069960,2022,117012205000.0
069960,2023,4467517020000.0
069960,2024,4395369423000.0
069960,2025,4549528552000.0
001740,2020,2058172000000.0
001740,2021,2198497000000.0
001740,2022,2254394000000.0
001740,2023,2128179000000.0
001740,2024,2054203000000.0
001740,2025,2023759000000.0
071970,2020,173919915912.0
071970,2021,153961262140.0
071970,2022,192136113895.0
071970,2023,225375915294.0
071970,2024,309374582999.0
071970,2025,488912211304.0
439260,2025,1092384070191.0
026960,2020,1381933576076.0
026960,2021,1433790667576.0
026960,2022,1530415155806.0
026960,2023,1607953382608.0
026960,2024,1694360738168.0
026960,2025,1722043323436.0
004370,2020,2033928056554.0
004370,2021,2184549651232.0
004370,2022,2304167408738.0
004370,2023,2430227733796.0
004370,2024,2672015203505.0
004370,2025,2830704457688.0
051600,2020,1051681651371.0
051600,2021,1111994889512.0
051600,2022,1215733064077.0
051600,2023,1272596248839.0
051600,2024,1328411823106.0
051600,2025,1345765710536.0
000240,2020,3389337589079.0
000240,2021,3735587717538.0
000240,2022,3856441131880.0
000240,2023,4016691459374.0
000240,2024,4452873418433.0
000240,2025,4781079225610.0
279570,2023,1866881000000.0
279570,2024,1995845000000.0
279570,2025,2171766000000.0
008930,2020,658735546041.0
008930,2021,690298132532.0
008930,2022,724746193167.0
008930,2023,787506950826.0
008930,2024,840928986273.0
008930,2025,961852859665.0
003690,2023,3252895729256.0
003690,2024,3452869465595.0
003690,2025,3683421777221.0
103140,2020,1444351084153.0
103140,2021,1683533366729.0
103140,2022,1840035956452.0
103140,2023,1965954520498.0
103140,2024,2199301948907.0
103140,2025,2298131546597.0
229640,2020,133292634492.0
229640,2021,154382224718.0
229640,2022,148065888595.0
229640,2023,145365960356.0
229640,2024,183406928558.0
229640,2025,209188487673.0
282330,2020,696827910319.0
282330,2021,809319369409.0
282330,2022,962627643775.0
282330,2023,1074453047721.0
282330,2024,1184132956540.0
282330,2025,1313057157689.0
030000,2020,1007541626499.0
030000,2021,1117142252756.0
030000,2022,1212041643497.0
030000,2023,1286558186550.0
030000,2024,1457996568297.0
030000,2025,1572341881326.0
008770,2020,623517701692.0
008770,2021,576424959246.0
008770,2022,539753255118.0
008770,2023,608462497103.0
008770,2024,1284309127658.0
008770,2025,1106187826622.0
120110,2020,2179166252165.0
120110,2021,2437015203155.0
120110,2022,2609701734261.0
120110,2023,2801455360403.0
120110,2024,3645874111195.0
120110,2025,3927572301339.0
018670,2020,1898715509313.0
018670,2021,2117363391889.0
018670,2022,2340895146247.0
018670,2023,2581072226048.0
018670,2024,2728991464712.0
018670,2025,2928065570208.0
007070,2020,2304494249348.0
007070,2021,4069022257942.0
007070,2022,4049137721090.0
007070,2023,4058374418074.0
007070,2024,3206848365293.0
007070,2025,3284403082178.0
085620,2023,2910747636564.0
085620,2024,2563654662740.0
085620,2025,2448095130657.0
097230,2020,320061000000.0
097230,2021,432073000000.0
097230,2022,385056000000.0
097230,2023,340793000000.0
097230,2024,343448000000.0
097230,2025,669629000000.0
161890,2020,623679400597.0
161890,2021,683605729651.0
161890,2022,664096497576.0
161890,2023,648622116668.0
161890,2024,792634831327.0
161890,2025,910357247405.0
005440,2020,1781223349000.0
005440,2021,1825132155000.0
005440,2022,1821184329000.0
005440,2023,2702476114000.0
005440,2024,3369831487000.0
005440,2025,4000146952000.0
081660,2020,1292436125023.0
081660,2021,1610945351915.0
081660,2022,1876563454139.0
081660,2023,1908158317093.0
081660,2024,2005208821773.0
081660,2025,1932141962003.0
112610,2020,413124944386.0
112610,2021,894194772962.0
112610,2022,876569114515.0
112610,2023,896809674757.0
112610,2024,1148662127810.0
112610,2025,1153059191962.0
322000,2020,328743889365.0
322000,2021,320319488368.0
322000,2022,381533148869.0
322000,2023,371556913092.0
322000,2024,369683769362.0
322000,2025,417784216586.0
192820,2020,342874101656.0
192820,2021,561310512860.0
192820,2022,581125287925.0
192820,2023,362516945771.0
192820,2024,473397931954.0
192820,2025,558159240881.0
181710,2020,1596908980145.0
181710,2021,1834303694716.0
181710,2022,1693034624594.0
181710,2023,1631442093528.0
181710,2024,1451486782014.0
181710,2025,1463109810462.0
001430,2020,1621005320517.0
001430,2021,1818177919096.0
001430,2022,1885615784819.0
001430,2023,1955393700405.0
001430,2024,1939752530391.0
001430,2025,1943429767141.0
000120,2020,3338147076516.0
000120,2021,3565469397055.0
000120,2022,3570744925427.0
000120,2023,3603882204244.0
000120,2024,3948805108252.0
000120,2025,4145790841567.0
462870,2024,764404135605.0
462870,2025,921190987215.0
002790,2020,3249543873051.0
002790,2021,3306537801345.0
002790,2022,3356370904773.0
002790,2023,3323329617523.0
002790,2024,3335589438539.0
002790,2025,3482154028036.0
023590,2020,1587749965646.0
023590,2021,1976370872983.0
023590,2022,2315240026225.0
023590,2023,2518900582474.0
023590,2024,2887288844494.0
023590,2025,3446435267021.0
017960,2020,380530832369.0
017960,2021,388999341751.0
017960,2022,404167834363.0
017960,2023,454654105515.0
017960,2024,474286350797.0
017960,2025,580170310439.0
005070,2020,176803624419.0
005070,2021,205448546579.0
005070,2022,251204096947.0
005070,2023,478782330149.0
005070,2024,495532641195.0
005070,2025,496843668444.0
006280,2020,1118523670544.0
006280,2021,1274770513682.0
006280,2022,1328122429373.0
006280,2023,1300236293699.0
006280,2024,1252644924139.0
006280,2025,1217477204977.0
298020,2020,600974291459.0
298020,2021,1420517335593.0
298020,2022,1222692723800.0
298020,2023,1274635104522.0
298020,2024,1458970619299.0
298020,2025,1564865456680.0
077970,2020,266470000000.0
077970,2021,283975000000.0
077970,2022,260245000000.0
077970,2023,259634000000.0
077970,2024,276569773273.0
077970,2025,342971092433.0
001800,2020,1966411367233.0
001800,2021,2097493354798.0
001800,2022,2164536524073.0
001800,2023,2196519341336.0
001800,2024,2370781238350.0
001800,2025,2463569687398.0
001120,2020,1338177687738.0
001120,2021,1774962223307.0
001120,2022,2261186289112.0
001120,2023,2272161864255.0
001120,2024,2660265136883.0
001120,2025,2771998158385.0
395400,2021,776600299723.0
395400,2022,968719595549.0
395400,2023,1240107160893.0
395400,2024,1183629908081.0
395400,2025,1939593502956.0
361610,2021,2216201501000.0
361610,2022,2174673266000.0
361610,2023,2411660766000.0
361610,2024,2324557015000.0
361610,2025,2601445266000.0
006040,2020,1250796713451.0
006040,2021,1437030762705.0
006040,2022,2520572352808.0
006040,2023,2696817031379.0
006040,2024,2796141886568.0
006040,2025,3528034485558.0
003540,2023,3020064866000.0
003540,2024,3320378412000.0
003540,2025,4054118668000.0
069620,2020,550993579785.0
069620,2021,573566551872.0
069620,2022,608017372164.0
069620,2023,767303245365.0
069620,2024,794574152015.0
069620,2025,1006093316943.0
032350,2020,229496663121.0
032350,2021,56194603859.0
032350,2022,235202012308.0
032350,2023,69183724574.0
032350,2024,316682433511.0
032350,2025,372015011925.0
003570,2020,597448876297.0
003570,2021,652949490955.0
003570,2022,659055290288.0
003570,2023,700696578963.0
003570,2024,790344489614.0
003570,2025,866792976548.0
020560,2020,1031387353088.0
020560,2021,504102768895.0
020560,2022,691204933688.0
020560,2023,680006234173.0
020560,2024,895887715935.0
020560,2025,746011964129.0
192080,2020,678442249044.0
192080,2021,842652436130.0
192080,2022,729442152360.0
192080,2023,871584935147.0
192080,2024,1131377820155.0
192080,2025,1185854990030.0
195870,2020,231838784802.0
195870,2021,294314928544.0
195870,2022,447295294041.0
195870,2023,515050369128.0
195870,2024,556276567172.0
195870,2025,564369713446.0
475150,2024,241972753239.0
475150,2025,273040531600.0
073240,2020,1167594660015.0
073240,2021,1173005474295.0
073240,2022,1126117850623.0
073240,2023,1264366995333.0
073240,2024,1720557575377.0
073240,2025,2029382614832.0
007310,2020,1401409526130.0
007310,2021,1505164523232.0
007310,2022,1817452308034.0
007310,2023,1934531240841.0
007310,2024,2053882013247.0
007310,2025,2074266342959.0
294870,2020,2743034678074.0
294870,2021,2877435045228.0
294870,2022,2894173774520.0
294870,2023,3008017194695.0
294870,2024,3114585393894.0
294870,2025,3212755613173.0
003530,2023,1573039090194.0
003530,2024,1706223400510.0
003530,2025,2068202000000.0
004000,2020,1649700326147.0
004000,2021,2198629894285.0
004000,2022,2294218530309.0
004000,2023,2383205649083.0
004000,2024,2368686673109.0
004000,2025,2435737106786.0
034230,2020,1144351631090.0
034230,2021,1231635011810.0
034230,2022,1362321627596.0
034230,2023,1405526527473.0
034230,2024,1635744104531.0
034230,2025,1723898099284.0
030610,2023,1877274491579.0
030610,2024,1985723993945.0
030610,2025,2118939049000.0
281820,2020,347805270156.0
281820,2021,385163372483.0
281820,2022,425985366698.0
281820,2023,452613440707.0
281820,2024,481848727958.0
281820,2025,530239452127.0
012630,2020,2239063286779.0
012630,2021,2387629742130.0
012630,2022,2417338127010.0
012630,2023,2580625543411.0
012630,2024,2640848273943.0
012630,2025,2920918753025.0
001820,2020,173692480150.0
001820,2021,201665928747.0
001820,2022,223972668070.0
001820,2023,243527357300.0
001820,2024,265211664924.0
001820,2025,277559511155.0
093370,2020,217669249174.0
093370,2021,248076126558.0
093370,2022,366254425695.0
093370,2023,312505770476.0
093370,2024,326536149542.0
093370,2025,334379444716.0
006110,2020,110394244089.0
006110,2021,122028110534.0
006110,2022,137938934911.0
006110,2023,254988673514.0
006110,2024,243610317884.0
006110,2025,217939022961.0
089860,2021,1229340093341.0
089860,2022,1294379882389.0
089860,2023,1368311322464.0
089860,2024,1477175962572.0
089860,2025,1565856399823.0
082640,2023,2903979870319.0
082640,2024,1966694605576.0
082640,2025,1548875000000.0
000080,2020,1073794180965.0
000080,2021,1092609959456.0
000080,2022,1160605799406.0
000080,2023,1095137801568.0
000080,2024,1126847810711.0
000080,2025,1121101872935.0
456040,2023,983528347000.0
456040,2024,1207710151000.0
456040,2025,1126635714000.0
000210,2020,2593061789508.0
000210,2021,3792307366927.0
000210,2022,3930510903904.0
000210,2023,3842280725009.0
000210,2024,4108254722341.0
000210,2025,4021543844050.0
185750,2020,551426757868.0
185750,2021,566009984733.0
185750,2022,622393068311.0
185750,2023,815694495004.0
185750,2024,893968875278.0
185750,2025,1003754624298.0
003090,2020,685329633440.0
003090,2021,730557648345.0
003090,2022,828828700588.0
003090,2023,934796127926.0
003090,2024,996506946105.0
003090,2025,1176637791557.0
003240,2020,3353553972682.0
003240,2021,3894047456998.0
003240,2022,4129131599386.0
003240,2023,3947014508057.0
003240,2024,3929246831442.0
003240,2025,3930042875280.0
100090,2020,168630863681.0
100090,2021,140418379397.0
100090,2022,520772311284.0
100090,2023,694620505339.0
100090,2024,708802695144.0
100090,2025,814544413186.0
330590,2020,849064665240.0
330590,2021,1153077267795.0
330590,2022,1107723382796.0
330590,2023,1055461407196.0
330590,2024,1169497783225.0
330590,2025,1139498580374.0
300720,2020,1300647966546.0
300720,2021,1370810197477.0
300720,2022,1448276222024.0
300720,2023,1587044591775.0
300720,2024,1719460569894.0
300720,2025,1868385838037.0
280360,2020,1187383095142.0
280360,2021,1234116834617.0
280360,2022,2023846404825.0
280360,2023,2054182158725.0
280360,2024,2134741929192.0
280360,2025,2190932453415.0
003470,2023,1601494422000.0
003470,2024,1634308431000.0
003470,2025,1905932821000.0
090460,2020,316977272611.0
090460,2021,407976854064.0
090460,2022,560728357914.0
090460,2023,639689611505.0
090460,2024,715074016238.0
090460,2025,748414496807.0
009450,2020,348163840901.0
009450,2021,450415457107.0
009450,2022,517704578832.0
009450,2023,584595249408.0
009450,2024,695417009624.0
009450,2025,770495485591.0
005300,2020,1294627755325.0
005300,2021,1426729319265.0
005300,2022,1393068061170.0
005300,2023,1464113454548.0
005300,2024,1498899096691.0
005300,2025,1521797341877.0
365550,2020,239247757646.0
365550,2021,700857045356.0
365550,2022,1134793467990.0
365550,2023,1116912590201.0
365550,2024,1084660805870.0
365550,2025,1165201595965.0
000670,2020,3321232505027.0
000670,2021,3460618885978.0
000670,2022,3909245444527.0
000670,2023,3813167014890.0
000670,2024,3588874693479.0
000670,2025,3596920882242.0
057050,2020,1794803071305.0
057050,2021,1882372484302.0
057050,2022,1958739320129.0
057050,2023,2058420284195.0
057050,2024,2188416372778.0
057050,2025,2353971017000.0
248070,2020,116687182327.0
248070,2021,268033807062.0
248070,2022,290984361716.0
248070,2023,400200092282.0
248070,2024,433686183870.0
248070,2025,548018242283.0
298050,2020,312839137944.0
298050,2021,604001009916.0
298050,2022,707471793852.0
298050,2023,677663443385.0
298050,2024,1044552575520.0
298050,2025,807642101887.0
006340,2020,85380716738.0
006340,2021,87644896846.0
006340,2022,91598885754.0
006340,2023,100324043905.0
006340,2024,113845590709.0
006340,2025,129046506917.0
137310,2021,2190543437716.0
137310,2022,2944301415945.0
137310,2023,2823659752523.0
137310,2024,2923334168429.0
137310,2025,2329681445818.0
108320,2020,532284504293.0
108320,2021,800332708247.0
108320,2022,950360648754.0
108320,2023,976763737232.0
108320,2024,1079586526506.0
108320,2025,1125606564582.0
005690,2020,57105218341.0
005690,2021,65353226455.0
005690,2022,79711914880.0
005690,2023,80396946327.0
005690,2024,86439169857.0
005690,2025,123877690491.0
192400,2020,760910865715.0
192400,2021,886736960539.0
192400,2022,967770930128.0
192400,2023,1077736980914.0
192400,2024,1196444686567.0
192400,2025,1321655030636.0
499790,2024,836533853138.0
499790,2025,854876608787.0
451800,2023,345014810436.0
451800,2024,328779973747.0
451800,2025,696458021691.0
336370,2020,292159006522.0
336370,2021,302340803087.0
336370,2022,545402026339.0
336370,2023,732818764567.0
336370,2024,772199505536.0
336370,2025,689374929924.0
006120,2020,1946987689441.0
006120,2021,2413291144819.0
006120,2022,2819005163711.0
006120,2023,2941515820429.0
006120,2024,2815755322487.0
006120,2025,2907925661951.0
030190,2020,258801395745.0
030190,2021,301544866142.0
030190,2022,341644764563.0
030190,2023,369599775662.0
030190,2024,411950770230.0
030190,2025,463851957374.0
010780,2020,1177357521777.0
010780,2021,1240063664029.0
010780,2022,1396998721745.0
010780,2023,1558526715923.0
010780,2024,1358889706418.0
010780,2025,1244180077266.0
079900,2024,150994898074.0
079900,2025,155476734973.0
025540,2020,764202858926.0
025540,2021,842201456246.0
025540,2022,870403998922.0
025540,2023,931931109172.0
025540,2024,1076096945000.0
025540,2025,1161482308000.0
075580,2020,154633507208.0
075580,2021,163506319957.0
075580,2022,164310211417.0
075580,2023,180743612261.0
075580,2024,187779700593.0
075580,2025,228470597668.0
036530,2020,853323600197.0
036530,2021,950145059915.0
036530,2022,986717190853.0
036530,2023,1068982927734.0
036530,2024,1236309485655.0
036530,2025,1378207193892.0
006650,2020,1894119695873.0
006650,2021,2029134281774.0
006650,2022,1861952413767.0
006650,2023,1824790602135.0
006650,2024,1807642130951.0
006650,2025,1834934631352.0
033240,2020,272452967118.0
033240,2021,298744472785.0
033240,2022,343157721032.0
033240,2023,379749959727.0
033240,2024,400535743755.0
033240,2025,444654820562.0
071320,2020,1803734802363.0
071320,2021,1823178843481.0
071320,2022,1662206626412.0
071320,2023,2088465548026.0
071320,2024,2267100154216.0
071320,2025,2301416000000.0
214320,2020,769252306386.0
214320,2021,820052703451.0
214320,2022,849645027401.0
214320,2023,910830409425.0
214320,2024,1001998693589.0
214320,2025,1064713851835.0
005090,2020,566946378831.0
005090,2021,599774752159.0
005090,2022,694057727339.0
005090,2023,719276758991.0
005090,2024,757610118749.0
005090,2025,701160432134.0
064960,2020,760724389776.0
064960,2021,857577114045.0
064960,2022,879026675770.0
064960,2023,943327647914.0
064960,2024,984795341182.0
064960,2025,1013770948783.0
001510,2023,636324143459.0
001510,2024,550995937275.0
001510,2025,602394974044.0
100840,2020,235772710225.0
100840,2021,244849256040.0
100840,2022,255431113393.0
100840,2023,276014273067.0
100840,2024,306281786285.0
100840,2025,364744033303.0
004490,2020,1106043271502.0
004490,2021,1180077020349.0
004490,2022,1212379534348.0
004490,2023,1304333517132.0
004490,2024,1469354210786.0
004490,2025,1624569598302.0
003850,2020,339909909735.0
003850,2021,473863494404.0
003850,2022,515917388797.0
003850,2023,548749644998.0
003850,2024,784503260930.0
003850,2025,845502782078.0
178920,2020,282886689357.0
178920,2021,325888935950.0
178920,2022,341453216519.0
178920,2023,314918934887.0
178920,2024,337909543920.0
178920,2025,355154473586.0
003160,2020,127962628680.0
003160,2021,141504397113.0
003160,2022,151269925168.0
003160,2023,151144362792.0
003160,2024,153553412407.0
003160,2025,163568120352.0
079160,2020,133789133678.0
079160,2021,225247926295.0
079160,2022,376320424452.0
079160,2023,421276371634.0
079160,2024,691676694935.0
079160,2025,570202441570.0
009240,2020,607932452937.0
009240,2021,621263220193.0
009240,2022,445427945270.0
009240,2023,342770354219.0
009240,2024,350663939878.0
009240,2025,399759358345.0
285130,2020,952877954864.0
285130,2021,2053541812523.0
285130,2022,2146698895591.0
285130,2023,2118704262794.0
285130,2024,2200693238164.0
285130,2025,2259328664799.0
000370,2023,3232263451771.0
000370,2024,2866527337856.0
000370,2025,2669558297000.0
002020,2020,673392572580.0
002020,2021,821228038466.0
002020,2022,963636600464.0
002020,2023,1072864466112.0
002020,2024,1653673410736.0
002020,2025,1862590524430.0
005880,2020,772317246434.0
005880,2021,1286595137586.0
005880,2022,1526617168982.0
005880,2023,1609161939921.0
005880,2024,2019939938796.0
005880,2025,2157268023936.0
069260,2020,668418216236.0
069260,2021,699351313042.0
069260,2022,740190826513.0
069260,2023,840458533075.0
069260,2024,867980071112.0
069260,2025,902131284831.0
003620,2020,-88122115920.0
003620,2021,-80596657126.0
003620,2022,1092903122504.0
003620,2023,1082699001177.0
003620,2024,1420542693233.0
003620,2025,1484549777823.0
249420,2020,254547382718.0
249420,2021,152908517222.0
249420,2022,191243647515.0
249420,2023,169542721088.0
249420,2024,160758267270.0
249420,2025,246422148624.0
484870,2024,165385831216.0
484870,2025,194707837792.0
317450,2025,794378106390.0
005180,2020,589531144234.0
005180,2021,557875780965.0
005180,2022,575768974671.0
005180,2023,641597543475.0
005180,2024,721843501869.0
005180,2025,743761731819.0
058650,2020,1857834318159.0
058650,2021,1948791207335.0
058650,2022,2069597227487.0
058650,2023,2148801427341.0
058650,2024,2197926383845.0
058650,2025,2220326715761.0
093050,2020,1233520853696.0
093050,2021,1334881024587.0
093050,2022,1468889860377.0
093050,2023,1528091485694.0
093050,2024,1571705372065.0
093050,2025,1630803463666.0
114090,2020,486390297318.0
114090,2021,383548330363.0
114090,2022,382455408392.0
114090,2023,411810411984.0
114090,2024,413545764357.0
114090,2025,441452020522.0
002350,2020,1543102821259.0
002350,2021,1595676224449.0
002350,2022,1588617852699.0
002350,2023,1696428201760.0
002350,2024,1862206390174.0
002350,2025,2049843708852.0
007700,2020,551328455191.0
007700,2021,1933765301404.0
007700,2022,2050898481450.0
007700,2023,2135890418930.0
007700,2024,2208224262472.0
007700,2025,2312118904091.0
001680,2020,1083537324159.0
001680,2021,1226900332020.0
001680,2022,1303312861591.0
001680,2023,1321098135700.0
001680,2024,1421433807108.0
001680,2025,1070920927612.0
008060,2020,607276513103.0
008060,2021,595888311460.0
008060,2022,606292399363.0
008060,2023,607571738066.0
008060,2024,618812030892.0
008060,2025,586448180536.0
002960,2020,98115853946.0
002960,2021,109554752787.0
002960,2022,112955747743.0
002960,2023,126150255265.0
002960,2024,127275601718.0
002960,2025,140361831154.0
293940,2020,297067768654.0
293940,2021,284310632363.0
293940,2022,426519457401.0
293940,2023,545684173195.0
293940,2024,480551453313.0
293940,2025,635378526920.0
001570,2020,79159476488.0
001570,2021,117407475607.0
001570,2022,117757041729.0
001570,2023,195630461043.0
001570,2024,489922825099.0
001570,2025,458782762542.0
383800,2021,1414669000000.0
383800,2022,1611093000000.0
383800,2023,1662848000000.0
383800,2024,1869328000000.0
383800,2025,2000182000000.0
001060,2020,207490914378.0
001060,2021,188539529698.0
001060,2022,225759035573.0
001060,2023,265440456801.0
001060,2024,329486742125.0
001060,2025,369369599885.0
006380,2020,123782348749.0
006380,2021,126006035469.0
006380,2022,26602738377.0
006380,2023,-23332040485.0
006380,2024,88175526950.0
006380,2025,76798528456.0
003030,2020,975853904597.0
003030,2021,1204264910516.0
003030,2022,1503476862217.0
003030,2023,1798615497526.0
003030,2024,2000732800313.0
003030,2025,2062557507294.0
001270,2023,757822121729.0
001270,2024,770195668043.0
001270,2025,833182393220.0
014820,2020,484475742514.0
014820,2021,662981958666.0
014820,2022,728054674596.0
014820,2023,772368774171.0
014820,2024,835097773041.0
014820,2025,862085652205.0
000400,2023,1256231689675.0
000400,2024,794239494165.0
000400,2025,613504000000.0
000640,2020,888711347855.0
000640,2021,965159499705.0
000640,2022,981988995564.0
000640,2023,1012471183441.0
000640,2024,1049611141125.0
000640,2025,1136697422982.0
001500,2023,1277801535735.0
001500,2024,1302095000000.0
001500,2025,1443326000000.0
161000,2020,394517010658.0
161000,2021,692906373141.0
161000,2022,728117154658.0
161000,2023,736399086350.0
161000,2024,736662548235.0
161000,2025,714054163000.0
017940,2020,1184730992588.0
017940,2021,1307891267672.0
017940,2022,1442895944129.0
017940,2023,1624345042700.0
017940,2024,1663093599567.0
017940,2025,2022023758134.0
039130,2020,135039045410.0
039130,2021,85327526551.0
039130,2022,123307301140.0
039130,2023,170358262645.0
039130,2024,174878206041.0
039130,2025,147540834352.0
005250,2020,919300999029.0
005250,2021,1025424938374.0
005250,2022,1037734223535.0
005250,2023,980252078604.0
005250,2024,994091218414.0
005250,2025,900929806594.0
452260,2023,828664559252.0
452260,2024,802529688167.0
452260,2025,824636627293.0
016380,2020,972104978683.0
016380,2021,1150418247371.0
016380,2022,1690749472880.0
016380,2023,1890338950674.0
016380,2024,1961290470885.0
016380,2025,2056207915880.0
005810,2020,718704086334.0
005810,2021,886005031405.0
005810,2022,954757856849.0
005810,2023,1013940619794.0
005810,2024,1105236664785.0
005810,2025,1162602582658.0
017900,2020,199763462587.0
017900,2021,209756091144.0
017900,2022,227364920020.0
017900,2023,231372265798.0
017900,2024,239043668272.0
017900,2025,240951214682.0
002840,2020,267574131900.0
002840,2021,295987063654.0
002840,2022,341848565180.0
002840,2023,377967231783.0
002840,2024,400463662799.0
002840,2025,416384564328.0
453340,2023,628315540000.0
453340,2024,670079872000.0
453340,2025,729519039000.0
002240,2020,1356975131231.0
002240,2021,1527750786969.0
002240,2022,1600034753078.0
002240,2023,1677197825589.0
002240,2024,1781806817890.0
002240,2025,1817142349708.0
005420,2020,123141022399.0
005420,2021,152875430398.0
005420,2022,213896431034.0
005420,2023,294531871761.0
005420,2024,229064862514.0
005420,2025,219829033822.0
460860,2023,1721360857067.0
460860,2024,1701831258254.0
460860,2025,1884321017339.0
003300,2020,1331893169952.0
003300,2021,1377733247568.0
003300,2022,1420378647802.0
003300,2023,1509582524371.0
003300,2024,1630533886513.0
003300,2025,1679508026254.0
019170,2020,379136683611.0
019170,2021,359257098626.0
019170,2022,329607245593.0
019170,2023,269585828037.0
019170,2024,256820523467.0
019170,2025,269974999795.0
271940,2021,307157964564.0
271940,2022,314718893049.0
271940,2023,315903986871.0
271940,2024,317471681211.0
271940,2025,315093073673.0
001530,2020,498001835862.0
001530,2021,550654474178.0
001530,2022,598460920613.0
001530,2023,586077964493.0
001530,2024,560652809889.0
001530,2025,518391105714.0
217590,2025,110739339814.0
284740,2020,501299476858.0
284740,2021,645540582605.0
284740,2022,700950805001.0
284740,2023,806860656896.0
284740,2024,941983179595.0
284740,2025,1084631130175.0
003280,2020,-26283865205.0
003280,2021,102939787802.0
003280,2022,130677768738.0
003280,2023,165870210911.0
003280,2024,228328123075.0
003280,2025,255047354938.0
268280,2020,261089022804.0
268280,2021,326520867078.0
268280,2022,378855818934.0
268280,2023,373055947068.0
268280,2024,406341856929.0
268280,2025,448498102489.0
377740,2022,1600152081938.0
377740,2023,1556575913051.0
377740,2024,1635773099144.0
377740,2025,1511246700932.0
009410,2020,642168186589.0
009410,2021,713521635876.0
009410,2022,758471449399.0
009410,2023,-411318782736.0
009410,2024,524267319131.0
009410,2025,607581444685.0
009900,2020,184046632586.0
009900,2021,297090778845.0
009900,2022,383799554377.0
009900,2023,535155557097.0
009900,2024,697476492867.0
009900,2025,755894871215.0
031430,2020,639129820693.0
031430,2021,717002084673.0
031430,2022,830517772720.0
031430,2023,848992656598.0
031430,2024,841474147553.0
031430,2025,835194036657.0
011930,2020,191465322655.0
011930,2021,208038068628.0
011930,2022,210941714039.0
011930,2023,243303554427.0
011930,2024,238185000414.0
011930,2025,233421788228.0
020000,2020,1122106474243.0
020000,2021,1237781936956.0
020000,2022,1336173352388.0
020000,2023,1396903781873.0
020000,2024,1406099400780.0
020000,2025,1437094095000.0
014830,2020,784348752343.0
014830,2021,995571574535.0
014830,2022,901552165745.0
014830,2023,903111516380.0
014830,2024,1012258117518.0
014830,2025,1081887669182.0
016610,2023,1001577864517.0
016610,2024,1026044871102.0
016610,2025,1100967044768.0
448730,2023,373271247694.0
448730,2024,419449652010.0
448730,2025,406545673447.0
008730,2020,347643461727.0
008730,2021,346066225009.0
008730,2022,333811755335.0
008730,2023,306262065981.0
008730,2024,290930427545.0
008730,2025,292217763376.0
003000,2020,258499091275.0
003000,2021,269607668425.0
003000,2022,263217374288.0
003000,2023,226311356061.0
003000,2024,243675730043.0
003000,2025,340599929458.0
145990,2020,1168012000000.0
145990,2021,1263626000000.0
145990,2022,1323977000000.0
145990,2023,1496122909676.0
145990,2024,1730954050593.0
145990,2025,1607476458405.0
001200,2023,1011904699588.0
001200,2024,1051376155736.0
001200,2025,1132470877280.0
130660,2020,83241066633.0
130660,2021,85326712988.0
130660,2022,96082679393.0
130660,2023,103601086643.0
130660,2024,115810974179.0
130660,2025,103255646384.0
034310,2020,705895646451.0
034310,2021,746908491816.0
034310,2022,752225230716.0
034310,2023,758344003209.0
034310,2024,756925507461.0
034310,2025,756223294985.0
004690,2020,1286976647413.0
004690,2021,1344735517921.0
004690,2022,1406230492765.0
004690,2023,1517029118092.0
004690,2024,1579478281287.0
004690,2025,1681408394515.0
000070,2020,1519653000000.0
000070,2021,1751562000000.0
000070,2022,1791931000000.0
000070,2023,1992730554023.0
000070,2024,2107161037623.0
000070,2025,1824995442526.0
381970,2021,275472387284.0
381970,2022,245821066878.0
381970,2023,234915872409.0
381970,2024,225787538542.0
381970,2025,223938501452.0
010820,2020,44713891325.0
010820,2021,43404056850.0
010820,2022,56662192603.0
010820,2023,62336376759.0
010820,2024,63670296047.0
010820,2025,82465023596.0
072710,2020,972016173050.0
072710,2021,1037314550919.0
072710,2022,1075569639225.0
072710,2023,1122517341443.0
072710,2024,1217526082411.0
072710,2025,1320947495730.0
015860,2020,289671668301.0
015860,2021,417028303436.0
015860,2022,432346578037.0
015860,2023,451538888508.0
015860,2024,462978510355.0
015860,2025,525960515563.0
027410,2020,1510460674725.0
027410,2021,1568908577122.0
027410,2022,1581881723259.0
027410,2023,1654399301569.0
027410,2024,1742060582850.0
027410,2025,1787293189210.0
012030,2020,313704546734.0
012030,2021,437784122800.0
012030,2022,284983493606.0
012030,2023,394926729147.0
012030,2024,393490665700.0
012030,2025,449174693019.0
403550,2022,247578318491.0
403550,2023,211739104490.0
403550,2024,183467679227.0
403550,2025,164872262389.0
004700,2020,314876657589.0
004700,2021,376981615455.0
004700,2022,378040280336.0
004700,2023,434710151011.0
004700,2024,543391319155.0
004700,2025,577863111460.0
060980,2020,886844015005.0
060980,2021,1012393812063.0
060980,2022,1003732534181.0
060980,2023,1010575530854.0
060980,2024,1062923267703.0
060980,2025,1071889501591.0
015360,2020,475705494000.0
015360,2021,490306564000.0
015360,2022,480639395000.0
015360,2023,466545425000.0
015360,2024,476675264000.0
015360,2025,645396467000.0
105840,2020,149107088786.0
105840,2021,140831375270.0
105840,2022,156094190557.0
105840,2023,168627005174.0
105840,2024,190285886615.0
105840,2025,198727991264.0
0120G0,2025,234733712990.0
029530,2020,848521781567.0
029530,2021,948667894840.0
029530,2022,953705781160.0
029530,2023,991227588174.0
029530,2024,1064287620242.0
029530,2025,1067863151088.0
417310,2022,206222684791.0
417310,2023,202965158652.0
417310,2024,200186161152.0
417310,2025,197442630778.0
357120,2020,352682156251.0
357120,2021,361441063959.0
357120,2022,465093334727.0
357120,2023,456241565552.0
357120,2024,501625191771.0
357120,2025,480457433054.0
950210,2021,508814739.0
950210,2022,332536048.0
950210,2023,343167697.0
950210,2024,316072148.0
950210,2025,303015260.0
145720,2020,229294227595.0
145720,2021,291840006362.0
145720,2022,373880914874.0
145720,2023,464602836471.0
145720,2024,554666082971.0
145720,2025,562431790931.0
306200,2020,595252240522.0
306200,2021,679592734674.0
306200,2022,829001866215.0
306200,2023,997250711969.0
306200,2024,1112556559045.0
306200,2025,1122055270502.0
344820,2020,1319866515307.0
344820,2021,1388414266640.0
344820,2022,1442609771817.0
344820,2023,1488013065521.0
344820,2024,1488939947823.0
344820,2025,1379174731582.0
017810,2020,450085072035.0
017810,2021,466587400389.0
017810,2022,412259918856.0
017810,2023,317611623913.0
017810,2024,303640620956.0
017810,2025,310103420829.0
002030,2020,809037626324.0
002030,2021,908227683144.0
002030,2022,981905721805.0
002030,2023,1077694141364.0
002030,2024,1151370505000.0
002030,2025,1187749013000.0
170900,2020,642096821600.0
170900,2021,656379118320.0
170900,2022,671576773291.0
170900,2023,657366772417.0
170900,2024,670285788638.0
170900,2025,642711048371.0
089590,2020,216811873460.0
089590,2021,184088787569.0
089590,2022,306620204261.0
089590,2023,311202861948.0
089590,2024,324073130473.0
089590,2025,275152877297.0
002710,2020,117227371628.0
002710,2021,150914277043.0
002710,2022,203812205412.0
002710,2023,230889667653.0
002710,2024,254955952846.0
002710,2025,244995236555.0
016590,2020,454744821325.0
016590,2021,502017213004.0
016590,2022,556086876657.0
016590,2023,582523395588.0
016590,2024,588727905576.0
016590,2025,601606910997.0
002810,2020,379258276981.0
002810,2021,417739893407.0
002810,2022,462523626237.0
002810,2023,502096218050.0
002810,2024,558644982089.0
002810,2025,607348995042.0
092790,2023,444944994289.0
092790,2024,464905978600.0
092790,2025,464015833818.0
097520,2020,252934743419.0
097520,2021,298966196208.0
097520,2022,309066577971.0
097520,2023,323612702499.0
097520,2024,372224146153.0
097520,2025,385519174567.0
006220,2023,535851000000.0
006220,2024,590108000000.0
006220,2025,647270000000.0
126720,2022,458442928344.0
126720,2023,496694455298.0
126720,2024,516028895376.0
126720,2025,550295501186.0
010690,2020,255650359629.0
010690,2021,288434545711.0
010690,2022,356862860713.0
010690,2023,445066909595.0
010690,2024,517450986464.0
010690,2025,571361149385.0
005610,2020,302999197330.0
005610,2021,335033093026.0
005610,2022,389108878435.0
005610,2023,419012689858.0
005610,2024,479829767129.0
005610,2025,481554949129.0
004710,2020,278804225080.0
004710,2021,277992084849.0
004710,2022,306289939443.0
004710,2023,346281255523.0
004710,2024,367723900659.0
004710,2025,301193640096.0
183190,2020,814428316321.0
183190,2021,905943853564.0
183190,2022,964657092412.0
183190,2023,1035263351019.0
183190,2024,1093970937000.0
183190,2025,1089136117000.0
286940,2020,413349714308.0
286940,2021,433192343544.0
286940,2022,424894250621.0
286940,2023,417202621162.0
286940,2024,419359974895.0
286940,2025,426141012044.0
200880,2020,602920891448.0
200880,2021,664423101166.0
200880,2022,721759664425.0
200880,2023,881633237416.0
200880,2024,1099775512195.0
200880,2025,1171384310467.0
092230,2020,774196555481.0
092230,2021,821246538035.0
092230,2022,828912541995.0
092230,2023,931229804585.0
092230,2024,1008559016980.0
092230,2025,1105468112147.0
005950,2020,250242329617.0
005950,2021,283832433296.0
005950,2022,305686299442.0
005950,2023,157728447938.0
005950,2024,104521342000.0
005950,2025,96111001000.0
058430,2020,223257203113.0
058430,2021,321735826884.0
058430,2022,342158767490.0
058430,2023,358666992099.0
058430,2024,382521328525.0
058430,2025,383478335438.0
029460,2020,592458106714.0
029460,2021,669526049455.0
029460,2022,706518160427.0
029460,2023,769871323221.0
029460,2024,759740076015.0
029460,2025,851836064096.0
105630,2020,421351758479.0
105630,2021,464417140986.0
105630,2022,537086481739.0
105630,2023,643694359723.0
105630,2024,709665754071.0
105630,2025,734724634343.0
091810,2020,116985772113.0
091810,2021,47341367572.0
091810,2022,59402782636.0
091810,2023,157142050991.0
091810,2024,82281964755.0
091810,2025,52028401595.0
025860,2020,452918580104.0
025860,2021,467403326105.0
025860,2022,511625841191.0
025860,2023,510257449429.0
025860,2024,529335021379.0
025860,2025,549427715570.0
092200,2020,35657934932.0
092200,2021,93008559373.0
092200,2022,101718927528.0
092200,2023,134192171276.0
092200,2024,149248653777.0
092200,2025,142174145731.0
192650,2020,266408733893.0
192650,2021,341327709105.0
192650,2022,409834184381.0
192650,2023,409721198696.0
192650,2024,406158780438.0
192650,2025,371253161502.0
018250,2020,333042423167.0
018250,2021,346231354379.0
018250,2022,358342616186.0
018250,2023,387142792818.0
018250,2024,400419281776.0
018250,2025,399068642868.0
011760,2020,313056937442.0
011760,2021,361067334097.0
011760,2022,433031795797.0
011760,2023,577366940706.0
011760,2024,651976280727.0
011760,2025,692678900868.0
003720,2020,45749316906.0
003720,2021,50546455446.0
003720,2022,52098188083.0
003720,2023,67222931028.0
003720,2024,74183530314.0
003720,2025,88284687667.0
084690,2020,653025796014.0
084690,2021,707446049277.0
084690,2022,735654949923.0
084690,2023,742528835261.0
084690,2024,767604642617.0
084690,2025,618310735276.0
005720,2020,1051520065010.0
005720,2021,1098430089948.0
005720,2022,1128197917818.0
005720,2023,1166907216065.0
005720,2024,1265392393050.0
005720,2025,1394976915340.0
009290,2020,477661331353.0
009290,2021,499177113743.0
009290,2022,517330687607.0
009290,2023,544616130050.0
009290,2024,579122160869.0
009290,2025,655579105404.0
016800,2020,460925504509.0
016800,2021,497507890890.0
016800,2022,472952597361.0
016800,2023,530592357564.0
016800,2024,574010179978.0
016800,2025,597668247322.0
126560,2020,690954051490.0
126560,2021,767710410142.0
126560,2022,752959240652.0
126560,2023,740843591897.0
126560,2024,736313681071.0
126560,2025,727889960000.0
194370,2020,150599216283.0
194370,2021,201754466091.0
194370,2022,255360407427.0
194370,2023,292660537619.0
194370,2024,474254185464.0
194370,2025,527352740580.0
078520,2020,156751562135.0
078520,2021,113769893388.0
078520,2022,115045456777.0
078520,2023,87685530825.0
078520,2024,91276503428.0
078520,2025,86589765170.0
009160,2020,463986165242.0
009160,2021,546662288635.0
009160,2022,599682756591.0
009160,2023,582578411762.0
009160,2024,605256122000.0
009160,2025,670337385920.0
001390,2020,382194547031.0
001390,2021,473789956363.0
001390,2022,791485965149.0
001390,2023,918286865874.0
001390,2024,951530779544.0
001390,2025,998971750055.0
272450,2020,98160651390.0
272450,2021,172748470776.0
272450,2022,109045058525.0
272450,2023,142987687702.0
272450,2024,231252257412.0
272450,2025,224435967985.0
104700,2020,696830670516.0
104700,2021,722188490606.0
104700,2022,790918579636.0
104700,2023,851747532604.0
104700,2024,810359379879.0
104700,2025,770845640468.0
024720,2020,585208939173.0
024720,2021,622972180823.0
024720,2022,618083648358.0
024720,2023,599005450595.0
024720,2024,601493927611.0
024720,2025,614809257768.0
034830,2023,997656963626.0
034830,2024,956946611273.0
034830,2025,1038252559423.0
084010,2020,494614939418.0
084010,2021,649672015994.0
084010,2022,708053991372.0
084010,2023,749477728271.0
084010,2024,777722487632.0
084010,2025,800329287154.0
017860,2023,277355153825.0
017860,2024,283038467880.0
017860,2025,270334444403.0
002310,2020,633500186859.0
002310,2021,714420848901.0
002310,2022,804286022003.0
002310,2023,849757319336.0
002310,2024,835936616430.0
002310,2025,845325745299.0
007690,2020,539275846071.0
007690,2021,801044127573.0
007690,2022,845357898058.0
007690,2023,834446648642.0
007690,2024,839726015955.0
007690,2025,861872271404.0
001940,2020,843362622409.0
001940,2021,948525695935.0
001940,2022,1048031459030.0
001940,2023,1121555375984.0
001940,2024,1178680198662.0
001940,2025,1143065471427.0
108670,2020,837745000000.0
108670,2021,863520000000.0
108670,2022,779943000000.0
108670,2023,832982000000.0
108670,2024,869875000000.0
108670,2025,834215000000.0
001340,2020,177231254085.0
001340,2021,189536791043.0
001340,2022,209676014934.0
001340,2023,213651817625.0
001340,2024,213430158021.0
001340,2025,223279935761.0
033270,2020,276891043919.0
033270,2021,300708931663.0
033270,2022,337856486362.0
033270,2023,378681044247.0
033270,2024,406207015461.0
033270,2025,454629301042.0
026890,2020,178492406615.0
026890,2023,252559735414.0
026890,2024,248476726991.0
026890,2025,254176101267.0
000650,2020,37939021340.0
000650,2021,35928246855.0
000650,2022,26615752815.0
000650,2023,19058948856.0
000650,2024,14086493860.0
000650,2025,9583544196.0
000430,2020,464165932849.0
000430,2021,462595407031.0
000430,2022,483710756325.0
000430,2023,509056789773.0
000430,2024,518278557000.0
000430,2025,561545424000.0
001750,2023,489793772704.0
001750,2024,514157230371.0
001750,2025,581809787522.0
017390,2020,1030529468561.0
017390,2021,1034917295913.0
017390,2022,1049084619529.0
017390,2023,1061925120032.0
017390,2024,1094640625299.0
017390,2025,1118015470579.0
002900,2020,125980831693.0
002900,2021,250258778921.0
002900,2022,335492679194.0
002900,2023,383694128561.0
002900,2024,407977073701.0
002900,2025,422564575746.0
011500,2020,130848895832.0
011500,2021,147709773437.0
011500,2022,152591076184.0
011500,2023,162579437615.0
011500,2024,164878103494.0
011500,2025,174382885222.0
123890,2023,1035048089629.0
123890,2024,1045754337172.0
123890,2025,1083326461953.0
003920,2020,860697390997.0
003920,2021,812960709791.0
003920,2022,737951261299.0
003920,2023,678230958285.0
003920,2024,631785721012.0
003920,2025,949068512416.0
005010,2020,414464187343.0
005010,2021,626399910226.0
005010,2022,909180443075.0
005010,2023,1007030906107.0
005010,2024,1119640246593.0
005010,2025,1057454587630.0
096760,2020,109193711613.0
096760,2021,93242734866.0
096760,2022,106992347999.0
096760,2023,123964559384.0
096760,2024,229541382041.0
096760,2025,266962289857.0
005680,2020,490894305105.0
005680,2021,511758521283.0
005680,2022,521757690647.0
005680,2023,529626204677.0
005680,2024,531099984716.0
005680,2025,539712971006.0
001230,2020,2033190428758.0
001230,2021,2669671791017.0
001230,2022,3144196726385.0
001230,2023,1631268474295.0
001230,2024,1630053987864.0
001230,2025,1795520178636.0
900140,2020,327213590.0
900140,2021,358368759.0
900140,2022,319726995.0
900140,2023,317874139.0
900140,2024,312038476.0
900140,2025,349845047.0
005500,2020,213456244656.0
005500,2021,234168018137.0
005500,2022,275344032044.0
005500,2023,265364997650.0
005500,2024,261655067978.0
005500,2025,290394738749.0
004360,2020,850480910094.0
004360,2021,894285706100.0
004360,2022,1000681167949.0
004360,2023,1056385323392.0
004360,2024,1132944615308.0
004360,2025,1206827202996.0
005430,2020,272534194902.0
005430,2021,290074277397.0
005430,2022,339276428817.0
005430,2023,348472901998.0
005430,2024,370243190857.0
005430,2025,405156448642.0
037710,2020,698267902723.0
037710,2021,745805464629.0
037710,2022,789909736438.0
037710,2023,819213142885.0
037710,2024,837120198750.0
037710,2025,865233394114.0
001250,2020,285967050349.0
001250,2021,331082176837.0
001250,2022,397078092565.0
001250,2023,421798220038.0
001250,2024,532013003000.0
001250,2025,542483632000.0
003120,2020,347476093197.0
003120,2021,345909590878.0
003120,2022,445567209076.0
003120,2023,382753680026.0
003120,2024,385134595275.0
003120,2025,386344748050.0
000680,2020,493208665545.0
000680,2021,553629003062.0
000680,2022,551876482818.0
000680,2023,564007596867.0
000680,2024,545945295900.0
000680,2025,892467219287.0
002320,2020,1091403131069.0
002320,2021,1223134526804.0
002320,2022,1395853937235.0
002320,2023,1410616452113.0
002320,2024,1392484819184.0
002320,2025,1399782662320.0
334890,2020,154542312711.0
334890,2021,174469841563.0
334890,2022,289211665037.0
334890,2023,403682226877.0
334890,2024,409674489380.0
334890,2025,379667647826.0
128820,2020,504417884517.0
128820,2021,458054424236.0
128820,2022,611699303883.0
128820,2023,595848541869.0
128820,2024,600669603753.0
128820,2025,625532156355.0
035510,2020,211330265998.0
035510,2021,276303438900.0
035510,2022,361449722871.0
035510,2023,382241045872.0
035510,2024,408601289160.0
035510,2025,433213266942.0
003960,2020,357583481450.0
003960,2021,423170300844.0
003960,2022,497448142062.0
003960,2023,585182053978.0
003960,2024,701571876209.0
003960,2025,652329783150.0
034120,2020,511323229481.0
034120,2021,657187168579.0
034120,2022,820911499697.0
034120,2023,878858245671.0
034120,2024,904219727036.0
034120,2025,1296102526048.0
122900,2020,361370378910.0
122900,2021,364019051549.0
122900,2022,357948561234.0
122900,2023,343510445137.0
122900,2024,359899582784.0
122900,2025,369951614763.0
0030R0,2025,292471995899.0
004430,2020,458709000000.0
004430,2021,543254000000.0
004430,2022,682622000000.0
004430,2023,705592000000.0
004430,2024,756110000000.0
004430,2025,760110000000.0
475560,2024,267553221758.0
475560,2025,245998201132.0
009470,2020,49076318615.0
009470,2021,65161185180.0
009470,2022,67775589238.0
009470,2023,72626677513.0
009470,2024,87560521250.0
009470,2025,94041534680.0
088260,2020,255805717783.0
088260,2021,249556735258.0
088260,2022,241651114672.0
088260,2023,235146035016.0
088260,2024,223594998759.0
088260,2025,214927616944.0
037270,2020,89272307112.0
037270,2021,134757708524.0
037270,2022,142590090493.0
037270,2023,162632438288.0
037270,2024,164603398462.0
037270,2025,188619048109.0
000490,2020,315607042343.0
000490,2021,351402475972.0
000490,2022,344659921696.0
000490,2023,453878420290.0
000490,2024,431724092277.0
000490,2025,484822395599.0
001460,2020,452685462892.0
001460,2021,481829929032.0
001460,2022,515759901837.0
001460,2023,534889237094.0
001460,2024,549407749514.0
001460,2025,562493040763.0
348950,2020,822923291291.0
348950,2021,805911033100.0
348950,2022,920485107036.0
348950,2023,858733620727.0
348950,2024,805841285516.0
348950,2025,1188711771110.0
003200,2020,709815571406.0
003200,2021,773283076156.0
003200,2022,883201102341.0
003200,2023,857743185595.0
003200,2024,883877045844.0
003200,2025,925285143386.0
000320,2020,371231114243.0
000320,2021,368106986666.0
000320,2022,393771033722.0
000320,2023,413617284964.0
000320,2024,470172937033.0
000320,2025,502771595047.0
010580,2020,9510827445.0
010580,2021,32357643675.0
010580,2022,66976244003.0
010580,2023,66510217307.0
010580,2024,67316795376.0
010580,2025,70162568788.0
003520,2020,114431839233.0
003520,2021,104885462467.0
003520,2022,89870191058.0
003520,2023,89632344152.0
003520,2024,89803131309.0
003520,2025,91459449207.0
136490,2020,369961032112.0
136490,2021,413074174746.0
136490,2022,424007572960.0
136490,2023,430122792485.0
136490,2025,563050361474.0
003070,2020,473699950806.0
003070,2021,598055073736.0
003070,2022,566439890660.0
003070,2023,558993973913.0
003070,2024,603002684685.0
003070,2025,694949761429.0
244920,2020,94105173362.0
244920,2021,98130255349.0
244920,2022,145802764168.0
244920,2023,150363919585.0
244920,2024,150535119361.0
244920,2025,169692781331.0
210980,2020,524396691224.0
210980,2021,639256047752.0
210980,2022,697066259283.0
210980,2023,761878023461.0
210980,2024,570030647132.0
210980,2025,570009705426.0
044450,2020,268780951266.0
044450,2021,342751528037.0
044450,2022,406280228275.0
044450,2023,420480242387.0
044450,2024,529497387975.0
044450,2025,544324342662.0
030210,2023,647864988319.0
030210,2024,593972823867.0
030210,2025,625976637367.0
134380,2020,112904700899.0
134380,2021,119954962155.0
134380,2022,132708596334.0
134380,2023,144488827195.0
134380,2024,162371006938.0
134380,2025,173551942637.0
000050,2020,741952866822.0
000050,2021,752168598930.0
000050,2022,755028762126.0
000050,2023,738061858170.0
000050,2024,759641998841.0
000050,2025,811845969050.0
000540,2023,1360675000000.0
000540,2024,772659000000.0
000540,2025,836868000000.0
037560,2020,631105915191.0
037560,2021,652383502161.0
037560,2022,625521811283.0
037560,2023,565338307755.0
037560,2024,444085285409.0
037560,2025,452657942525.0
000480,2020,617210369025.0
000480,2021,664882050549.0
000480,2022,691474405417.0
000480,2023,590713288626.0
000480,2024,610168612000.0
000480,2025,561308631000.0
007160,2020,398655209092.0
007160,2021,449502069871.0
007160,2022,513611962810.0
007160,2023,528346964383.0
007160,2024,549301475543.0
007160,2025,534528153744.0
004980,2020,406873201183.0
004980,2021,413447793247.0
004980,2022,395539342144.0
004980,2023,532461084069.0
004980,2024,569291498503.0
004980,2025,587040924471.0
008490,2020,338059832387.0
008490,2021,387764547075.0
008490,2022,421340256523.0
008490,2023,425670263027.0
008490,2024,454678679625.0
008490,2025,488680468883.0
226320,2020,396204499016.0
226320,2021,379021950834.0
226320,2022,368963705981.0
226320,2023,369058730788.0
226320,2024,379191407094.0
226320,2025,389693846486.0
001630,2020,540167855234.0
001630,2021,540979901538.0
001630,2022,528865742554.0
001630,2023,562950342281.0
001630,2024,587498486055.0
001630,2025,637023671963.0
025000,2020,533630980893.0
025000,2021,578068145968.0
025000,2022,583827421953.0
025000,2023,636837107607.0
025000,2024,692318042794.0
025000,2025,656186975643.0
004380,2020,189975590802.0
004380,2021,197391601953.0
004380,2022,210708900479.0
004380,2023,202688133508.0
004380,2024,198814209545.0
004380,2025,157397401582.0
004560,2020,428488479422.0
004560,2021,497732716061.0
004560,2022,524827566700.0
004560,2023,493860721920.0
004560,2024,516108525904.0
004560,2025,521014646031.0
009680,2020,414634248521.0
009680,2021,418819258320.0
009680,2022,430657381135.0
009680,2023,447117300118.0
009680,2024,468171602831.0
009680,2025,482822956637.0
241590,2020,517837274859.0
241590,2021,536516494498.0
241590,2022,537446711322.0
241590,2023,514104507756.0
241590,2024,524232666170.0
241590,2025,461726912688.0
053690,2020,119321676139.0
053690,2021,132733641177.0
053690,2022,177126494937.0
053690,2023,184254204512.0
053690,2024,205482053319.0
053690,2025,227716419739.0
432320,2023,435761032751.0
432320,2024,389131933200.0
432320,2025,262894426368.0
035150,2020,121247334460.0
035150,2021,145592840787.0
035150,2022,178487875878.0
035150,2023,206073593249.0
035150,2024,248065683091.0
035150,2025,258622375156.0
001790,2020,478344454000.0
001790,2021,510954964000.0
001790,2022,537502854000.0
001790,2023,554344669000.0
001790,2024,558280144000.0
001790,2025,482430175000.0
003650,2020,277126947620.0
003650,2021,301981619538.0
003650,2022,321144536739.0
003650,2023,364859745172.0
003650,2024,412505084328.0
003650,2025,479410729146.0
001780,2020,202079151916.0
001780,2021,227876040100.0
001780,2022,237458232505.0
001780,2023,278098536484.0
001780,2024,311802738703.0
001780,2025,326552093873.0
033920,2020,524752156967.0
033920,2021,498540425058.0
033920,2022,480560895761.0
033920,2023,539638320504.0
033920,2024,571647855552.0
033920,2025,613401250874.0
004310,2020,90140780227.0
004310,2021,86600324878.0
004310,2022,86555281442.0
004310,2023,84661467623.0
004310,2024,79074176370.0
004310,2025,82103210702.0
