code,name,sector,mcap,adtv
247540,에코프로비엠,중견기업부,19370425932000,177421808850
196170,알테오젠,우량기업부,19130324451000,188017371000
086520,에코프로,중견기업부,17325036995200,273837996450
277810,레인보우로보틱스,기술성장기업부,14802091654000,227620226000
036930,주성엔지니어링,우량기업부,9152132724900,701206723500
950160,코오롱티슈진,외국기업(소속부없음),9151493400000,105069250700
000250,삼천당제약,중견기업부,7084156544000,79084347500
058470,리노공업,우량기업부,7072459680000,98007523300
028300,HLB,중견기업부,6939627418300,43114545650
087010,펩트론,기술성장기업부,6307343175000,54664293000
298380,에이비엘바이오,기술성장기업부,5996257287300,42631923450
108490,로보티즈,기술성장기업부,5936096340000,433367700750
141080,리가켐바이오,기술성장기업부,5467768038600,69954286500
440110,파두,기술성장기업부,5365370171700,124950878900
039030,이오테크닉스,우량기업부,5322045600000,72647408250
240810,원익IPS,우량기업부,4805313907900,65008652250
178320,서진시스템,중견기업부,4619664832200,155574395200
095340,ISC,우량기업부,4483177767000,56614510000
214370,케어젠,벤처기업부,4388515500000,9917179850
310210,보로노이,기술성장기업부,4287705843000,23436878250
319400,현대무벡스,우량기업부,4126482244950,81809300575
222800,심텍,중견기업부,3911234396400,125223433800
347850,디앤디파마텍,기술성장기업부,3683928762700,198109283400
403870,HPSP,우량기업부,3633545000000,126826381875
080220,제주반도체,우량기업부,3478726133000,197896985800
043260,성호전자,우량기업부,3368834092500,666089055425
226950,올릭스,기술성장기업부,3166890948000,134188515900
214450,파마리서치,우량기업부,3018192744000,25162858250
010170,대한광통신,중견기업부,3000873238000,401164287080
145020,휴젤,우량기업부,2989880019000,14935320000
131970,두산테스나,우량기업부,2887489357200,47741183000
357780,솔브레인,우량기업부,2815840892000,31939230750
064760,티씨케이,우량기업부,2806033416000,20662690250
214150,클래시스,우량기업부,2782300856350,11600895700
263750,펄어비스,우량기업부,2756232979500,25202158350
067310,하나마이크론,중견기업부,2751618956400,50832790825
084370,유진테크,우량기업부,2745341831600,26934828100
058610,에스피지,우량기업부,2743339432000,65165546550
005290,동진쎄미켐,우량기업부,2640252526800,31701024650
319660,피에스케이,우량기업부,2624384288400,47286364200
237690,에스티팜,우량기업부,2574301449200,18856580850
032820,우리기술,벤처기업부,2496855456300,68233107500
082920,비츠로셀,우량기업부,2380322542500,23163881650
257720,실리콘투,우량기업부,2327956946000,22984943350
131290,티에스이,우량기업부,2262062230500,23130682300
098460,고영,우량기업부,2217548586500,48545834025
218410,RFHIC,우량기업부,2188003620800,39757769050
0009K0,에임드바이오,기술성장기업부,2182651683750,6347663725
031980,피에스케이홀딩스,우량기업부,2169176937000,24108832050
100790,미래에셋벤처투자,우량기업부,2148891445300,113405941650
290650,엘앤씨바이오,우량기업부,2125212675200,35005477700
083650,비에이치아이,우량기업부,2091839750000,23463746150
068760,셀트리온제약,우량기업부,2051387738400,7332357275
095610,테스,우량기업부,2025056000000,36507945200
007390,네이처셀,중견기업부,1981377972000,97542125700
030530,원익홀딩스,중견기업부,1981154212650,26930014225
035900,JYP Ent.,우량기업부,1972053306000,12641199800
078600,대주전자재료,우량기업부,1962760968000,47078197750
140860,파크시스템스,우량기업부,1925678975000,13725758250
140410,메지온,투자주의환기종목(소속부없음),1923824171100,16279496050
089030,테크윙,중견기업부,1811923240500,39347240550
041510,에스엠,우량기업부,1792654227000,9674969950
060370,LS마린솔루션,우량기업부,1713434411200,8202450975
096530,씨젠,우량기업부,1663397908900,21462405000
347700,스피어,기술성장기업부,1651464912500,59578329400
031330,에스에이엠티,우량기업부,1626919740090,27271328305
039200,오스코텍,벤처기업부,1606843392000,38510131775
445680,큐리옥스바이오시스템즈,기술성장기업부,1598182389500,13615623850
420770,기가비스,우량기업부,1589540053200,18490737000
323280,태성,중견기업부,1584921162000,17624423400
090360,로보스타,중견기업부,1548300000000,249639849900
437730,삼현,기술성장기업부,1547329269600,14271266500
476830,알지노믹스,기술성장기업부,1545263077800,26457157850
032500,케이엠더블유,중견기업부,1476709535000,32605650625
099320,쎄트렉아이,우량기업부,1417095373200,16484073100
475830,오름테라퓨틱,기술성장기업부,1370398802500,10719067350
101490,에스앤에스텍,우량기업부,1367565743900,16449005800
127120,제이에스링크,벤처기업부,1345027637100,6393476975
490470,세미파이브,기술성장기업부,1342995655000,40342055925
089970,브이엠,우량기업부,1342642129000,27023058900
397030,에이프릴바이오,기술성장기업부,1341612229800,14904977250
189300,인텔리안테크,우량기업부,1341113375300,38938692200
090710,휴림로봇,중견기업부,1306861735180,73278542215
417200,LS머트리얼즈,중견기업부,1288106627360,31074023850
388720,유일로보틱스,벤처기업부,1281810336000,39713923400
038500,삼표시멘트,우량기업부,1276649899980,39892454350
232140,와이씨,우량기업부,1254473401500,13986553570
027360,아주IB투자,중견기업부,1250220589920,99149518632
036540,SFA반도체,중견기업부,1249898302800,42266023835
003380,하림지주,우량기업부,1220861268900,8119897860
295310,에이치브이엠,기술성장기업부,1209945474600,37959694950
195940,HK이노엔,우량기업부,1206853356600,9277932625
466100,클로봇,기술성장기업부,1206767928600,37911581975
491000,리브스메드,기술성장기업부,1198960548450,11975849025
085660,차바이오텍,중견기업부,1193771342640,5583076595
065350,신성델타테크,우량기업부,1179061369200,6740032625
166090,하나머티리얼즈,우량기업부,1153038394200,16657659000
281740,레이크머티리얼즈,우량기업부,1139767702320,12629184775
458870,씨어스,기술성장기업부,1122762330000,9856295525
328130,루닛,기술성장기업부,1120202498160,11214215700
048410,현대바이오,중견기업부,1092443075040,25339947840
204270,제이앤티씨,중견기업부,1091022068760,8283911490
115180,큐리언트,벤처기업부,1062797699250,3451312225
388210,씨엠티엑스,벤처기업부,1044610191600,15735144400
137400,피엔티,우량기업부,1017516767600,9701321050
124500,아이티센글로벌,우량기업부,1004756019100,7735854175
356860,티엘비,우량기업부,993095630000,30070354050
161580,필옵틱스,중견기업부,989262823400,11799567425
056190,에스에프에이,우량기업부,955173016000,3696290950
183300,코미코,우량기업부,950876175600,22344105850
036830,솔브레인홀딩스,우량기업부,944208325050,5544603225
439960,코스모로보틱스,기술성장기업부,940790945800,85359333875
160190,하이젠알앤엠,투자주의환기종목(소속부없음),938995200000,7198563950
126340,비나텍,벤처기업부,936516520800,19891986950
358570,지아이이노베이션,기술성장기업부,908145994230,17777779155
033100,제룡전기,우량기업부,899494904000,13467327750
035760,CJ ENM,중견기업부,893613025500,8079629375
213420,덕산네오룩스,우량기업부,888956208200,9281845425
052020,에스티큐브,투자주의환기종목(소속부없음),888541613370,6846048540
456160,지투지바이오,기술성장기업부,888485778300,7547413350
083450,GST,우량기업부,888326000000,20003887350
033790,피노,중견기업부,886713356760,29415633190
050890,쏠리드,우량기업부,875501654940,31102293710
293490,카카오게임즈,중견기업부,871830905810,2647687935
376900,로킷헬스케어,기술성장기업부,860359363800,9080442550
033640,네패스,중견기업부,860108234600,23041350450
222080,씨아이에스,우량기업부,859470591200,18074504530
086450,동국제약,우량기업부,837667378400,7209492570
094170,동운아나텍,우량기업부,826987968800,7727642125
046890,서울반도체,중견기업부,812194222000,44733307535
122870,와이지엔터테인먼트,우량기업부,809322421700,6993788125
052400,코나아이,우량기업부,808262650500,7185845100
014620,성광벤드,우량기업부,806015997400,8012040925
074600,원익QnC,우량기업부,793897600000,8667011600
476060,온코닉테라퓨틱스,기술성장기업부,789642337600,7930335815
056080,유진로봇,중견기업부,784003976800,14409246190
253450,스튜디오드래곤,우량기업부,775509248400,3156051250
059090,미코,벤처기업부,775269249600,27476749930
032190,다우데이타,우량기업부,767915000000,3316866785
121600,나노신소재,우량기업부,765855687500,6757911650
348370,엔켐,중견기업부,759215907450,15011768800
023160,태광,우량기업부,757910190600,10579413325
252990,샘씨엔에스,우량기업부,753927970280,14259201580
241710,코스메카코리아,우량기업부,748668000000,4396912050
486990,노타,기술성장기업부,744983427000,33013209950
037460,삼지전자,우량기업부,740044972700,11975649500
171090,선익시스템,우량기업부,739512223200,8124463000
365340,성일하이텍,기술성장기업부,718413994000,4141463600
336570,원텍,우량기업부,702312264640,11808231685
060250,NHN KCP,우량기업부,697188206960,10258243205
225570,넥슨게임즈,중견기업부,694824835700,2039329110
006730,서부T&D,우량기업부,694068806870,7848813815
053800,안랩,우량기업부,679829516600,3419621950
174900,앱클론,벤처기업부,676377173100,9644107250
053610,프로텍,우량기업부,675000000000,5747452250
348340,뉴로메카,기술성장기업부,667556154000,28099867000
009520,포스코엠텍,중견기업부,664201112850,3395199660
044490,태웅,우량기업부,663244680150,8551984025
112040,위메이드,중견기업부,662674388160,3623190895
102940,코오롱생명과학,중견기업부,662384511800,1783856900
389470,인벤티지랩,기술성장기업부,661393087600,4992999400
348210,넥스틴,우량기업부,653765112000,8928611200
036810,에프에스티,중견기업부,649493670000,5695025175
383310,에코프로에이치엔,우량기업부,642881665800,17354730000
327260,RF머트리얼즈,벤처기업부,639683665500,16615020100
086900,메디톡스,우량기업부,634239389300,10551804850
399720,가온칩스,벤처기업부,631010385200,4704825600
089890,코세스,우량기업부,621936075000,10081190800
082270,젬백스,벤처기업부,613128461550,4042407515
033160,엠케이전자,중견기업부,608490819900,31627976805
102710,이엔에프테크놀로지,우량기업부,590087626800,5451929150
253590,네오셈,우량기업부,588724180880,8728922020
033500,동성화인텍,우량기업부,587494187460,4876623815
448900,한국피아이엠,기술성장기업부,580110643500,11792662800
041830,인바디,우량기업부,576307705500,3535487475
425420,티에프이,우량기업부,572909198400,8488675100
067160,SOOP,우량기업부,571864658250,4064207775
015750,성우하이텍,우량기업부,561600000000,5281515115
376300,디어유,우량기업부,561413301900,2539906175
089010,켐트로닉스,우량기업부,559280400450,7454008750
272290,이녹스첨단소재,우량기업부,559247127450,6441682025
093320,케이아이엔엑스,우량기업부,551928000000,1005986700
019210,와이지-원,우량기업부,547119738880,8689410870
475960,토모큐브,기술성장기업부,546037579200,4123405150
356680,엑스게이트,벤처기업부,544895262280,22533086350
122640,예스티,벤처기업부,542959203150,5344288750
278280,천보,중견기업부,541431226000,4607489825
041960,코미팜,벤처기업부,526810709350,2035752280
045100,한양이엔지,우량기업부,525000000000,5488416275
077360,덕산하이메탈,벤처기업부,524797373100,15167083850
368770,파이버프로,벤처기업부,524024888750,5456690235
200710,에이디테크놀로지,중견기업부,520979670900,8913713900
460930,현대힘스,우량기업부,520231330150,2519855015
214430,아이쓰리시스템,우량기업부,518081543500,5774063100
104830,원익머트리얼즈,우량기업부,514406400000,1643484200
092190,서울바이오시스,투자주의환기종목(소속부없음),509597735130,9451751115
064290,인텍플러스,중견기업부,506196904700,18764391100
041190,우리기술투자,우량기업부,502320000000,6234226380
042000,카페24,우량기업부,500488098300,3853416925
230360,에코마케팅,우량기업부,495980128000,286219230
332570,PS일렉트로닉스,우량기업부,495142567800,38488783460
393890,더블유씨피,기술성장기업부,490725588000,10717885270
035890,서희건설,중견기업부,489492013410,4111380081
477850,마키나락스,기술성장기업부,485903428000,32863244825
099190,아이센스,중견기업부,483122791200,1824063965
030520,한글과컴퓨터,우량기업부,478758931200,3660956260
199800,툴젠,기술성장기업부,478673862800,4104914450
125490,한라캐스트,벤처기업부,475260623040,17107787360
290550,디케이티,우량기업부,472029028000,12228077250
060280,큐렉소,중견기업부,472011997600,5410850400
025980,아난티,우량기업부,471909801500,4835381099
0011T0,채비,기술성장기업부,471843389550,5191355855
211050,인카금융서비스,우량기업부,470960560920,1090177095
372320,큐로셀,기술성장기업부,459061427700,2962710450
034950,한국기업평가,우량기업부,456321657000,888698450
024850,HLB이노베이션,중견기업부,450900324800,4037786170
455900,엔젤로보틱스,기술성장기업부,448343648300,11730052025
078160,메디포스트,벤처기업부,445364290080,2043871665
018290,브이티,우량기업부,445159016120,2717760040
340570,티앤엘,우량기업부,442163200000,6703749200
101930,인화정공,우량기업부,440408471400,285194430
330860,네패스아크,중견기업부,439234822250,11780903850
170920,엘티씨,벤처기업부,437883022700,17232144925
025320,시노펙스,우량기업부,437310839485,3068107692
064260,다날,중견기업부,436474286890,7738849325
389500,에스비비테크,기술성장기업부,436457416000,30711174650
006910,보성파워텍,우량기업부,434798942400,13378283470
025900,동화기업,중견기업부,429231349650,1005643010
095660,네오위즈,우량기업부,427536429840,1667554935
138080,오이솔루션,벤처기업부,427032651000,16213132175
078350,한양디지텍,우량기업부,426842696000,14496349125
493280,아이엠바이오로직스,기술성장기업부,425547786300,3712818025
425040,티이엠씨,우량기업부,425356171800,46777805370
251970,펌텍코리아,우량기업부,425320000000,1847509350
107640,한중엔시에스,기술성장기업부,423786225500,6158044225
036620,감성코퍼레이션,우량기업부,419937497440,2884542841
079940,가비아,우량기업부,418725340800,420792325
039440,에스티아이,우량기업부,418690269000,3906930600
013030,하이록코리아,우량기업부,415415483200,2062815850
215200,메가스터디교육,우량기업부,413053857600,1660562950
230240,에치에프알,중견기업부,411913550000,12277542775
101160,월덱스,우량기업부,406170427800,2757404375
456010,아이씨티케이,기술성장기업부,404914836600,39318170150
168360,펨트론,벤처기업부,404194897540,3630391945
287840,인투셀,기술성장기업부,402588528000,2608354300
069540,빛과전자,벤처기업부,402546269880,70145224398
117730,티로보틱스,벤처기업부,400179682820,4444359865
394280,오픈엣지테크놀로지,기술성장기업부,398886464200,3407935000
085910,네오티스,중견기업부,398535794800,14653160250
468530,프로티나,기술성장기업부,397819248400,4098268850
452280,한선엔지니어링,우량기업부,397464385500,9628389470
065680,우주일렉트로,우량기업부,392720017500,3541607500
424870,이뮨온시아,기술성장기업부,390820862250,2258877250
078130,국일제지,중견기업부,386136510475,1496858144
354320,알멕,기술성장기업부,385400274300,15116545500
144960,뉴파워프라즈마,우량기업부,384932017440,13104800080
067630,HLB생명과학,투자주의환기종목(소속부없음),384648317990,979619264
215600,신라젠,중견기업부,383100604460,2378208090
254490,미래반도체,우량기업부,381163200000,7157155700
047920,HLB제약,기술성장기업부,380800523160,1819735430
241770,메카로,우량기업부,379675840000,2458300300
110990,디아이티,우량기업부,377622000000,3627855660
042520,한스바이오메드,벤처기업부,375073952100,7091820325
098070,한텍,중견기업부,374226394650,2652618475
078020,LS증권,우량기업부,366175854000,927720820
092870,엑시콘,우량기업부,365422316000,7763830000
206650,유바이오로직스,우량기업부,363560739300,3311209100
179900,유티아이,투자주의환기종목(소속부없음),362362443720,2584001120
084110,휴온스글로벌,우량기업부,360804642000,3098384750
187660,페니트리움바이오,중견기업부,356648006790,20769205360
304360,에스바이오메딕스,벤처기업부,354214660800,1630678300
234340,헥토파이낸셜,우량기업부,354156129600,8183400975
452430,사피엔반도체,기술성장기업부,353332018800,4524765800
265520,AP시스템,우량기업부,352189211400,2404183500
389650,넥스트바이오메디컬,기술성장기업부,351784655000,4794384350
080580,오킨스전자,벤처기업부,350320762550,16547914645
488900,비츠로넥스텍,기술성장기업부,349166138150,1357844190
114810,한솔아이원스,우량기업부,348693925860,3184529025
441270,파인엠텍,벤처기업부,348455620200,5277534490
079370,제우스,우량기업부,347390288000,5652203465
200470,에이팩트,중견기업부,347369162600,5175604340
119850,지엔씨에너지,우량기업부,347071979900,4128676200
003800,에이스침대,우량기업부,344899000000,558933275
445090,에이직랜드,벤처기업부,342519378300,12297109125
241520,DSC인베스트먼트,중견기업부,342076000000,41734376140
376270,HEM파마,기술성장기업부,337829470300,1336715450
417840,저스템,벤처기업부,337012653970,23089072540
091700,파트론,우량기업부,334000000000,1775009610
317330,덕산테코피아,중견기업부,333563553360,3211608615
475400,씨메스로보틱스,기술성장기업부,331520948400,7496574825
243070,휴온스,우량기업부,331237737250,1494147075
101730,위메이드맥스,중견기업부,329765930410,647897217
160980,싸이맥스,우량기업부,328819714300,4880203800
049070,인탑스,우량기업부,327660000000,8550831550
069080,웹젠,우량기업부,327316697750,1343379085
274090,켄코아에어로스페이스,기술성장기업부,325542086100,27869819500
482630,삼양엔씨켐,중견기업부,323946544000,3922833645
064820,케이프,우량기업부,322489246750,1536361830
042370,비츠로테크,우량기업부,322260307500,5166579960
078340,컴투스,중견기업부,322233491450,1827777625
484590,삼양컴텍,벤처기업부,321853614500,2681200615
092460,한라IMS,우량기업부,319951016000,1832974690
203650,드림시큐리티,중견기업부,319467531200,10709377502
094360,칩스앤미디어,벤처기업부,318620688080,2316844000
365270,큐라클,기술성장기업부,317395244960,3605615770
089980,상아프론테크,우량기업부,315943371120,2646645010
378340,필에너지,중견기업부,315730577200,1178333805
219130,타이거일렉,벤처기업부,314451642000,1441613000
204620,글로벌텍스프리,우량기업부,313463651800,4172700982
099430,바이오플러스,우량기업부,313134867760,4244583670
052710,아모텍,중견기업부,311247229800,15749472475
298830,슈어소프트테크,우량기업부,310059294200,5812982810
036200,유니셈,우량기업부,309402010070,3849587150
036890,진성티이씨,우량기업부,308456722000,3407804945
355150,코스텍시스,벤처기업부,307215590000,12474251550
018310,삼목에스폼,우량기업부,306495000000,1539544800
448280,에코아이,중견기업부,306089562570,507399270
058970,엠로,기술성장기업부,305979151500,3329763200
450950,아스테라시스,벤처기업부,305536047040,511575565
228760,지노믹트리,기술성장기업부,305519592580,1635696120
025770,한국정보통신,우량기업부,305170808650,1112826365
136480,하림,우량기업부,303759747720,1520551240
187870,디바이스,우량기업부,303629823000,13762010175
200130,콜마비앤에이치,우량기업부,302391936240,1086866555
357880,SKAI,기술성장기업부,301818827160,50746724147
073490,LIG아큐버,우량기업부,299971724700,8346491075
200670,휴메딕스,우량기업부,296470152000,921153850
041920,메디아나,우량기업부,295339781240,3516603135
236200,슈프리마,우량기업부,294315924200,1423003450
086390,유니테스트,중견기업부,292284962580,3337497310
307180,아이엘,벤처기업부,291396840400,8589382060
180400,DXVX,관리종목(소속부없음),290858971560,1000228415
035810,이지홀딩스,우량기업부,290645413425,1791551158
900290,GRT,외국기업(소속부없음),290390000000,3311404083
0082N0,카나프테라퓨틱스,기술성장기업부,290108321000,2312269725
046970,우리로,벤처기업부,289683243390,15694969280
314930,바이오다인,기술성장기업부,289009440130,580752740
061970,LB세미콘,중견기업부,288672539820,2767861918
459510,나우로보틱스,기술성장기업부,285524404000,2553768300
061090,세나테크놀로지,중견기업부,283931360000,8032270475
462350,이노스페이스,기술성장기업부,283187743340,4676483500
144510,지씨셀,중견기업부,281878136960,865985295
064850,에프앤가이드,벤처기업부,280123650600,2677126025
112290,와이씨켐,기술성장기업부,280062096500,6432449850
043150,바텍,우량기업부,278071672320,557069385
053030,바이넥스,중견기업부,277815598000,2114915615
092730,네오팜,우량기업부,275681410800,665382960
084850,아이티엠반도체,중견기업부,275143989420,603704340
019010,베뉴지,중견기업부,274258000000,1065838355
215000,골프존,우량기업부,274235635500,2269247200
035600,KG이니시스,우량기업부,272513352260,912365455
060720,KH바텍,중견기업부,272053808580,2465162640
054950,제이브이엠,우량기업부,272022570000,1707335100
078150,HB테크놀러지,우량기업부,271657633880,15592466319
220100,퓨쳐켐,기술성장기업부,271371782000,3103107435
051500,CJ프레시웨이,우량기업부,270672160800,1214719300
023410,유진기업,중견기업부,268655248925,724614108
309710,아이티켐,관리종목(소속부없음),268443021000,0
194700,노바렉스,우량기업부,268163717120,1966478330
394800,쓰리빌리언,기술성장기업부,266796398400,3296374760
108860,셀바스AI,벤처기업부,266725568900,3620404335
416180,신성에스티,벤처기업부,265769473200,969149250
182400,엔케이젠바이오텍코리아,관리종목(소속부없음),265496721770,0
0001A0,덕양에너젠,중견기업부,264522050650,2874129920
036800,나이스정보통신,우량기업부,264500000000,918372850
114190,강원에너지,중견기업부,264365144560,2465205365
051360,토비스,우량기업부,263449107380,1278062560
352480,씨앤씨인터내셔널,우량기업부,262920790290,1057348415
243840,신흥에스이씨,우량기업부,261424833300,2785972755
036710,심텍홀딩스,중견기업부,261233243530,3505485816
267980,매일유업,우량기업부,260563692000,222738225
043370,피에이치에이,우량기업부,259560000000,566088375
046120,오르비텍,중견기업부,258994062450,5178021910
382900,범한퓨얼셀,벤처기업부,258449500000,2849511800
091580,상신이디피,우량기업부,257767755460,4345039505
065660,안트로젠,기술성장기업부,256656465000,765536150
121800,비덴트,관리종목(소속부없음),256309348520,0
478340,나라스페이스테크놀로지,기술성장기업부,255469040650,4946497650
014940,오리엔탈정공,우량기업부,254301028380,1462211890
377460,큐에이드,관리종목(소속부없음),253187202960,0
389260,대명에너지,우량기업부,252799345750,1231805950
125020,티씨머티리얼즈,중견기업부,251576789000,13627359020
474650,링크솔루션,기술성장기업부,251279675900,3349261600
318060,그래피,기술성장기업부,250837823650,4710901475
251370,와이엠티,벤처기업부,250563792830,2939708775
151860,KG에코솔루션,우량기업부,250391790520,1033055420
308430,셀비온,기술성장기업부,250361869400,1295852505
217730,강스템바이오텍,기술성장기업부,250184036340,2100657273
012860,모베이스전자,우량기업부,250092255655,4718958718
389020,자람테크놀로지,기술성장기업부,249273460200,3056924750
093520,매커스,우량기업부,248748393300,1197588825
950170,JTC,외국기업(소속부없음),248641202140,270411115
314130,지놈앤컴퍼니,기술성장기업부,248128761750,2226367125
0015G0,그린광학,기술성장기업부,248093869200,4561961775
338840,와이바이오로직스,기술성장기업부,246635230050,1645105005
190510,나무가,우량기업부,246493047500,2092284470
099440,스맥,중견기업부,246358652340,4037020597
094480,갤럭시아머니트리,우량기업부,245971084260,1574977220
242040,나무기술,기술성장기업부,245704474400,90470911925
199820,제일일렉트릭,우량기업부,245308800000,4115822830
0008Z0,에스엔시스,벤처기업부,244878835800,1473333525
054210,이랜텍,우량기업부,243048528100,3381501715
472850,폰드그룹,중견기업부,242664513180,179353645
357550,석경에이티,기술성장기업부,241383750000,792879250
451760,컨텍,기술성장기업부,241156404320,5128669200
402030,코난테크놀로지,기술성장기업부,241086818880,1392441625
017890,한국알콜,우량기업부,240603352860,1125081560
018000,유니슨,중견기업부,240295410984,1585189262
067390,아스트,중견기업부,239545923083,1509754250
084990,헬릭스미스,기술성장기업부,239221616430,4300556885
272110,케이엔제이,우량기업부,238755501250,4098018675
095500,미래나노텍,우량기업부,238466892310,1342583315
100120,뷰웍스,우량기업부,237293820950,926734300
294570,쿠콘,우량기업부,236146528800,1070401100
088800,에이스테크,중견기업부,235580074080,1226642989
051370,인터플렉스,우량기업부,234907643040,1995576110
138610,나이벡,기술성장기업부,234744925450,1603525805
304100,솔트룩스,기술성장기업부,234623518650,2604050090
023760,한국캐피탈,우량기업부,233866695816,316570111
101360,에코앤드림,벤처기업부,233709537960,1767327175
098120,마이크로컨텍솔,우량기업부,233173086300,5186973175
036170,에이치엠넥스,중견기업부,232268894410,4415643989
394420,리센스메디컬,기술성장기업부,230180444900,8574382625
049630,재영솔루텍,우량기업부,230054398080,5017986195
494120,큐리오시스,기술성장기업부,228514965900,2024249050
290690,소룩스,중견기업부,228350217550,21039197928
206640,바디텍메드,우량기업부,228280536820,650268015
419530,SAMG엔터,기술성장기업부,227669354900,1376192900
322310,오로스테크놀로지,벤처기업부,224328680900,4444437850
159010,아스플로,벤처기업부,224290309980,3218198420
461300,아이스크림미디어,벤처기업부,223842074400,1164407140
115450,HLB테라퓨틱스,중견기업부,223221874680,1085870365
012210,삼미금속,중견기업부,223029720600,1641658495
382800,지앤비에스 에코,우량기업부,222180666180,8004099015
0088M0,메쥬,기술성장기업부,221845287500,3434575725
036030,케이티알파,우량기업부,221076966330,434713235
484810,티엑스알로보틱스,벤처기업부,219557502150,665033295
045390,대아티아이,우량기업부,218467468700,2466795752
067080,대화제약,중견기업부,217814805000,820892805
0007C0,아크릴,기술성장기업부,216818748000,7237514400
126730,코칩,벤처기업부,216622112200,17077862300
064550,바이오니아,중견기업부,216548341490,1144169260
255220,SG,중견기업부,216168394846,2577624099
053300,한국정보인증,우량기업부,215944630720,1602907030
439090,마녀공장,우량기업부,215571369000,1640837425
011560,세보엠이씨,우량기업부,215280000000,770845485
232680,라온로보틱스,기술성장기업부,215101563600,10022812085
119610,인터로조,우량기업부,214464306130,1766535875
123860,아나패스,우량기업부,214220743050,4847484170
464080,에스오에스랩,기술성장기업부,214108246850,4017997525
065710,서호전기,우량기업부,212952500000,759616475
068930,디지털대성,우량기업부,211162859460,286910770
013120,동원개발,우량기업부,211128832500,163155365
418550,제이오,기술성장기업부,210996465070,1858287295
432720,퀄리타스반도체,기술성장기업부,209266687000,5669760475
214180,헥토이노베이션,우량기업부,208803407690,1246466840
402490,그린리소스,기술성장기업부,208303169100,6080564045
119830,아이텍,중견기업부,207366811010,4874315505
092070,디엔에프,중견기업부,207136258200,1636132345
054450,텔레칩스,중견기업부,207021665110,3662822920
380540,옵티코어,관리종목(소속부없음),206658126350,0
149950,아바텍,우량기업부,206382315300,8206642560
126600,BGF에코머티리얼즈,우량기업부,206189263215,1104943735
417010,나노팀,벤처기업부,206165280160,8111036035
192440,슈피겐코리아,우량기업부,205139979000,474625725
308080,바이젠셀,기술성장기업부,204992600000,7600208050
353810,이지바이오,우량기업부,204777084800,888314455
405100,큐알티,중견기업부,204616861650,1369011685
256840,한국비엔씨,우량기업부,204500709140,1465464260
034810,해성산업,중견기업부,202112972800,187612600
211270,AP위성,우량기업부,200443820160,3620432320
005710,대원산업,우량기업부,200376000000,390770860
083310,엘오티베큠,우량기업부,199650469930,2414512665
094820,일진파워,우량기업부,198285023350,3770624240
036560,KZ정밀,우량기업부,196560000000,302180670
446540,메가터치,중견기업부,196283999250,1763073645
237880,클리오,우량기업부,195893466520,457498850
457550,우진엔텍,중견기업부,195698118000,1840021300
052330,코텍,우량기업부,195555094890,286235000
418420,라온텍,기술성장기업부,194029896560,4760585045
078070,유비쿼스홀딩스,중견기업부,194004587440,1300001380
462860,더즌,벤처기업부,193742612100,894010960
042600,새로닉스,중견기업부,193310811440,549643335
138360,앤로보틱스,벤처기업부,192864263610,2095467763
194480,데브시스터즈,벤처기업부,192732193500,1303052490
372170,윤성에프앤씨,우량기업부,192295056800,571341200
102120,어보브반도체,벤처기업부,192032132400,2795926660
041020,폴라리스오피스,벤처기업부,192027859945,2925417616
488280,에스투더블유,기술성장기업부,191869911360,3080619435
126700,하이비젼시스템,우량기업부,191259033600,2261139320
122990,와이솔,중견기업부,190203038340,997060355
484120,도우인시스,중견기업부,189782549040,297344395
121440,골프존홀딩스,우량기업부,189338735560,201620620
474170,루미르,기술성장기업부,189223931520,3546446145
083930,아바코,우량기업부,189189739610,2297881515
039840,디오,중견기업부,189163174800,362456275
264850,이랜시스,중견기업부,187523648280,5330556405
016790,현대사료,관리종목(소속부없음),187340898626,0
108380,대양전기공업,우량기업부,186658666830,1284962770
066620,국보디자인,우량기업부,186375000000,216769950
321550,티움바이오,기술성장기업부,186238545000,3488190250
032580,피델릭스,중견기업부,186202199680,14820383514
489500,엘케이켐,벤처기업부,185665463900,2466354900
361390,제노코,벤처기업부,185088602810,2491992495
036190,금화피에스시,우량기업부,184200000000,294139375
264450,유비쿼스,우량기업부,184051937150,1276640100
086820,바이오솔루션,기술성장기업부,183542521800,2477112250
199430,케이엔알시스템,기술성장기업부,183542388210,1531310465
039830,오로라,우량기업부,181785212100,1004192890
176750,듀켐바이오,기술성장기업부,181758033600,246549645
293580,나우IB,중견기업부,181695924300,5064062606
403850,더핑크퐁컴퍼니,중견기업부,181683786600,1207548850
216080,제테마,벤처기업부,181215301140,1607225469
123410,코리아에프티,우량기업부,180966916000,1656305985
452450,피아이이,벤처기업부,180863070000,1999242276
481070,에이유브랜즈,중견기업부,180704452500,498261400
024060,흥구석유,중견기업부,180600000000,19641512450
270660,에브리봇,벤처기업부,179825561110,938130555
123330,제닉,우량기업부,179693734000,2051564975
950140,잉글우드랩,외국기업(소속부없음),179208151320,423050250
024840,KBI메탈,중견기업부,178565312250,22165047690
071200,인피니트헬스케어,중견기업부,176630355920,317135250
039860,나노엔텍,중견기업부,175228043800,2258125909
042420,네오위즈홀딩스,우량기업부,174651970350,399612900
058820,CMG제약,중견기업부,173714565025,826555343
377450,리파인,우량기업부,173646600000,528735350
118990,모트렉스,우량기업부,172497718130,1679732440
371950,풍원정밀,기술성장기업부,172461990280,509736070
187790,나노,벤처기업부,172091831400,6053046980
388050,지투파워,우량기업부,171939726030,6002681010
082800,비보존 제약,중견기업부,171836654780,9117699375
024800,유성티엔에스,우량기업부,171364630500,1377839258
114840,아이패밀리에스씨,우량기업부,170774214000,913808755
092130,이크레더블,중견기업부,170537376000,187309805
267320,나인테크,벤처기업부,170523426150,31182839120
037030,파워넷,우량기업부,170426786560,5339224245
209640,와이제이링크,중견기업부,170090013080,6334457905
146320,비씨엔씨,벤처기업부,169828438210,900326785
080160,모두투어,우량기업부,169344000000,1423465575
285490,노바텍,벤처기업부,168896021070,1540856880
032620,GC메디아이,우량기업부,168596758970,361981665
226590,엠디바이스,기술성장기업부,168360676640,2787365485
458650,성우,벤처기업부,167157393700,828038730
079960,동양이엔피,우량기업부,167025000000,1137552175
140670,알에스오토메이션,중견기업부,165890732800,3303908500
143160,아이디스,우량기업부,165782553300,340249835
115500,케이씨에스,중견기업부,164760000000,5285992245
259630,엠플러스,우량기업부,164391226200,3195693310
203400,에이비온,기술성장기업부,164344778496,1268126392
049430,코메론,우량기업부,164311680000,1022062555
007330,푸른저축은행,투자주의환기종목(소속부없음),164251692000,105746020
307930,컴퍼니케이,중견기업부,162344000000,12205631980
086980,쇼박스,중견기업부,162232420000,782927882
147830,제룡산업,벤처기업부,161600000000,2862386065
380550,뉴로핏,기술성장기업부,161512985840,2100307965
038390,레드캡투어,우량기업부,161355932300,287083705
106190,하이텍팜,우량기업부,161198902680,844653895
289080,SV인베스트먼트,중견기업부,161170464440,4992364963
104480,티케이케미칼,중견기업부,160612231878,1142158044
234690,녹십자웰빙,우량기업부,160232546800,1470802350
166480,코아스템켐온,벤처기업부,160197239280,2137209294
036010,아비코전자,중견기업부,159913996020,9177505945
066410,버킷스튜디오,투자주의환기종목(소속부없음),159637252154,0
046070,코다코,관리종목(소속부없음),159196994920,0
095700,제넥신,기술성장기업부,159164026530,595206254
445180,퓨릿,우량기업부,158999989000,1103902750
060150,인선이엔티,중견기업부,158105733640,428776682
023910,대한약품,우량기업부,158100000000,508147800
143240,사람인,우량기업부,157663818390,174741860
142210,유니트론텍,우량기업부,157295634740,6842645310
021080,에이티넘인베스트,우량기업부,157200000000,49198250157
221800,지구홀딩스,투자주의환기종목(소속부없음),156987346620,1016339560
179290,엠아이텍,우량기업부,156973538300,481478737
083500,에프엔에스테크,우량기업부,156335412060,3647344670
049960,쎌바이오텍,벤처기업부,156040000000,379792925
046440,KG파이낸셜,우량기업부,155654234190,508011455
051980,중앙첨단소재,중견기업부,155528392600,3436476169
473980,노머스,기술성장기업부,155494067320,1294218425
047310,파워로직스,우량기업부,153399063450,1915616445
011040,경동제약,중견기업부,153074610850,319763717
260970,에스앤디,우량기업부,153026686600,1904740450
005990,매일홀딩스,우량기업부,152930496000,93514640
289930,웨이비스,기술성장기업부,152528516000,1713126080
222040,코스맥스엔비티,중견기업부,152028360000,1670105270
039560,다산네트웍스,중견기업부,151825176720,1625727153
053080,케이엔솔,중견기업부,151707747690,2714052745
048870,시너지이노베이션,중견기업부,151543976360,805103481
073010,케이에스피,우량기업부,150918143750,1108482659
013990,아가방컴퍼니,우량기업부,150624914880,1164312133
282880,코윈테크,우량기업부,150619776160,1117414625
293780,압타바이오,기술성장기업부,150580650800,1298840035
054800,아이디스홀딩스,중견기업부,150249417120,317200365
072870,메가스터디,우량기업부,149369616270,562360750
125210,아모그린텍,우량기업부,149295949500,2309464020
105330,케이엔더블유,중견기업부,149141731200,520751650
067280,멀티캠퍼스,우량기업부,149058491850,306889450
0011A0,액스비스,벤처기업부,148593140800,3074282895
062970,한국첨단소재,중견기업부,148430396400,5996636594
469610,이노테크,중견기업부,148273282000,1970884475
001540,안국약품,우량기업부,148031467000,2018276680
192410,오늘이엔엠,중견기업부,147337567650,11331205141
300080,플리토,기술성장기업부,146073241350,3336428440
396300,세아메카닉스,우량기업부,145957145000,31671324645
158430,아톤,벤처기업부,145423626480,3182917345
059120,아진엑스텍,벤처기업부,145198823380,3771201085
040160,누리플렉스,중견기업부,144545864650,943560620
334970,프레스티지바이오로직스,기술성장기업부,143842378450,217397274
041440,현대에버다임,우량기업부,143625781600,1851076975
264660,씨앤지하이테크,우량기업부,143581710440,2625425485
093190,빅솔론,우량기업부,143137453200,650609640
220260,켐트로스,벤처기업부,142720644750,1174857490
299030,하나기술,벤처기업부,142149499800,673752585
056090,시지메드텍,벤처기업부,141981174500,1082714201
101170,우림피티에스,벤처기업부,141750000000,3976752950
023600,삼보판지,우량기업부,140072625000,106623085
008830,대동기어,중견기업부,139845811200,1437023210
108230,톱텍,우량기업부,139735425375,571920111
263860,지니언스,벤처기업부,139371860000,1050714310
217270,넵튠,중견기업부,139038537925,304976110
204610,티쓰리,벤처기업부,138803050000,806051106
017510,세명전기,벤처기업부,138433680000,3358356075
307750,국전,중견기업부,137934965840,595322107
049720,고려신용정보,우량기업부,137566000000,326023495
163730,핑거,벤처기업부,137524024160,3204525890
297890,HB솔루션,우량기업부,137504918320,907285928
331920,셀레믹스,기술성장기업부,137076044920,1578992015
205500,넥써쓰,중견기업부,136879331365,1481157567
115310,인포바인,벤처기업부,136176459950,216608040
054920,한컴위드,중견기업부,136006330420,3103400569
086670,비엠티,우량기업부,135984624500,1177370525
005160,동국산업,중견기업부,135611205000,362519689
474610,RF시스템즈,벤처기업부,135350350080,2270616765
240550,동방메디컬,중견기업부,135233252400,956177440
381620,제닉스로보틱스,중견기업부,134458680000,6514438430
452190,한빛레이저,벤처기업부,134433530340,5022781530
148150,세경하이테크,우량기업부,134174137950,639664718
475230,엔알비,벤처기업부,134162787730,1498934680
047560,이스트소프트,중견기업부,133985134800,716744740
101970,우양에이치씨,중견기업부,133701681360,468275665
038290,마크로젠,중견기업부,133132392000,594407400
109740,디에스케이,벤처기업부,132665612400,198156375
086890,이수앱지스,중견기업부,132517612500,697458772
269620,시스웍,관리종목(소속부없음),132090012299,0
340450,지씨지놈,기술성장기업부,131971424940,1022401030
408920,메쎄이상,우량기업부,131858987750,130633060
396270,넥스트칩,벤처기업부,131549724000,2415757341
037350,성도이엔지,우량기업부,131262300000,1754750275
297090,씨에스베어링,투자주의환기종목(소속부없음),130896000000,1043333322
322180,LS티라유텍,벤처기업부,130762400000,2245008580
256940,킵스파마,벤처기업부,130708736970,1057702995
321370,센서뷰,기술성장기업부,130195563120,6246729435
453450,그리드위즈,중견기업부,129943390000,987883305
003100,선광,우량기업부,129822000000,514602730
136540,윈스테크넷,우량기업부,129428522840,416390555
032940,원익,우량기업부,128080339200,1114457385
357580,아모센스,기술성장기업부,127918917700,3872198230
290740,액트로,벤처기업부,127825639700,1210517955
095190,신화프리텍,중견기업부,127714724134,426387917
080420,모다이노칩,중견기업부,127554595200,11552291
205100,엑셈,벤처기업부,127447620669,6466946212
002230,피에스텍,우량기업부,127196176000,1644316545
068790,DMS,우량기업부,127070361120,997127370
212560,네오오토,우량기업부,126863468340,2255573160
122450,KX,중견기업부,126616031050,268548371
069510,에스텍,우량기업부,126119600000,307369075
036630,세종텔레콤,우량기업부,126000000000,728749925
036690,코맥스,관리종목(소속부없음),125692107675,0
053700,삼보모터스,우량기업부,125437776240,2113180360
323350,다원넥스뷰,기술성장기업부,124887935480,3106068680
037070,파세코,중견기업부,124600000000,1027059030
323990,박셀바이오,기술성장기업부,124426795750,586087565
306620,지아이에스,벤처기업부,124409967480,3626754263
067990,도이치모터스,우량기업부,124021587500,461536764
0004V0,엔비알모션,기술성장기업부,123917213880,3733816320
051160,지어소프트,중견기업부,123795440000,464495705
088130,동아엘텍,우량기업부,122746904280,2751597680
090850,현대이지웰,우량기업부,122279792320,213687115
215100,로보로보,벤처기업부,122090724000,12605934715
093640,케이알엠,벤처기업부,122042790810,396941595
040300,YTN,중견기업부,121814683900,300577798
950250,테라뷰,기술성장기업부,121115462710,2544226069
027710,팜스토리,우량기업부,121109844200,801003115
333430,일승,중견기업부,121063383180,603454413
123040,엠에스오토텍,중견기업부,120684732173,609496110
365330,에스와이스틸텍,우량기업부,120159545000,1468952067
078890,가온그룹,중견기업부,120130628360,2526622160
040350,크레오에스지,벤처기업부,120051271800,4541897405
107600,새빗켐,벤처기업부,119588224800,523419250
382840,원준,중견기업부,119576479230,2973312355
006620,동구바이오제약,우량기업부,119552966400,857410239
089600,KT나스미디어,우량기업부,119499123790,282806390
412350,레이저쎌,기술성장기업부,119379782140,5436931915
235980,메드팩토,기술성장기업부,118763294265,556727518
366030,공구우먼,중견기업부,118706174000,778463360
331740,아우토크립트,기술성장기업부,118458745650,1393822565
156100,엘앤케이바이오,벤처기업부,118014087840,656433165
338220,뷰노,기술성장기업부,117895349660,865829720
336680,탑런토탈솔루션,중견기업부,117436674000,458384306
013310,아진산업,우량기업부,116613778910,1861667066
310200,애니플러스,중견기업부,116323124280,624828901
071280,로체시스템즈,우량기업부,116254182800,572923985
330730,스톤브릿지벤처스,벤처기업부,116229755400,2017067935
041590,플래스크,관리종목(소속부없음),116064014460,0
388790,라이콤,벤처기업부,115721524800,3171076506
054540,삼영엠텍,우량기업부,115700000000,1593014080
389030,지니너스,기술성장기업부,115376308575,882899169
115440,우리넷,우량기업부,115283038560,3376173855
063570,NICE인프라,우량기업부,115248582000,373735385
339950,아이비김영,우량기업부,115063436800,237409690
172670,에이엘티,벤처기업부,114512110020,1631770920
086960,MDS테크,우량기업부,113577816520,4536871335
049520,유아이엘,우량기업부,113500860000,313952376
054050,NH농우바이오,우량기업부,113496371880,354186445
041520,이엘씨,투자주의환기종목(소속부없음),113477076300,629856410
487580,폴레드,벤처기업부,113322874500,3612783326
052260,현대바이오랜드,우량기업부,113100000000,311220255
053260,금강철강,우량기업부,113068800000,899570355
073560,우리손에프앤지,우량기업부,112788120447,947289403
047770,코데즈컴바인,중견기업부,112770953960,1408067009
052900,KX하이텍,우량기업부,112559595840,5198090994
018120,진로발효,우량기업부,112426617600,45660090
263720,디앤씨미디어,우량기업부,112333948550,517517840
250060,모비스,기술성장기업부,112277885860,1533334674
129920,대성하이텍,벤처기업부,112116002400,1342867540
475580,에이럭스,벤처기업부,111860429000,1670627005
067900,와이엔텍,우량기업부,111745906260,320037470
234030,싸이닉솔루션,중견기업부,111297575000,800300050
214680,디알텍,벤처기업부,111107961536,683055280
223250,드림씨아이에스,벤처기업부,110825000220,1415105332
255440,야스,벤처기업부,110731840000,446816880
417500,제이아이테크,우량기업부,109828892400,1277213981
309960,LB인베스트먼트,중견기업부,109701454275,1094834674
141000,비아트론,벤처기업부,109638125500,1163233165
109610,에스와이,중견기업부,109552576000,981364025
228850,레이언스,우량기업부,109334782260,190358730
049950,미래컴퍼니,중견기업부,108989046240,1226950625
396470,워트,중견기업부,108971200000,1348634315
322510,제이엘케이,기술성장기업부,108949152620,1069837035
217820,원익피앤이,중견기업부,108433667315,612849700
317770,엑스페릭스,벤처기업부,108182605925,2675836745
950190,고스트스튜디오,외국기업(소속부없음),108171760290,523936440
009780,엠에스씨,우량기업부,108064000000,193600105
005860,한일사료,우량기업부,107572060050,1360927369
038540,상상인,중견기업부,107502912159,210181392
131030,옵투스제약,우량기업부,107467733100,860441780
042510,라온시큐어,벤처기업부,107282298480,2154578740
085670,뉴프렉스,우량기업부,107068325570,1072847199
493330,지에프아이,벤처기업부,106781829400,633132410
021320,KCC건설,우량기업부,106358000000,216893912
065450,빅텍,벤처기업부,106332369815,2586698763
052860,아이앤씨,벤처기업부,106283981300,553047900
456070,이엔셀,기술성장기업부,105985970370,789468165
389140,포바이포,벤처기업부,105025249600,9257183455
092040,아미코젠,기술성장기업부,104923249695,700397805
104460,디와이피엔에프,우량기업부,104655104950,714310230
212710,아이에스티이,기술성장기업부,104505541080,2645616900
149980,하이로닉,중견기업부,104488209590,295351935
225190,LK삼양,중견기업부,104293291200,1059044564
059270,해성에어로보틱스,기술성장기업부,104060586680,3226707850
182360,큐브엔터,우량기업부,104028489810,526388605
035080,그래디언트,중견기업부,104024684400,537251540
045970,코아시아,중견기업부,103417462680,595096342
025950,동신건설,우량기업부,102900000000,377350210
360070,탑머티리얼,중견기업부,102759939650,423082490
282720,금양그린파워,중견기업부,102530970000,923961435
032300,한국파마,중견기업부,102413922390,467861925
0007J0,인벤테라,기술성장기업부,102096967720,1593657450
066430,아이로보틱스,중견기업부,101994804980,4943118570
039340,한국경제TV,우량기업부,101860000000,13122385
038110,에코플라스틱,우량기업부,101688343900,1339742149
039980,폴라리스AI,중견기업부,101387558700,2825188335
029480,광무,중견기업부,101343367004,534085191
489460,바이오비쥬,벤처기업부,101249013900,630821460
413630,씨피시스템,벤처기업부,101111637150,561650832
023900,풍국주정,우량기업부,100422000000,246121715
044990,에이치엔에스하이텍,기술성장기업부,100371650500,630952220
096250,와이즈넛,기술성장기업부,100124828160,792745400
063080,컴투스홀딩스,중견기업부,99851206880,507717410
0015S0,페스카로,기술성장기업부,99752640300,799405090
246720,아스타,관리종목(소속부없음),99434491000,0
066310,큐에스아이,벤처기업부,99299060910,1754732430
246710,티앤알바이오팹,기술성장기업부,99142168320,518896002
036220,오상헬스케어,우량기업부,98591876240,447907580
173130,오파스넷,중견기업부,98500871150,1635832215
000440,중앙에너비스,중견기업부,98388654000,558311550
059210,메타바이오메드,우량기업부,98360630900,725136636
120240,대정화금,우량기업부,98148837150,564663790
226400,오스테오닉,기술성장기업부,97832680735,1663136649
265740,엔에프씨,벤처기업부,97713892000,516746370
100700,세운메디칼,우량기업부,97674000000,344787722
047820,초록뱀미디어,중견기업부,97571180700,232754622
352090,스톰테크,우량기업부,97414617750,214926908
131400,이브이첨단소재,벤처기업부,97313543306,34668942822
066790,씨씨에스,관리종목(소속부없음),97271994227,0
417970,모델솔루션,우량기업부,97229840000,886174530
357230,에이치피오,우량기업부,97039668600,289834781
131370,알서포트,벤처기업부,96839556894,489626479
049080,기가레인,벤처기업부,96767015580,4718588786
096240,크레버스,우량기업부,96751001800,273285000
067000,조이시티,중견기업부,96606562372,838446351
464490,쿼드메디슨,기술성장기업부,96564570330,729312940
068240,다원시스,관리종목(소속부없음),96553495610,0
443670,에스피소프트,중견기업부,96491428800,774449482
377480,마음AI,기술성장기업부,96273123500,2691450175
063170,서울옥션,중견기업부,95981041800,515698375
136150,원일티엔아이,벤처기업부,95878983200,553513340
042500,링네트,우량기업부,95851919200,1977741184
950130,엑세스바이오,외국기업(소속부없음),95848697650,514112085
225530,HC보광산업,우량기업부,95752545645,389688215
451220,아이엠티,기술성장기업부,95676523650,2382744750
078140,대봉엘에스,우량기업부,95344579400,171978320
099750,이지케어텍,벤처기업부,94931252350,176169340
457370,한켐,중견기업부,94891317180,18972012890
288180,케이피항공산업,중견기업부,94781618840,6459128115
408470,한패스,중견기업부,93985080000,706070855
074430,아미노로직스,중견기업부,93974723080,314896560
290720,푸드나무,중견기업부,93776119140,193689202
086710,선진뷰티사이언스,우량기업부,93355092000,455685795
033290,로젠,우량기업부,93331772262,191466653
090470,제이스로보틱스,벤처기업부,93150246020,512861135
039010,현대에이치티,우량기업부,92891250000,2256872005
100590,머큐리,중견기업부,92210752100,3407995205
024880,케이피에프,우량기업부,92143785780,1317927125
298540,더네이쳐홀딩스,우량기업부,92133414960,211950370
217330,싸이토젠,기술성장기업부,91939949325,1559799347
035610,솔본,투자주의환기종목(소속부없음),91882549920,122228144
094840,슈프리마에이치큐,벤처기업부,91785180240,417614530
311320,지오엘리먼트,기술성장기업부,91707851200,821394050
303810,동국생명과학,중견기업부,91634561100,415811485
066700,테라젠이텍스,중견기업부,91580606840,473314090
101330,모베이스,중견기업부,91546499695,1219052565
033340,좋은사람들,중견기업부,91521326752,1269235836
411080,샌즈랩,기술성장기업부,91453151620,725856450
066980,한성크린텍,벤처기업부,91405820000,3177880558
052420,오성첨단소재,우량기업부,91185204240,1022041560
189330,씨이랩,기술성장기업부,91101977640,10374253995
053580,웹케시,우량기업부,91069685080,687244710
262260,에이프로,우량기업부,90918289800,1909573930
476040,오가노이드사이언스,기술성장기업부,90817630400,953844800
348350,위드텍,벤처기업부,90106758000,1025708480
076610,해성옵틱스,벤처기업부,89880791760,4724478153
100130,동국S&C,중견기업부,89428795000,338529916
203690,아크솔루션스,관리종목(소속부없음),89196141000,0
117670,알파칩스,벤처기업부,88734403440,590422390
330350,위더스제약,우량기업부,88586352690,367345120
040420,정상제이엘에스,우량기업부,88421393280,196399000
347890,엠엑스온,벤처기업부,88378292840,255289818
010280,아이티센엔텍,우량기업부,88177604890,1017803590
072020,중앙백신,벤처기업부,88060375970,243295250
072950,빛샘전자,벤처기업부,87853975100,4813128190
142280,녹십자엠에스,중견기업부,87482673280,5922279885
011370,서한,우량기업부,87475847955,409642652
302550,리메드,기술성장기업부,87312698750,279459915
337930,젝시믹스,우량기업부,86952071750,610636574
418470,KT밀리의서재,우량기업부,86942758350,400577440
079810,APS이노베이션,우량기업부,86650578350,1091724124
009300,삼아제약,우량기업부,86568300000,182748510
321260,프로이천,벤처기업부,86549697880,3073534647
093920,서원인텍,우량기업부,86490000000,291514708
088390,이녹스,중견기업부,86443623240,331836690
011320,유니크,우량기업부,86363506650,931376682
041930,SY동아,우량기업부,86336000000,568413110
040910,아이씨디,중견기업부,86327806250,521478997
382480,지아이텍,벤처기업부,86192136600,1012047950
251120,바이오에프디엔씨,기술성장기업부,85826559000,503338135
014470,부방,벤처기업부,85454365980,3895925761
043610,KT지니뮤직,중견기업부,85371578422,165696547
024830,세원물산,관리종목(소속부없음),85003000000,197351770
101670,하이드로리튬,중견기업부,84938671752,4640628997
263800,데이타솔루션,중견기업부,84858737400,2556836994
460940,피앤에스로보틱스,기술성장기업부,84768264000,1087405230
004650,창해에탄올,우량기업부,84739959700,438658890
003310,대주산업,우량기업부,84587716500,2012870832
130580,나이스디앤비,우량기업부,84546000000,135557545
058630,엠게임,우량기업부,84299299860,488155929
424960,스마트레이더시스템,기술성장기업부,84238912100,590294200
208370,셀바스헬스케어,벤처기업부,84171644280,677421343
475430,키스트론,중견기업부,84153838650,1698726676
294630,서남,기술성장기업부,84108557610,1041504567
004590,한국가구,중견기업부,84000000000,556270680
950220,네오이뮨텍,기술성장기업부,83987339400,0
049180,셀루메드,투자주의환기종목(소속부없음),83975227728,0
066590,스모트로닉,중견기업부,83931123290,457625780
253840,수젠텍,중견기업부,83883432000,2167402572
048530,인트론바이오,기술성장기업부,83871122970,556507385
183490,엔지켐생명과학,관리종목(소속부없음),83793832650,0
432470,케이엔에스,벤처기업부,83680644240,548911265
037760,쎄니트,중견기업부,83567314870,105919120
419050,삼기에너지솔루션즈,중견기업부,83220529200,573965719
307870,비투엔,벤처기업부,82918002060,502055625
362320,청담글로벌,중견기업부,82807300350,292413738
299660,셀리드,기술성장기업부,82608335600,809354121
123010,알엔티엑스,기술성장기업부,82374554150,1576840191
048550,SM C&C,중견기업부,81917283140,650433462
370090,퓨런티어,기술성장기업부,81803294800,1414640560
054670,대한뉴팜,우량기업부,81679494800,685979460
091120,이엠텍,중견기업부,81552775360,387987197
175250,아이큐어,관리종목(소속부없음),81501658560,0
030960,양지사,중견기업부,81338200000,218074951
228670,레이,벤처기업부,81328109200,664023737
019550,SBI인베스트먼트,중견기업부,81276386861,706415742
234300,에스트래픽,우량기업부,81215223300,317724300
412540,제일엠앤에스,관리종목(소속부없음),81063616775,0
317830,에스피시스템스,벤처기업부,81019111360,1032327765
065510,휴비츠,우량기업부,80286182370,231795575
147760,피엠티,벤처기업부,80283405720,923651820
007820,엠엑스로보틱스,중견기업부,80235953730,835956812
067370,선바이오,기술성장기업부,80233591900,146212345
054620,APS,중견기업부,80198803560,428829012
060590,씨티씨바이오,중견기업부,80160081300,248346630
060310,3S,벤처기업부,79959973280,1169745090
273640,와이엠텍,벤처기업부,79832480000,420103830
205470,휴마시스,중견기업부,79700253230,608059906
222160,NPX,관리종목(소속부없음),79551289560,0
089230,THE E&M,중견기업부,79333270480,1743670907
413390,엠오티,중견기업부,79324233000,614878135
110790,크리스에프앤씨,우량기업부,79313799600,100164500
320000,한울반도체,중견기업부,79292150900,6297531005
020710,시공테크,우량기업부,79189481500,729175850
014970,삼륭물산,중견기업부,79165500000,175048765
170030,현대공업,우량기업부,79154400000,484963030
024740,한일단조,우량기업부,79117402845,694523410
084730,팅크웨어,중견기업부,79099098880,279563690
238090,앤디포스,벤처기업부,78970239600,226907645
0015N0,아로마티카,벤처기업부,78960460500,757106200
448710,코츠테크놀로지,벤처기업부,78909409560,956063505
054040,한국컴퓨터,우량기업부,78829677450,784530185
265560,영화테크,우량기업부,78679724800,413994360
277880,티에스아이,우량기업부,78678335580,460125992
388870,파로스아이바이오,기술성장기업부,78452347920,373050890
044340,위닉스,중견기업부,78285601500,197944626
102370,케이옥션,기술성장기업부,78283978750,407099948
019540,일지테크,우량기업부,78108030000,864065430
017650,대림제지,우량기업부,78098650000,80413200
006140,피제이전자,우량기업부,78041250000,484793160
026150,특수건설,중견기업부,77993441295,295049259
463020,뉴엔AI,기술성장기업부,77870584000,626449580
302430,이노메트리,벤처기업부,77682343200,1220803940
201490,미투온,중견기업부,77573267800,942962535
036640,HRS,우량기업부,77521752000,591376841
067570,엔브이에이치코리아,중견기업부,77424120000,215695807
064800,포니링크,중견기업부,77323413475,564387846
048770,TPC로보틱스,벤처기업부,77077135810,4470838190
038460,바이오스마트,우량기업부,76960980390,947549929
082850,우리바이오,중견기업부,76803676130,651213865
171120,라이온켐텍,우량기업부,76650257600,329534307
041910,폴라리스AI파마,우량기업부,76379262500,650233180
083790,CG인바이츠,벤처기업부,76279028544,796776568
900260,로스웰,외국기업(소속부없음),76179163430,42893569
058400,KNN,우량기업부,76147089000,263785996
012700,리드코프,우량기업부,76096045060,259513262
017480,삼현철강,우량기업부,75923473150,204252731
067290,JW신약,중견기업부,75874237462,325270446
038680,에스넷,우량기업부,75867166020,680868272
439580,블루엠텍,기술성장기업부,75308567075,548201011
373200,엑스플러스,벤처기업부,75254927185,1487681973
025550,한국선재,중견기업부,75138741780,829145825
128660,피제이메탈,우량기업부,74906174380,243694664
261780,아리바이오랩,기술성장기업부,74818128880,12939252139
168330,내츄럴엔도텍,투자주의환기종목(소속부없음),74624015000,144822125
900250,크리스탈신소재,외국기업(소속부없음),74351942076,0
175140,휴먼테크놀로지,투자주의환기종목(소속부없음),74333873940,351625085
056360,코위버,벤처기업부,74063808000,1851177295
217190,제너셈,벤처기업부,73792599210,868399100
208140,정다운,우량기업부,73702974730,392220552
348150,고바이오랩,기술성장기업부,73597589310,349808415
045660,에이텍,우량기업부,73514000000,422459540
039610,화성밸브,우량기업부,73497424000,825491310
290660,다이나믹솔루션,기술성장기업부,73317788120,3285012744
096350,대창솔루션,벤처기업부,73304121618,1172732790
081150,티플랙스,중견기업부,73290574040,1278352568
092300,현우산업,우량기업부,73158204815,1214217096
340360,다보링크,투자주의환기종목(소속부없음),73148194660,394999935
048430,유라테크,우량기업부,73036800000,266103170
081180,쎄크,기술성장기업부,72987174450,1548885125
124560,태웅로직스,우량기업부,72950007924,367116859
049480,오픈베이스,우량기업부,72899928560,1106488977
002800,신신제약,우량기업부,72894252500,312687440
036000,예림당,중견기업부,72788315320,189124762
053280,예스24,중견기업부,72750000000,183798920
241690,유니테크노,우량기업부,72433289760,256660727
094940,푸른로보틱스,벤처기업부,72409602760,2492876685
263600,덕우전자,중견기업부,72243955850,260168055
459100,위츠,중견기업부,72178296000,460183815
162300,신스틸,우량기업부,72035790534,422652128
452200,민테크,기술성장기업부,71971416000,1576390645
032850,비트컴퓨터,벤처기업부,71895742225,732056239
234920,자이글,관리종목(소속부없음),71849132100,0
251630,브이원텍,벤처기업부,71663272570,507876301
391710,코닉오토메이션,벤처기업부,71474528190,325747303
478560,블랙야크아이앤씨,벤처기업부,71420773970,210454414
347860,알체라,중견기업부,71244143925,1349789814
061040,알에프텍,중견기업부,71028550550,951400285
033130,디지틀조선,중견기업부,70964390504,358018743
204840,지엘팜텍,기술성장기업부,70957340490,179111030
094860,네오리진,중견기업부,70636318620,156784197
315640,딥노이드,기술성장기업부,70493356800,1032571551
105740,디케이락,우량기업부,70467795090,622827270
140070,서플러스글로벌,벤처기업부,70277200000,383076897
451250,삐아,벤처기업부,69944998680,383665590
065530,와이어블,우량기업부,69701071863,463206134
033230,인성정보,중견기업부,69610193640,678952026
073640,테라사이언스,관리종목(소속부없음),69571715580,0
126880,제이엔케이글로벌,우량기업부,69498684485,250769587
453860,에이에스텍,벤처기업부,69470879940,100484065
216050,인크로스,중견기업부,69410159180,159323715
443250,레뷰코퍼레이션,벤처기업부,69388244800,124979030
067170,오텍,중견기업부,69360703200,2383482869
196490,디에이테크놀로지,투자주의환기종목(소속부없음),69131518050,0
347000,센코,기술성장기업부,69080415642,266187776
187420,HLB제넥스,기술성장기업부,69015086320,215546745
123420,위메이드플레이,우량기업부,68906741020,191412660
037440,희림,우량기업부,68637801750,1709630361
198080,캐프,우량기업부,68589564225,466266988
137950,제이씨케미칼,우량기업부,68584867120,617410230
091440,한울소재과학,투자주의환기종목(소속부없음),68189186100,628248627
111710,남화산업,중견기업부,68146280000,18549680
043710,코스리거글로벌,중견기업부,68124695370,11052870
463480,모티브링크,중견기업부,68023065420,310315905
032540,TJ미디어,우량기업부,67916592250,65699902
191420,테고사이언스,벤처기업부,67789852240,1344972420
153710,옵티팜,기술성장기업부,67775205960,143404336
417790,트루엔,벤처기업부,67521121950,159811500
215360,우리산업,우량기업부,67486684570,386219895
332370,아이디피,벤처기업부,67430528080,139895470
061250,화일약품,우량기업부,67256496160,235251695
109860,동일금속,우량기업부,67249000000,30582020
039020,이건홀딩스,중견기업부,67189509275,544690715
080010,이상네트웍스,중견기업부,67173534930,74299270
126640,화신정공,우량기업부,67132067650,1444889844
084650,랩지노믹스,중견기업부,66593271030,1117401754
299170,더블유에스아이,중견기업부,66459572088,621014561
382150,온코크로스,기술성장기업부,66346006080,471713285
222110,팬젠,기술성장기업부,66288666645,251848325
192250,케이사인,벤처기업부,66218961250,585264375
217500,러셀,벤처기업부,66168960000,602780727
321820,아티스트컴퍼니,기술성장기업부,65873563600,859315270
185490,아이진,벤처기업부,65838961032,1025583921
027830,대성창투,중견기업부,65772000000,472199657
053450,세코닉스,우량기업부,65754009335,483140724
109080,옵티시스,벤처기업부,65603040000,697834515
048910,대원미디어,우량기업부,65536308660,331961805
331380,포커스에이아이,투자주의환기종목(소속부없음),65471207780,172087225
033320,제이씨현시스템,벤처기업부,65466929600,775525825
060570,드림어스컴퍼니,중견기업부,65431688959,153157899
145170,노브랜드,중견기업부,65266443300,549639800
311690,CJ 바이오사이언스,기술성장기업부,65261982690,105490395
461030,아이엠비디엑스,기술성장기업부,64935362010,327981463
288620,에스프리즘,벤처기업부,64907638800,478408700
019990,에너토크,중견기업부,64780424320,651978740
089850,유비벨록스,우량기업부,64665573610,234778985
452400,이닉스,우량기업부,64407138800,195688045
046210,HLB파나진,벤처기업부,64331007480,109124252
155650,와이엠씨,우량기업부,64323073620,528955291
045340,토탈소프트,벤처기업부,64185300000,1110179635
222420,쎄노텍,벤처기업부,64154542975,7749086316
039240,경남스틸,우량기업부,64076559500,575141427
352910,오비고,기술성장기업부,63947278120,114468820
065130,탑엔지니어링,중견기업부,63775940000,525643999
246960,SCL사이언스,기술성장기업부,63747946078,86249568
134580,탑코미디어,중견기업부,63589452210,159005102
065440,이루온,벤처기업부,63414421500,2317629206
010470,오리콤,우량기업부,63348014500,120694735
043650,국순당,중견기업부,63218396160,188642010
071670,에이테크솔루션,중견기업부,63000000000,388231910
039420,케이엘넷,중견기업부,62874763560,219098380
094850,참좋은여행,우량기업부,62860000000,243748106
041460,한국전자인증,중견기업부,62795000000,469095510
229000,젠큐릭스,기술성장기업부,62787482200,4333097312
104620,노랑풍선,중견기업부,62619306200,508716479
001840,이화공영,관리종목(소속부없음),62588831935,0
446840,지슨,기술성장기업부,62574382288,117079607
214270,FSN,중견기업부,62451327300,1422499562
294090,이오플로우,관리종목(소속부없음),62295566450,0
214260,라파스,기술성장기업부,62278791740,325077630
016250,SGC E&C,중견기업부,62156407240,364776550
067920,이글루,우량기업부,62128072350,417624760
010240,흥국,우량기업부,62041800000,147825110
012790,신일제약,우량기업부,61969765550,121863820
163280,에어레인,기술성장기업부,61962020290,478923441
099220,SDN,중견기업부,61956909900,806328635
317690,퀀타매트릭스,기술성장기업부,61915214175,407329743
046940,우원개발,우량기업부,61723905250,807254885
333620,엔시스,벤처기업부,61698275100,111758230
088280,쏘닉스,기술성장기업부,61697636850,852668105
095270,웨이브일렉트로,벤처기업부,61657621740,2061073545
100030,인지소프트,중견기업부,61602474640,271370200
005670,푸드웰,우량기업부,61500000000,261041060
246690,TS인베스트먼트,중견기업부,61442802908,29621899850
042110,에스씨디,우량기업부,61378546280,254281696
024910,경창산업,중견기업부,61107222530,388374139
198440,강동씨앤엘,중견기업부,60931896000,205938556
053050,지에스이,우량기업부,60874821910,634558946
033310,엠투엔,중견기업부,60718160664,177476641
054930,유신,우량기업부,60450000000,236419485
241790,티이엠씨씨엔에스,우량기업부,60415909360,221414380
460870,에스엠씨지,벤처기업부,60219912000,746158747
014950,삼익제약,벤처기업부,60145603880,448467775
317530,에피소드컴퍼니,기술성장기업부,59832496440,81909075
049550,잉크테크,우량기업부,59799144850,63882049
317850,대모,벤처기업부,59769335600,590267205
004780,대륙제관,우량기업부,59557480255,161189795
008370,원풍,우량기업부,59460000000,97548734
348080,큐라티스,중견기업부,59110287872,50395017
064240,홈캐스트,벤처기업부,58772061194,158171562
104040,디에스엠,벤처기업부,58453571700,170153202
263690,디알젬,우량기업부,58326891500,236322486
136410,아셈스,벤처기업부,58291070740,364099180
099520,DGI,관리종목(소속부없음),58141862016,0
215790,이노인스트루먼트,중견기업부,57806318815,6028655524
347740,피엔케이피부임상연구센타,벤처기업부,57800369376,151741136
053620,태양,우량기업부,57706000000,232198415
007370,진양제약,우량기업부,57669114960,132292120
036090,위지트,중견기업부,57617578700,3877342063
245620,EDGC,관리종목(소속부없음),57474989665,0
424980,마이크로투나노,기술성장기업부,57354044100,478117740
036120,서울평가정보,중견기업부,57321495000,239363084
360350,코셈,기술성장기업부,57035421800,333002910
033560,블루콤,중견기업부,57028500000,139459870
027050,코리아나,중견기업부,57000000000,291793288
036670,삼양케이씨아이,우량기업부,56913500000,137088375
199550,레이저옵텍,벤처기업부,56785150575,305036610
460470,아이빔테크놀로지,기술성장기업부,56546443800,433122157
278650,HLB바이오스텝,중견기업부,56393801060,226200557
104540,코렌텍,기술성장기업부,56385113400,187735480
0013V0,삼진식품,중견기업부,56337966080,295347755
291650,압타머사이언스,기술성장기업부,56278181124,175448214
060560,HC홈센타,중견기업부,56107482210,236137725
095910,에스에너지,중견기업부,56019957318,1324414649
290670,대보마그네틱,중견기업부,55710809400,218934110
444530,심플랫폼,기술성장기업부,55585457040,411102865
340930,유일에너테크,관리종목(소속부없음),55513882710,0
054300,팬스타엔터프라이즈,벤처기업부,55208881530,167376734
159580,제로투세븐,중견기업부,55189912180,243733460
207760,미스터블루,중견기업부,55164975912,349150783
072990,에이치시티,우량기업부,55093182800,207195434
072470,우리산업홀딩스,중견기업부,55056599015,144007735
217480,에스디생명공학,투자주의환기종목(소속부없음),54756837359,0
419080,엔젯,기술성장기업부,54707901440,501577305
219550,디와이디,관리종목(소속부없음),54645310728,170158820
088910,동우팜투테이블,우량기업부,54634180860,275810353
950200,소마젠,외국기업(소속부없음),54630390520,159012040
177900,쓰리에이로직스,기술성장기업부,54588492000,642384745
040610,SG&G,중견기업부,54539513600,214446317
015710,코콤,우량기업부,54344550000,146859336
050960,수산아이앤티,벤처기업부,54210530000,109278085
305090,마이크로디지탈,기술성장기업부,54204585325,518260957
184230,SGA솔루션즈,벤처기업부,54114059835,854169425
052220,iMBC,중견기업부,53935000000,324951891
471820,셀로맥스사이언스,벤처기업부,53745189645,257051022
196450,코아시아씨엠,중견기업부,53703704670,400298393
038010,제일테크노스,우량기업부,53640000000,96042200
271830,팸텍,벤처기업부,53554206832,3750020024
260930,씨티케이,중견기업부,53479499115,205111385
219420,링크제니시스,기술성장기업부,53447902620,568229671
053350,이니텍,중견기업부,53401082625,138383400
053270,구영테크,우량기업부,53340648130,354008846
170790,파이오링크,우량기업부,53289800550,317907540
082210,옵트론텍,중견기업부,53284114920,266618421
097800,윈팩,중견기업부,53215587750,181098014
256630,포인트엔지니어링,벤처기업부,53183313190,68796465
373160,데이원컴퍼니,기술성장기업부,53089718305,132846747
122310,제노레이,우량기업부,53048761380,176686575
073110,엘엠에스,벤처기업부,52929742250,84838115
479960,위너스일렉,중견기업부,52684190000,258656005
378800,샤페론,기술성장기업부,52670812309,525478155
273060,와이즈버즈,중견기업부,52477965280,254838647
413640,비아이매트릭스,벤처기업부,52394453800,872358175
408900,스튜디오미르,중견기업부,51815133678,244021097
232830,아이티센피엔에스,벤처기업부,51750562380,404590813
099410,동방선기,벤처기업부,51730000000,535252670
068330,일신바이오,중견기업부,51644451520,207780514
318160,셀바이오휴먼텍,벤처기업부,51636446890,205113985
127980,화인써키트,중견기업부,51625382240,215730317
294140,레몬,관리종목(소속부없음),51554081400,222911673
096610,알에프세미,투자주의환기종목(소속부없음),51550708615,0
065500,오리엔트정공,중견기업부,51360299040,637061789
063440,SM Life Design,중견기업부,51346839412,398529308
384470,코어라인소프트,기술성장기업부,51327539120,389896199
303360,프로티아,기술성장기업부,51196867125,176367000
440290,HB인베스트먼트,중견기업부,51161959800,298660523
435570,에르코스,벤처기업부,51033786100,405617825
189860,서전기전,벤처기업부,50821607200,671550795
466410,사이냅소프트,벤처기업부,50773191840,386523435
261520,이지스,기술성장기업부,50618165000,337165022
189690,포시에스,벤처기업부,50518320681,172741043
393970,대진첨단소재,관리종목(소속부없음),50428566500,0
053980,오상자이엘,우량기업부,50399288865,292370264
465480,인스피언,벤처기업부,50181971400,176385917
037330,인지디스플레,우량기업부,49941384912,129122079
238120,얼라인드,기술성장기업부,49894769120,152016365
286750,나노실리칸첨단소재,투자주의환기종목(소속부없음),49836901492,779693205
393210,토마토시스템,기술성장기업부,49810395360,380871138
038070,서린바이오,중견기업부,49758616600,420787000
037230,한국팩키지,우량기업부,49647344782,139258672
227950,엔투텍,벤처기업부,49622804542,412280643
417860,오브젠,벤처기업부,49505389240,18503140540
376930,노을,기술성장기업부,49496126695,316913053
451700,엔에이치스팩29호,SPAC(소속부없음),49364000000,0
033170,시그네틱스,중견기업부,49208055106,606789559
361570,알비더블유,중견기업부,49151027610,88199251
007680,대원,중견기업부,49146862470,142971838
432430,와이랩,기술성장기업부,49112252000,233745080
042940,상지건설,중견기업부,49098439280,896969600
299900,위지윅스튜디오,중견기업부,48919980824,116292020
351330,이삭엔지니어링,벤처기업부,48819382800,273594750
196300,HLB펩,관리종목(소속부없음),48663718410,148982335
143540,영우디에스피,벤처기업부,48658485445,483210010
355390,크라우드웍스,기술성장기업부,48654864360,7513075908
114450,그린생명과학,벤처기업부,48600000000,1543293044
065170,비엘팜텍,투자주의환기종목(소속부없음),48569999820,627940851
277070,린드먼아시아,중견기업부,48538140000,147242668
014190,원익큐브,우량기업부,48526642341,224953319
226330,신테카바이오,기술성장기업부,48516950000,594499742
179530,애드바이오텍,기술성장기업부,48411889800,227880306
089790,제이티,벤처기업부,48379755970,845665606
317870,엔바이오니아,기술성장기업부,48365165650,223177230
234100,폴라리스세원,우량기업부,48331415160,502524871
137080,나래나노텍,중견기업부,48274377030,95769984
476080,M83,중견기업부,48219690000,1430062515
369370,블리츠웨이엔터테인먼트,벤처기업부,48126394115,86970808
094970,제이엠티,벤처기업부,48067448800,650291189
038060,루멘스,중견기업부,48054965931,865279342
024950,삼천리자전거,중견기업부,48050000000,270428461
458350,에스팀,중견기업부,48018096000,222655650
104200,NHN벅스,중견기업부,47892986500,109411699
053160,프리엠스,중견기업부,47880000000,210079440
082660,코스나인,관리종목(소속부없음),47827617120,0
418250,시큐레터,관리종목(소속부없음),47629012750,0
066670,디티씨,중견기업부,47570931310,149483860
052790,액토즈소프트,중견기업부,47521779450,88233797
105760,포스뱅크,우량기업부,46968641005,377403422
023440,제이스코홀딩스,관리종목(소속부없음),46964378481,0
189980,흥국에프엔비,우량기업부,46921119763,177493800
420570,제이투케이바이오,벤처기업부,46662914340,437296350
079000,와토스코리아,중견기업부,46584000000,188189540
016600,큐캐피탈,중견기업부,46558142520,549591640
051390,YW,중견기업부,46557008800,34319133
171010,램테크놀러지,벤처기업부,46399450240,320138440
452160,제이엔비,중견기업부,46356480140,174351425
060850,영림원소프트랩,벤처기업부,46346700000,85887700
065650,하이퍼코퍼레이션,중견기업부,46192067250,0
314140,알피바이오,우량기업부,46191704130,41104360
105550,엣지파운드리,중견기업부,45887931886,395044147
173940,에프엔씨엔터,중견기업부,45870567840,284585608
190650,코리아에셋투자증권,우량기업부,45865840000,113979765
452300,캡스톤파트너스,중견기업부,45696653625,549666477
066130,하츠,우량기업부,45696000000,202016606
037950,엘컴텍,중견기업부,45517210585,186167572
066910,손오공,중견기업부,45514551520,0
150900,파수AI,벤처기업부,45469736970,520993294
056700,신화인터텍,중견기업부,45450741960,98808903
376290,씨유테크,벤처기업부,45291487500,29751322
450330,하스,기술성장기업부,45191373360,180442330
261200,덴티스,중견기업부,44978596500,174139762
007530,와이엠,중견기업부,44731004310,48049646
097870,효성오앤비,중견기업부,44657400000,225362170
129890,앱코,벤처기업부,44543598756,236743311
419120,산돌,중견기업부,44523045050,140503421
070300,엑스큐어,중견기업부,44405911250,1361962556
288330,파라택시스코리아,관리종목(소속부없음),44129674368,0
100660,서암기계공업,중견기업부,44100000000,125313005
290120,DH오토리드,중견기업부,43914866175,101375657
090410,덕신이피씨,우량기업부,43779890250,351610322
002290,삼일기업공사,우량기업부,43772000000,141938880
153460,네이블,중견기업부,43620493520,153516360
069410,엔텔스,벤처기업부,43386829640,209744575
352700,씨앤투스,벤처기업부,43383160249,59505079
218150,미래생명자원,벤처기업부,43179421230,248150135
263020,디케이앤디,벤처기업부,43168775520,853538664
059100,아이컴포넌트,벤처기업부,43132246000,419066040
0010V0,제이피아이헬스케어,벤처기업부,43089576000,137562140
250000,보라티알,우량기업부,43069676540,127196230
051490,나라엠앤디,우량기업부,43026000000,239835365
237820,플레이디,중견기업부,42970919000,58937126
035460,기산텔레콤,벤처기업부,42970579200,786115053
033540,파라텍,중견기업부,42841991420,334328661
307280,원바이오젠,벤처기업부,42709654540,349860085
033830,티비씨,중견기업부,42700000000,159253426
178780,일월지엠엘,벤처기업부,42683756550,133069318
127710,아시아경제,중견기업부,42375340020,15458729
019770,서연탑메탈,우량기업부,42231250000,204477215
221840,하이즈항공,중견기업부,42169765055,159463790
215090,솔디펜스,벤처기업부,42143303020,691018777
087600,픽셀플러스,벤처기업부,42139439280,37678415
263810,상신전자,중견기업부,42121162125,207579651
122690,서진오토모티브,중견기업부,42027161286,202054758
088340,유라클,벤처기업부,41854289120,707298330
215380,우정바이오,벤처기업부,41821496360,288676755
025880,케이씨피드,우량기업부,41789645000,250756162
263770,유에스티,우량기업부,41712302720,40854583
256150,한독크린텍,벤처기업부,41681175000,98854220
140520,대창스틸,중견기업부,41669645682,50896208
072770,멤레이비티,중견기업부,41512098000,613473653
052460,아이크래프트,벤처기업부,41486538240,1596013257
364950,에이아이코리아,벤처기업부,41482225000,404569335
049470,비트플래닛,중견기업부,41297752846,206715032
066900,디에이피,관리종목(소속부없음),41235783939,32081088
200350,아티스트스튜디오,기술성장기업부,41083662750,345905467
260660,알리코제약,중견기업부,41076416280,166728990
469750,아이비젼웍스,벤처기업부,40899842947,681038320
047080,한빛소프트,중견기업부,40708673680,8736289583
044960,이글벳,중견기업부,40454025600,223068209
186230,그린플러스,벤처기업부,40404695600,273820293
032960,동일기연,관리종목(소속부없음),40393470600,45159100
091590,남화토건,중견기업부,40385600000,89650673
089150,케이씨티,벤처기업부,40302500000,243270097
297570,알로이스,벤처기업부,40160612880,255592655
086040,바이오톡스텍,벤처기업부,40055199970,82605240
049830,승일,관리종목(소속부없음),40042691360,58044130
239890,피엔에이치테크,기술성장기업부,40041092650,224820082
200780,비씨월드제약,중견기업부,39996228750,93412253
407400,꿈비,벤처기업부,39952277820,491605605
289220,자이언트스텝,기술성장기업부,39916563369,157122071
122350,삼기,중견기업부,39834665692,329865223
311390,네오크레마,벤처기업부,39796166405,175875855
101240,씨큐브,우량기업부,39749682000,278828968
383930,디티앤씨알오,중견기업부,39694717440,911059584
064090,인크레더블버즈,관리종목(소속부없음),39694710510,0
224110,에이텍모빌리티,벤처기업부,39627010800,329698130
208710,포톤,중견기업부,39606296660,4502117615
221980,케이디켐,우량기업부,39581388000,21352900
340810,시선AI,기술성장기업부,39433980640,447959360
020180,대신정보통신,중견기업부,39428066790,843536931
026040,제이에스티나,중견기업부,39361539150,1262627115
050860,아세아텍,우량기업부,39150000000,90845256
064480,브리지텍,벤처기업부,39084675000,426116266
066360,체리부로,우량기업부,39032940210,180818760
464280,티디에스팜,중견기업부,38986500000,258067450
351320,넥사다이내믹스,중견기업부,38964618304,143173509
025440,DH오토웨어,투자주의환기종목(소속부없음),38927416752,141378469
290090,트윔,벤처기업부,38914170640,33481345
204020,그리티,우량기업부,38901664000,106857879
199480,뱅크웨어글로벌,기술성장기업부,38899983220,208894848
355690,에이텀,기술성장기업부,38842567400,309551408
263700,케어랩스,중견기업부,38828400000,128310288
050110,캠시스,중견기업부,38810564944,460727779
429270,시지트로닉스,기술성장기업부,38759878310,996177285
206400,베노티앤알,중견기업부,38635462740,134386696
198940,한주라이트메탈,중견기업부,38572671198,2589309372
096630,에스코넥,우량기업부,38500083275,272386850
335810,프리시젼바이오,기술성장기업부,38389685994,22945272
014570,고려제약,중견기업부,38170000000,80487890
258610,케일럼,중견기업부,38163375898,104053244
022220,티케이지애강,중견기업부,38017220986,14569009
024120,KB오토시스,중견기업부,37950000000,117282510
228340,동양파일,중견기업부,37940000000,34875247
050120,ES큐브,중견기업부,37911620370,89935000
403490,우듬지팜,벤처기업부,37894282800,200607935
123570,이엠넷,중견기업부,37802504366,43963055
340440,세림B&G,벤처기업부,37743224120,488298158
206560,덱스터,기술성장기업부,37711016224,298701994
046310,백금T&A,우량기업부,37680781095,257169570
203450,유니온바이오메트릭스,벤처기업부,37590948690,129689050
064520,테크엘,중견기업부,37549784160,72958638
430690,한싹,벤처기업부,37425369240,388949587
219750,한국비티비,중견기업부,37358751335,1221558274
434480,모니터랩,기술성장기업부,37177106000,260529319
081580,성우전자,중견기업부,37142002485,241489055
365590,하이딥,기술성장기업부,37082917664,86494607
103840,우양,중견기업부,36988127280,207953483
288980,모아데이타,기술성장기업부,36781574169,707358227
128540,에코캡,우량기업부,36779453880,142782369
083550,케이엠,중견기업부,36669426325,295066905
306040,에스제이그룹,중견기업부,36503563600,2558008086
106240,파인테크닉스,벤처기업부,36448899400,266560365
052600,한네트,중견기업부,36425655000,155095881
332290,누보,벤처기업부,36392816448,306723329
153490,우리이앤엘하루틴,우량기업부,36344880000,759812281
475460,미트박스,벤처기업부,36316271750,139305720
044480,빌리언스,중견기업부,36276749356,230002518
071850,캐스텍코리아,투자주의환기종목(소속부없음),36245841372,3796981
148250,알엔투테크놀로지,벤처기업부,36204472640,308243076
043340,에쎈테크,중견기업부,36195000000,73401965
119500,포메탈,중견기업부,36193293760,213350204
284620,카이노스메드,투자주의환기종목(소속부없음),35965517911,0
057540,옴니시스템,중견기업부,35933532140,283848169
187270,신화콘텍,벤처기업부,35909211300,70777190
220180,핸디소프트,벤처기업부,35896263000,111932235
464500,아이언디바이스,기술성장기업부,35822753280,691224160
068940,셀피글로벌,관리종목(소속부없음),35720093048,0
031310,아이즈비전,중견기업부,35636487898,434007563
450520,인스웨이브,벤처기업부,35438032980,1927966488
160550,NEW,중견기업부,35412848514,124608084
900300,오가닉티코스메틱,외국기업(소속부없음),35399443716,0
263050,유틸렉스,관리종목(소속부없음),35324626904,0
057030,YBM넷,중견기업부,35072298550,196685877
045060,오공,우량기업부,34900466440,521200929
376180,피코그램,벤처기업부,34727702098,152499531
459550,알트,중견기업부,34628104853,384940195
336060,웨이버스,벤처기업부,34430968000,164524176
387570,파인메딕스,기술성장기업부,34317990000,125572620
388610,지에프씨생명과학,기술성장기업부,34314997230,80107750
296640,이노에이엑스,벤처기업부,34280028240,235573440
262840,아이퀘스트,벤처기업부,34236924480,72573595
318410,비비씨,중견기업부,34164744450,102696290
006920,모헨즈,중견기업부,34070400000,7413022454
0010F0,보원케미칼,벤처기업부,33987983050,462245216
019570,플루토스,중견기업부,33930015120,206395497
060540,에스에이티,중견기업부,33921031188,42411705
043910,자연과환경,벤처기업부,33904043550,231479387
109820,진매트릭스,기술성장기업부,33894229680,180620156
363260,모비데이즈,벤처기업부,33836284988,377894011
277410,인산가,벤처기업부,33802124400,174723671
053950,경남제약,중견기업부,33759657360,408242529
097780,에코볼트,중견기업부,33686528072,0
223310,사토시홀딩스,중견기업부,33621987320,1266212420
073540,에프알텍,벤처기업부,33573000000,315943808
356890,싸이버원,벤처기업부,33351171750,329830587
475660,에스켐,기술성장기업부,33305307000,322818760
900310,컬러레이,외국기업(소속부없음),33301671000,0
159910,에코글로우,중견기업부,33180697490,140353365
031510,오스템,중견기업부,33180000000,302827642
080520,오디텍,벤처기업부,33004845555,94137320
058110,멕아이씨에스,기술성장기업부,32983839150,156514175
177830,파버나인,벤처기업부,32790300930,105107608
900070,글로벌에스엠,외국기업(소속부없음),32783820480,0
021880,메이슨캐피탈,중견기업부,32676398832,1180855982
133750,메가엠디,중견기업부,32676279492,86387053
054780,키이스트,중견기업부,32612278587,245182710
406820,뷰티스킨,벤처기업부,32583841885,705606707
373170,엠아이큐브솔루션,벤처기업부,32494648500,73178370
086060,진바이오텍,중견기업부,32461912990,84483480
021650,한국큐빅,중견기업부,32390465303,52244234
239610,에이치엘사이언스,벤처기업부,32352690000,53007020
270870,뉴트리,중견기업부,32338787360,28842881
187220,디티앤씨,중견기업부,32327437065,187497090
075130,플랜티넷,벤처기업부,32214056160,126427981
290520,신도기연,벤처기업부,32177311240,100421034
078590,휴림에이텍,중견기업부,32073738990,625556509
347770,핌스,중견기업부,32045572884,132872112
254120,자비스,기술성장기업부,31953686530,345316337
195500,마니커에프앤지,중견기업부,31892088000,193494509
075970,동국알앤에스,중견기업부,31887200000,133422438
363250,진시스템,기술성장기업부,31736264860,100242495
037370,EG,벤처기업부,31653647240,307985269
038950,파인디지털,중견기업부,31653371500,442108712
318020,포인트모바일,벤처기업부,31552762680,54422501
045300,성우테크론,중견기업부,31377360700,113589974
099390,브레인즈컴퍼니,벤처기업부,31355641060,89132017
258830,세종메디칼,관리종목(소속부없음),31223976612,0
238490,힘스,벤처기업부,31221771360,139470306
464580,닷밀,기술성장기업부,31198320855,79854442
035200,프럼파스트,벤처기업부,31137888000,252065719
068050,팬엔터테인먼트,중견기업부,31128141424,188622347
043200,파루,벤처기업부,31060606045,186470249
057680,티사이언티픽,벤처기업부,30993097500,244421897
039740,한국정보공학,벤처기업부,30991104405,257913398
195990,에이비프로바이오,관리종목(소속부없음),30946960600,229802390
089140,넥스턴앤롤코리아,벤처기업부,30862211510,242311436
032860,더라미,중견기업부,30741251743,117564319
130500,GH신소재,중견기업부,30690059720,120820843
038620,위즈코프,벤처기업부,30594703860,212762875
351870,차이커뮤니케이션,중견기업부,30524355870,60926030
012620,원일특강,우량기업부,30360000000,118015380
241840,에이스토리,중견기업부,30337180920,213757563
007720,소노스퀘어,중견기업부,30240135000,147788170
246250,에스엘에스바이오,관리종목(소속부없음),30220617614,0
038870,에코심플렉스,중견기업부,30062065605,89286930
016670,디모아,중견기업부,30022019130,38078655
318000,KBG,벤처기업부,29978964890,105856140
114630,폴라리스우노,우량기업부,29920390528,289073050
208860,다산디엠씨,벤처기업부,29875976240,2066100437
142760,모아라이프플러스,기술성장기업부,29812054860,236737081
225220,제놀루션,벤처기업부,29763722571,89615033
032790,엠젠솔루션,벤처기업부,29660522430,134649514
045510,정원엔시스,중견기업부,29600339348,207654536
263920,휴엠앤씨,중견기업부,29574213390,22893302
210120,캔버스엔,중견기업부,29569723160,411060766
033200,모아텍,투자주의환기종목(소속부없음),29454492800,54548517
359090,씨엔알리서치,중견기업부,29367536387,103941076
080530,코디,중견기업부,29365252875,97973788
290270,휴네시온,벤처기업부,29351437960,232879885
131220,대한과학,벤처기업부,29333418150,134995601
065370,위세아이텍,벤처기업부,29314297380,173762410
342870,오아,중견기업부,29213055920,50025065
001000,신라섬유,중견기업부,29108770460,44903165
115160,휴맥스,중견기업부,29106958500,154908275
440320,오픈놀,기술성장기업부,29047650000,424310885
073570,리튬포어스,관리종목(소속부없음),29009960480,1576283664
039290,인포뱅크,중견기업부,28950946740,108741307
462310,뉴키즈온,중견기업부,28934402735,350893130
462980,아이지넷,기술성장기업부,28846879334,3814538049
131100,티엔엔터테인먼트,중견기업부,28796324532,66219204
140430,카티스,중견기업부,28754773830,530269162
006050,국영지앤엠,중견기업부,28683889746,293116873
027040,서울전자통신,중견기업부,28670604140,12670525249
317120,라닉스,기술성장기업부,28643020000,358479949
046390,삼화네트웍스,중견기업부,28615019661,70702235
300120,라온피플,벤처기업부,28514313216,223374987
038880,아이에이,투자주의환기종목(소속부없음),28479664686,131793343
317240,TS트릴리온,벤처기업부,28447293225,305954439
017000,신원종합개발,우량기업부,28411645745,114402355
013720,THE CUBE&,중견기업부,28345914638,1225040985
462510,라메디텍,기술성장기업부,28301532475,145759850
065950,웰크론,중견기업부,28287764604,301739279
013810,스페코,중견기업부,28255746160,113449957
056730,CNT85,중견기업부,28162250300,21213635
101000,KS인더스트리,중견기업부,28145783080,199923112
398120,에스지헬스케어,벤처기업부,28128056180,126756955
438700,버넥트,기술성장기업부,28085122800,104486610
079170,한창산업,우량기업부,28028000000,50981830
257370,피엔티엠에스,벤처기업부,27948364335,156120419
276730,한울앤제주,투자주의환기종목(소속부없음),27941991070,172602170
237750,피앤씨테크,벤처기업부,27870414000,261720578
068100,케이웨더,기술성장기업부,27850796560,91963260
169330,엠브레인,중견기업부,27768447688,108351743
353590,오토앤,중견기업부,27618097650,41677100
318010,팜스빌,벤처기업부,27316569410,55003335
131090,시큐브,벤처기업부,27301557865,205723582
274400,이노시뮬레이션,기술성장기업부,27259479000,75734535
405920,나라셀라,중견기업부,27237130740,22727465
464680,KB제27호스팩,관리종목(소속부없음),27229550000,557504835
043220,티에스넥스젠,관리종목(소속부없음),27227331360,0
354200,엔젠바이오,기술성장기업부,27131467000,334033706
048470,대동스틸,중견기업부,27116500000,162233005
008470,부스타,벤처기업부,27105480000,82118110
310870,디와이씨,벤처기업부,27079637739,295260397
069140,누리플랜,벤처기업부,27051680768,1479725280
063760,이엘피,벤처기업부,27042877000,310663825
033050,제이엠아이,중견기업부,26877957150,54982604
091340,S&K폴리텍,중견기업부,26860039695,255576961
304840,피플바이오,벤처기업부,26777046660,2455919243
053290,NE능률,중견기업부,26772617340,96622375
367000,플래티어,벤처기업부,26758380330,60958035
121890,에스디시스템,중견기업부,26649349230,512278229
131760,파인텍,벤처기업부,26623558540,1562605664
258790,소프트캠프,벤처기업부,26540739360,485067415
001810,무림SP,중견기업부,26454312500,79389696
900110,딥커머스,외국기업(소속부없음),26291693185,0
032080,아즈텍WB,중견기업부,26219055380,96345081
900340,윙입푸드,외국기업(소속부없음),26172082560,1415994572
032750,삼진,우량기업부,26009631360,107153924
397810,애드포러스,벤처기업부,25958673100,82520575
096690,에이루트,중견기업부,25947330900,201766960
252500,세화피앤씨,중견기업부,25928993750,176773855
019660,글로본,중견기업부,25783071717,38224814
200230,텔콘RF제약,중견기업부,25748471880,538686272
007770,한일화학,중견기업부,25623000000,59781785
018680,서울제약,벤처기업부,25533908610,19849721
373110,엑셀세라퓨틱스,기술성장기업부,25509231150,492236085
333050,이노테나,벤처기업부,25499404700,197014167
016100,리더스코스메틱,중견기업부,25423289914,93236602
138070,신진에스엠,중견기업부,25309632984,38141851
027580,상보,중견기업부,25270404425,428327114
424760,벨로크,벤처기업부,25135920000,467974674
335870,윙스풋,중견기업부,25125709500,154090268
131180,딜리,벤처기업부,25094250000,41836885
290560,파라택시스이더리움,벤처기업부,25090983060,152254549
377330,이지트로닉스,기술성장기업부,25071058320,57444025
058450,한주에이알티,투자주의환기종목(소속부없음),25066860000,219012195
051380,피씨디렉트,중견기업부,25050337576,122124745
148930,에이치와이티씨,중견기업부,25031023980,69963895
036480,대성미생물,중견기업부,25004000000,80048080
093380,풍강,중견기업부,24994661890,34801745
331520,밸로프,중견기업부,24770957930,161010444
188260,세니젠,관리종목(소속부없음),24683323253,57114093
418620,E8,기술성장기업부,24674142911,154111543
303530,이노뎁,벤처기업부,24476562165,163645734
239340,이스트에이드,중견기업부,24470528038,167309703
091970,나노캠텍,중견기업부,24412687200,685595971
078860,아이오케이이엔엠,투자주의환기종목(소속부없음),24338522500,31444930
298060,풍전약품,관리종목(소속부없음),24267543075,338952535
267790,배럴,중견기업부,24144430260,79329240
109960,앱토크롬,투자주의환기종목(소속부없음),24066029340,115678500
052300,오션인더블유,중견기업부,24041309440,166485134
043360,디지아이,벤처기업부,23850000000,105743650
024940,PN풍년,벤처기업부,23750000000,125594458
236810,엔비티,기술성장기업부,23748620974,183479125
038530,케이바이오랩스,중견기업부,23628869249,176601023
037400,우리엔터프라이즈,중견기업부,23469894670,108094404
067730,로지시스,중견기업부,23459260850,108342741
376980,원티드랩,기술성장기업부,23390513630,208843615
208350,지란지교시큐리티,벤처기업부,23373029450,135211475
054090,삼진엘앤디,중견기업부,23361841152,345170804
146060,율촌,중견기업부,23319142745,235130141
060380,동양에스텍,중견기업부,23226300000,76086258
065150,대산F&B,관리종목(소속부없음),23110448000,0
070590,인티큐브,중견기업부,23109402465,73793867
044780,에이치케이,벤처기업부,23058210602,330192077
053060,세동,중견기업부,22989959538,141851869
103230,에스앤더블류,중견기업부,22932000000,130601925
080470,성창오토텍,벤처기업부,22776000000,308310929
139670,키네마스터,중견기업부,22773640530,65031461
130740,티피씨글로벌,중견기업부,22722508185,1095624158
291230,엔피,중견기업부,22665228350,137097426
123840,뉴온,투자주의환기종목(소속부없음),22660930800,39708235
123750,알톤,중견기업부,22649765501,77202510
087260,모바일어플라이언스,벤처기업부,22624238395,342293003
115480,씨유메디칼,중견기업부,22612959015,52111292
090150,아이윈,중견기업부,22612658220,3199605275
432980,엠에프씨,기술성장기업부,22596281460,61388515
021040,대호특수강,중견기업부,22594669734,44751048
023770,플레이위드,중견기업부,22545167400,95122425
188040,바이오포트,벤처기업부,22507471480,1298889640
026910,광진실업,관리종목(소속부없음),22482971550,700175672
016920,카스,중견기업부,22387039610,77733025
301300,바이브컴퍼니,기술성장기업부,22126225584,196357522
067010,이씨에스,벤처기업부,22049212500,44078213
238200,비피도,벤처기업부,22045100000,28360835
348030,모비릭스,중견기업부,22040721000,149704318
039310,세중,중견기업부,21927217070,411468439
352940,인바이오,벤처기업부,21735460000,92734293
208640,썸에이지,중견기업부,21721479624,409494999
197140,디지캡,벤처기업부,21692927718,80826105
285800,진영,벤처기업부,21671814800,337101793
080720,한국유니온제약,관리종목(소속부없음),21562456300,0
431190,케이쓰리아이,기술성장기업부,21560952960,355845915
270520,앱튼,투자주의환기종목(소속부없음),21546169744,265539942
405000,플라즈맵,벤처기업부,21533670840,231359830
457600,벡트,벤처기업부,21520775000,77858416
377220,프롬바이오,기술성장기업부,21430670000,136659579
115610,이미지스,벤처기업부,21179234048,188784499
362990,드림인사이트,벤처기업부,21118321518,70309068
017250,인터엠,중견기업부,21045467000,59849554
060900,에이전트AI,중견기업부,21032954710,242536370
054940,엑사이엔씨,중견기업부,20998855884,652238385
148780,비큐AI,기술성장기업부,20848515675,252839709
455180,케이지에이,벤처기업부,20728099260,241433000
328380,솔트웨어,벤처기업부,20694716100,141454095
034940,조아제약,중견기업부,20694524436,131598662
353190,휴럼,중견기업부,20673670500,125064143
109670,씨싸이트,중견기업부,20661571080,47066190
054220,비츠로시스,벤처기업부,20648610240,206647300
224060,더코디,투자주의환기종목(소속부없음),20642888000,75779295
377030,비트맥스,관리종목(소속부없음),20640114800,261193323
279600,미디어젠,벤처기업부,20613036400,41661945
415380,스튜디오삼익,중견기업부,20597355000,102271601
900100,파이온엑스,외국기업(소속부없음),20523835278,0
079650,서산,중견기업부,20500000000,50757385
372800,아이티아이즈,벤처기업부,20478219990,105713660
101400,엔시트론,중견기업부,20465936484,130508091
018700,졸스,투자주의환기종목(소속부없음),20416285984,343370495
083640,인콘,벤처기업부,20347187630,211891809
225590,패션플랫폼,우량기업부,20229435200,66406518
020400,대동금속,중견기업부,20219312440,248755560
115570,스타플렉스,중견기업부,20200805240,54640630
365900,브이씨,벤처기업부,20176428000,95609430
322780,코퍼스코리아,중견기업부,20103619200,189648945
065060,지엔코,중견기업부,20067793100,764824897
032680,소프트센,중견기업부,20063357522,374863269
154030,아시아종묘,벤처기업부,20058884821,132364433
222980,한국맥널티,벤처기업부,20011110162,68004925
196700,웹스,벤처기업부,20009252592,246557602
227610,아우딘퓨쳐스,벤처기업부,19974804150,59048257
035620,바른손이앤에이,중견기업부,19894002342,251122374
368600,아이씨에이치,기술성장기업부,19766679804,163975043
084440,유비온,기술성장기업부,19668128788,40063780
085810,알티캐스트,중견기업부,19598262970,77843690
900270,헝셩그룹,외국기업(소속부없음),19352930272,836988201
214610,롤링스톤,관리종목(소속부없음),19197807380,0
032280,삼일,중견기업부,19132036200,181784807
215480,토박스코리아,중견기업부,18974000000,316468480
101680,한국정밀기계,중견기업부,18951020000,99834515
031860,디에이치엑스컴퍼니,관리종목(소속부없음),18714758139,0
050760,에스폴리텍,중견기업부,18703206310,83942926
417180,핑거스토리,중견기업부,18601537200,111008480
049120,파인디앤씨,벤처기업부,18542308587,89747574
042040,케이피엠테크,중견기업부,18507312138,0
083470,이엠앤아이,벤처기업부,18459384585,162242315
275630,에스에스알,벤처기업부,18362058960,76050155
032980,바이온,관리종목(소속부없음),18354952980,0
303030,지니틱스,벤처기업부,18314952000,204496650
098660,에스티오,중견기업부,18288927888,116212823
247660,나노씨엠에스,기술성장기업부,18287903200,105684485
312610,에이에프더블류,투자주의환기종목(소속부없음),18170428536,36713710
054410,케이피티유,중견기업부,18124195260,70384825
389680,유디엠텍,기술성장기업부,18092722275,183540220
191410,육일씨엔에쓰,중견기업부,18050054805,362187486
289010,아이스크림에듀,중견기업부,17933599216,143944962
110020,전진바이오팜,기술성장기업부,17872937426,91096023
076080,웰크론한텍,중견기업부,17849383240,255179251
226340,본느,중견기업부,17703921240,421028518
018620,우진비앤지,벤처기업부,17680245480,204834445
060230,제이케이시냅스,중견기업부,17596496925,358461110
193250,링크드,중견기업부,17553409029,106265513
134060,이퓨쳐,벤처기업부,17455455000,147954470
060480,국일신동,중견기업부,17322580000,57262454
113810,디젠스,중견기업부,17292867030,473780678
032800,판타지오,중견기업부,17233895625,206861451
065770,CS,벤처기업부,17130322225,377292621
023790,동일스틸럭스,중견기업부,16938471168,481263641
482680,미래에셋비전스팩7호,SPAC(소속부없음),16881825000,0
048830,엔피케이,중견기업부,16814082854,40185511
241820,피씨엘,관리종목(소속부없음),16803871920,0
014100,메디앙스,중견기업부,16697000000,110425072
477380,미래에셋비전스팩4호,SPAC(소속부없음),16686000000,52433580
192390,윈하이텍,벤처기업부,16658665790,575008464
069330,유아이디,벤처기업부,16511807076,153417516
009730,이렘,투자주의환기종목(소속부없음),16437511454,91356469
051780,큐로홀딩스,중견기업부,16393608000,657747351
028080,휴맥스홀딩스,중견기업부,16313019330,152259230
240600,유진테크놀로지,벤처기업부,16281154850,112610850
115530,씨엔플러스,중견기업부,16162981050,131164235
106520,노블엠앤비,투자주의환기종목(소속부없음),15904036272,0
065690,파커스,투자주의환기종목(소속부없음),15847645368,28930827
344860,이노진,기술성장기업부,15831480000,86639648
0072Z0,KB제33호스팩,SPAC(소속부없음),15714805000,18345163
092600,앤씨앤,벤처기업부,15702280390,326528663
096870,엘디티,벤처기업부,15502234143,38443255
199730,바이오인프라,벤처기업부,15493008895,60756120
0130H0,엔에이치스팩33호,SPAC(소속부없음),15353800000,55115433
0101C0,하나36호스팩,SPAC(소속부없음),15348420000,100666464
469880,하나30호스팩,SPAC(소속부없음),15340500000,146229429
067770,세진티에스,중견기업부,15290195853,29264996
477340,에이치엠씨제7호스팩,SPAC(소속부없음),15282850000,801860
045520,크린앤사이언스,중견기업부,15210000000,63914317
030350,드래곤플라이,관리종목(소속부없음),15171092867,0
0044K0,삼성스팩10호,SPAC(소속부없음),15077600000,53774870
361670,삼영에스앤씨,기술성장기업부,14962617120,27496280
177350,베셀,투자주의환기종목(소속부없음),14779632784,304575631
227100,프로브잇,관리종목(소속부없음),14770119384,0
225430,케이엠제약,벤처기업부,14696475350,1147906910
0115H0,삼성스팩13호,SPAC(소속부없음),14619150000,157295755
900120,씨엑스아이,외국기업(소속부없음),14603186473,0
079190,케스피온,벤처기업부,14575095320,304688273
308100,형지글로벌,중견기업부,14485873824,1478305898
473050,유안타제15호스팩,SPAC(소속부없음),14475650000,100757226
154040,다산솔루에타,중견기업부,14395975388,334387702
250930,예선테크,벤처기업부,14388191840,52579879
060260,뉴보텍,벤처기업부,14276320920,304503634
478440,미래에셋비전스팩6호,SPAC(소속부없음),14206500000,12132440
479880,한국제15호스팩,SPAC(소속부없음),14152200000,51124045
137940,넥스트아이,중견기업부,14085883350,194385030
0099W0,미래에셋비전스팩11호,SPAC(소속부없음),13944000000,29768356
083660,CSA 코스믹,중견기업부,13885310439,107858112
043590,웰킵스하이텍,중견기업부,13799043477,117860513
065420,에스아이리소스,중견기업부,13742841408,679081144
352770,셀레스트라,관리종목(소속부없음),13610136750,0
244460,올리패스,관리종목(소속부없음),13415218661,0
489480,키움제11호스팩,SPAC(소속부없음),13332000000,51948500
481890,엔에이치스팩31호,SPAC(소속부없음),13261050000,37950635
0096B0,삼성스팩12호,SPAC(소속부없음),13061300000,110518607
0097F0,미래에셋비전스팩10호,SPAC(소속부없음),12967500000,25253148
088290,이원컴포텍,관리종목(소속부없음),12921236640,83601691
025870,신라에스지,중견기업부,12900000000,68137600
489730,디비금융제13호스팩,SPAC(소속부없음),12790640000,84643195
0093G0,미래에셋비전스팩8호,SPAC(소속부없음),12768000000,12799985
478390,KB제29호스팩,SPAC(소속부없음),12751000000,85533859
471050,대신밸런스제17호스팩,SPAC(소속부없음),12726000000,15540970
0099X0,IBKS제25호스팩,SPAC(소속부없음),12707500000,42347315
0037T0,KB제32호스팩,SPAC(소속부없음),12691650000,11402767
054180,메디콕스,관리종목(소속부없음),12686716395,0
079950,인베니아,관리종목(소속부없음),12681372900,220521880
492220,KB제31호스팩,SPAC(소속부없음),12637350000,50363690
0054V0,엔에이치스팩32호,SPAC(소속부없음),12619495000,15664380
0131D0,키움히어로제2호스팩,SPAC(소속부없음),12468560000,197693568
0091W0,신영스팩11호,SPAC(소속부없음),12439400000,26672415
0088D0,메리츠제1호스팩,SPAC(소속부없음),12430275000,39522850
002680,한탑,중견기업부,12409650816,139050485
482520,교보16호스팩,SPAC(소속부없음),12383000000,102286193
084180,수성웹툰,중견기업부,12380883855,122734216
419540,비스토스,벤처기업부,12323985360,236804837
065570,삼영이엔씨,관리종목(소속부없음),12295692232,0
482690,대신밸런스제19호스팩,SPAC(소속부없음),12072250000,48402007
0041L0,하나35호스팩,SPAC(소속부없음),12060000000,6890979
291810,핀텔,기술성장기업부,11982622448,2717620344
477760,DB금융스팩12호,SPAC(소속부없음),11972000000,81327017
368970,오에스피,벤처기업부,11967722460,61512210
0132G0,교보20호스팩,SPAC(소속부없음),11904180000,48061036
069920,엑시온그룹,투자주의환기종목(소속부없음),11871657317,74206749
050090,비케이홀딩스,투자주의환기종목(소속부없음),11771917325,57334855
469900,하나31호스팩,SPAC(소속부없음),11574325000,63725945
0071M0,삼성스팩11호,SPAC(소속부없음),11548800000,27167700
060240,스타코링크,관리종목(소속부없음),11502414560,0
487360,신한제14호스팩,SPAC(소속부없음),11449200000,44348766
035290,골드앤에스,중견기업부,11418516960,111445384
012340,뉴인텍,투자주의환기종목(소속부없음),11300312000,137516785
474490,유안타제16호스팩,SPAC(소속부없음),11295500000,58878460
477470,미래에셋비전스팩5호,SPAC(소속부없음),11288800000,12209591
474660,신한제12호스팩,SPAC(소속부없음),11288400000,69426675
496070,신한제16호스팩,SPAC(소속부없음),11268100000,6220680
0105P0,유진스팩12호,SPAC(소속부없음),11240760000,8628037
0129K0,신한제18호스팩,SPAC(소속부없음),11161320000,98737541
009620,삼보산업,투자주의환기종목(소속부없음),10973074144,305554354
0096D0,미래에셋비전스팩9호,SPAC(소속부없음),10956000000,23315279
0098T0,교보19호스팩,SPAC(소속부없음),10908000000,49519950
008290,원풍물산,투자주의환기종목(소속부없음),10865212026,41021296
073190,듀오백,투자주의환기종목(소속부없음),10831076200,42567698
486630,KB제30호스팩,SPAC(소속부없음),10779300000,15761702
489210,교보17호스팩,SPAC(소속부없음),10748500000,45725065
0004Y0,디비금융제14호스팩,SPAC(소속부없음),10656575000,22182499
493790,유안타제17호스팩,SPAC(소속부없음),10620000000,63053255
0130D0,신한제17호스팩,SPAC(소속부없음),10583880000,88346400
469480,IBKS제24호스팩,SPAC(소속부없음),10490400000,72722085
043100,알파AI,관리종목(소속부없음),10457241600,0
478110,이베스트스팩6호,SPAC(소속부없음),10265900000,3472595
466690,키움히어로제1호스팩,SPAC(소속부없음),10190000000,17077742
472220,신영스팩10호,SPAC(소속부없음),10177300000,25064739
498390,한화플러스제5호스팩,SPAC(소속부없음),10168000000,15887735
0041B0,교보18호스팩,SPAC(소속부없음),10130400000,8477420
011080,형지I&C,중견기업부,10096215700,2887890233
121850,코이즈,투자주의환기종목(소속부없음),9861148050,218756574
488060,유진스팩11호,SPAC(소속부없음),9581600000,102565860
106080,케이이엠텍,관리종목(소속부없음),9506998050,0
484130,하나34호스팩,SPAC(소속부없음),9130400000,69410373
464440,한국제13호스팩,관리종목(소속부없음),9102240000,75945175
473950,에스케이증권제13호스팩,SPAC(소속부없음),8994700000,20984925
467930,IBKS제23호스팩,SPAC(소속부없음),8904150000,77763645
465320,교보15호스팩,SPAC(소속부없음),8896350000,0
468760,유진스팩10호,SPAC(소속부없음),8798000000,130931035
487830,신한제15호스팩,SPAC(소속부없음),8787000000,123100145
472230,에스케이증권제11호스팩,SPAC(소속부없음),8600850000,92212507
0068Y0,비엔케이제3호스팩,SPAC(소속부없음),8589830000,51076486
487720,키움제10호스팩,SPAC(소속부없음),8565750000,136047430
309930,조이웍스앤코,중견기업부,8565568341,263263397
03481K,해성산업1우,중견기업부,8209619880,29844900
0041J0,엘에스스팩1호,SPAC(소속부없음),8199450000,32661208
475250,하나33호스팩,SPAC(소속부없음),7677500000,2545477
079970,투비소프트,관리종목(소속부없음),7646223464,0
474930,신한제13호스팩,SPAC(소속부없음),7583900000,409730
276040,스코넥,관리종목(소속부없음),7073119545,0
473000,에스케이증권제12호스팩,SPAC(소속부없음),6768950000,100910215
101390,아이엠,관리종목(소속부없음),6698084184,0
475240,하나32호스팩,SPAC(소속부없음),6656000000,50082627
044180,KD,관리종목(소속부없음),5477148795,0
313760,캐리,관리종목(소속부없음),5244963048,0
043090,더테크놀로지,투자주의환기종목(소속부없음),4718944500,0
052770,아이톡시,관리종목(소속부없음),4545457488,0
021045,대호특수강우,중견기업부,2159412140,687340
032685,소프트센우,중견기업부,1926774000,7633150
230980,비유테크놀러지,관리종목(소속부없음),279961671,92812571
