index,expiry,quad,week_%,day_%,post_%
코스피,2016-07-14,False,1.76,0.16,0.4
코스피,2016-08-11,False,2.44,0.2,-0.25
코스피,2016-09-08,True,1.53,0.09,-3.12
코스피,2016-10-13,False,-2.41,-0.9,1.24
코스피,2016-11-10,False,0.95,2.26,-1.75
코스피,2016-12-08,True,2.39,1.97,0.24
코스피,2017-01-12,False,2.21,0.58,-0.73
코스피,2017-02-09,False,-0.25,0.04,0.42
코스피,2017-03-09,True,-0.55,-0.21,2.04
코스피,2017-04-13,False,-0.19,0.93,-0.01
코스피,2017-05-11,False,4.12,1.16,-0.05
코스피,2017-06-08,True,0.69,0.15,0.47
코스피,2017-07-13,False,0.91,0.74,0.69
코스피,2017-08-10,False,-1.15,-0.38,-0.48
코스피,2017-09-14,True,1.34,0.74,1.61
코스피,2017-10-12,False,4.31,0.68,0.39
코스피,2017-11-09,False,0.17,-0.07,-0.94
코스피,2017-12-14,True,0.3,-0.45,0.37
코스피,2018-01-11,False,0.87,-0.47,1.36
코스피,2018-02-08,False,-6.27,0.46,-0.52
코스피,2018-03-08,True,0.24,1.3,2.52
코스피,2018-04-12,False,0.21,-0.06,0.45
코스피,2018-05-10,False,-1.65,0.83,-0.23
코스피,2018-06-14,True,-1.23,-1.84,-3.44
코스피,2018-07-12,False,1.22,0.19,0.56
코스피,2018-08-09,False,1.48,0.1,-1.94
코스피,2018-09-13,True,-0.06,0.14,1.0
코스피,2018-10-11,False,-7.79,-4.44,0.73
코스피,2018-11-08,False,3.37,0.67,-1.02
코스피,2018-12-13,True,1.3,0.62,-1.6
코스피,2019-01-10,False,3.49,-0.07,1.64
코스피,2019-02-14,False,1.02,1.11,-0.91
코스피,2019-03-14,True,-0.47,0.34,1.02
코스피,2019-04-11,False,0.81,0.0,1.09
코스피,2019-05-09,False,-4.61,-3.04,-0.96
코스피,2019-06-13,True,1.65,-0.27,-0.21
코스피,2019-07-11,False,-1.33,1.06,0.54
코스피,2019-08-08,False,-4.79,0.57,0.27
코스피,2019-09-12,True,3.05,0.84,1.05
코스피,2019-10-10,False,-2.14,-0.88,1.97
코스피,2019-11-14,False,-0.24,0.79,0.65
코스피,2019-12-12,True,3.72,1.51,2.73
코스피,2020-01-09,False,0.52,1.63,2.4
코스피,2020-02-13,False,0.23,-0.24,-1.08
코스피,2020-03-12,True,-12.03,-3.87,-8.83
코스피,2020-04-09,False,6.46,1.61,1.14
코스피,2020-05-14,False,-0.19,-0.8,2.89
코스피,2020-06-11,True,1.19,-0.86,-1.78
코스피,2020-07-09,False,1.52,0.42,0.72
코스피,2020-08-13,False,4.05,0.21,-3.16
코스피,2020-09-10,True,0.02,0.87,1.97
코스피,2020-10-08,False,3.63,0.21,-0.48
코스피,2020-11-12,False,2.56,-0.41,2.57
코스피,2020-12-10,True,1.86,-0.33,0.38
코스피,2021-01-14,False,3.9,0.05,-1.82
코스피,2021-02-11,False,-0.93,0.52,1.07
코스피,2021-03-11,True,-0.98,1.88,1.77
코스피,2021-04-08,False,1.81,0.19,0.82
코스피,2021-05-13,False,-1.78,-1.25,1.63
코스피,2021-06-10,True,-0.7,0.26,1.05
코스피,2021-07-08,False,-0.9,-0.99,0.57
코스피,2021-08-12,False,-2.07,-0.38,-1.54
코스피,2021-09-09,True,-1.93,-1.53,1.1
코스피,2021-10-14,False,2.76,1.5,1.35
코스피,2021-11-11,False,-1.95,-0.18,2.47
코스피,2021-12-09,True,2.86,0.93,-1.37
코스피,2022-01-13,False,1.42,-0.35,-3.3
코스피,2022-02-10,False,2.37,0.11,-3.44
코스피,2022-03-10,True,-0.86,2.21,-2.19
코스피,2022-04-14,False,0.77,0.01,0.08
코스피,2022-05-12,False,-4.76,-1.63,2.76
코스피,2022-06-09,True,-2.25,-0.03,-5.05
코스피,2022-07-14,False,-0.51,-0.27,2.09
코스피,2022-08-11,False,2.05,1.73,-0.29
코스피,2022-09-08,True,-1.3,0.33,0.74
코스피,2022-10-13,False,-2.36,-1.8,4.03
코스피,2022-11-10,False,3.14,-0.91,3.25
코스피,2022-12-08,True,-4.39,-0.49,0.06
코스피,2023-01-12,False,4.44,0.24,0.6
코스피,2023-02-09,False,0.51,-0.09,-0.64
코스피,2023-03-09,True,-0.36,-0.53,-2.9
코스피,2023-04-13,False,4.17,0.43,0.37
코스피,2023-05-11,False,-0.42,-0.22,-0.43
코스피,2023-06-08,True,1.31,-0.18,1.04
코스피,2023-07-13,False,1.37,0.64,0.63
코스피,2023-08-10,False,-0.15,-0.14,-2.92
코스피,2023-09-14,True,0.97,1.51,-0.53
코스피,2023-10-12,False,3.08,1.21,-0.79
코스피,2023-11-09,False,3.58,0.23,0.25
코스피,2023-12-14,True,2.09,1.34,0.96
코스피,2024-01-11,False,-1.81,-0.07,-1.68
코스피,2024-02-08,False,3.06,0.41,-0.25
코스피,2024-03-14,True,2.69,0.94,-2.3
코스피,2024-04-11,False,-0.0,0.07,-3.6
코스피,2024-05-09,False,0.75,-1.2,0.67
코스피,2024-06-13,True,2.43,0.98,0.33
코스피,2024-07-11,False,2.35,0.81,-0.87
코스피,2024-08-08,False,-7.95,-0.45,2.53
코스피,2024-09-12,True,-0.13,2.34,0.83
코스피,2024-10-10,False,0.23,0.19,1.32
코스피,2024-11-14,False,-5.68,0.07,2.19
코스피,2024-12-12,True,1.65,1.62,-1.02
코스피,2025-01-09,False,5.13,0.03,-0.97
코스피,2025-02-13,False,1.83,1.36,1.69
코스피,2025-03-13,True,-0.1,-0.05,1.5
코스피,2025-04-10,False,-1.67,6.6,1.32
코스피,2025-05-08,False,1.2,0.22,1.12
코스피,2025-06-12,True,5.38,0.45,1.04
코스피,2025-07-10,False,2.15,1.58,1.01
코스피,2025-08-14,False,-0.06,0.04,-2.96
코스피,2025-09-11,True,4.48,0.9,3.15
코스피,2025-10-09,False,2.25,2.7,0.36
코스피,2025-11-13,False,3.58,0.49,-5.2
코스피,2025-12-11,True,2.04,-0.59,-2.71
코스피,2026-01-08,False,8.03,0.03,3.08
코스피,2026-02-12,False,6.95,3.13,5.18
코스피,2026-03-12,True,-0.01,-0.48,1.03
코스피,2026-04-09,False,10.39,-1.61,3.28
코스피,2026-05-14,False,6.56,1.75,-8.89
코스피,2026-06-11,True,-10.13,0.43,12.4
코스닥,2016-07-14,False,1.06,0.1,-0.13
코스닥,2016-08-11,False,0.24,-0.58,-1.37
코스닥,2016-09-08,True,-0.58,-0.76,-1.09
코스닥,2016-10-13,False,-3.1,-1.02,-0.42
코스닥,2016-11-10,False,2.17,3.92,-0.93
코스닥,2016-12-08,True,-1.55,1.05,4.53
코스닥,2017-01-12,False,-1.5,-0.79,-1.4
코스닥,2017-02-09,False,-0.33,0.37,0.08
코스닥,2017-03-09,True,-0.46,0.06,1.32
코스닥,2017-04-13,False,-1.05,0.39,1.74
코스닥,2017-05-11,False,3.08,0.76,-1.31
코스닥,2017-06-08,True,2.75,0.53,-0.11
코스닥,2017-07-13,False,-1.67,0.24,1.74
코스닥,2017-08-10,False,-0.47,-0.44,-0.8
코스닥,2017-09-14,True,1.05,0.96,1.36
코스닥,2017-10-12,False,2.66,0.64,0.6
코스닥,2017-11-09,False,2.16,0.12,6.55
코스닥,2017-12-14,True,2.24,-0.24,-0.54
코스닥,2018-01-11,False,5.51,2.11,5.71
코스닥,2018-02-08,False,-5.09,3.85,-3.78
코스닥,2018-03-08,True,-0.36,1.54,3.78
코스닥,2018-04-12,False,1.44,-0.44,2.24
코스닥,2018-05-10,False,-1.85,0.48,0.94
코스닥,2018-06-14,True,-1.44,-1.2,-5.69
코스닥,2018-07-12,False,3.18,1.8,0.05
코스닥,2018-08-09,False,1.04,0.72,-3.49
코스닥,2018-09-13,True,1.93,0.56,0.11
코스닥,2018-10-11,False,-11.02,-5.37,3.41
코스닥,2018-11-08,False,5.51,1.66,-3.29
코스닥,2018-12-13,True,0.5,0.78,-3.24
코스닥,2019-01-10,False,4.01,0.53,1.03
코스닥,2019-02-14,False,1.85,0.32,0.78
코스닥,2019-03-14,True,2.52,0.07,-0.86
코스닥,2019-04-11,False,1.98,0.83,-0.19
코스닥,2019-05-09,False,-4.04,-2.84,-1.94
코스닥,2019-06-13,True,2.67,0.33,-1.63
코스닥,2019-07-11,False,-2.05,1.53,-0.39
코스닥,2019-08-08,False,-5.92,3.68,0.91
코스닥,2019-09-12,True,0.17,1.14,2.34
코스닥,2019-10-10,False,0.42,-0.11,1.9
코스닥,2019-11-14,False,-0.43,0.22,-0.12
코스닥,2019-12-12,True,3.13,1.24,2.14
코스닥,2020-01-09,False,-1.18,3.92,1.89
코스닥,2020-02-13,False,2.22,0.15,-0.68
코스닥,2020-03-12,True,-13.33,-5.39,-8.65
코스닥,2020-04-09,False,8.5,1.41,-0.92
코스닥,2020-05-14,False,3.35,-0.14,0.84
코스닥,2020-06-11,True,1.98,-0.21,-2.86
코스닥,2020-07-09,False,4.09,0.91,0.71
코스닥,2020-08-13,False,0.08,1.08,-4.22
코스닥,2020-09-10,True,1.16,1.71,1.71
코스닥,2020-10-08,False,4.27,0.23,-1.16
코스닥,2020-11-12,False,-0.56,0.02,-0.07
코스닥,2020-12-10,True,1.55,0.86,1.04
코스닥,2021-01-14,False,-0.87,0.12,-2.3
코스닥,2021-02-11,False,-0.66,0.67,1.6
코스닥,2021-03-11,True,-1.96,2.02,3.59
코스닥,2021-04-08,False,1.68,0.9,2.89
코스닥,2021-05-13,False,-1.88,-1.59,1.82
코스닥,2021-06-10,True,-0.24,0.92,0.97
코스닥,2021-07-08,False,-0.11,-1.23,0.85
코스닥,2021-08-12,False,-0.51,0.21,-3.13
코스닥,2021-09-09,True,-1.2,-0.25,0.3
코스닥,2021-10-14,False,6.62,3.14,2.23
코스닥,2021-11-11,False,-0.88,0.5,4.31
코스닥,2021-12-09,True,4.65,1.67,-1.96
코스닥,2022-01-13,False,0.3,-0.82,-4.0
코스닥,2022-02-10,False,0.46,-1.63,-6.23
코스닥,2022-03-10,True,-0.71,2.18,-2.01
코스닥,2022-04-14,False,0.01,0.08,0.38
코스닥,2022-05-12,False,-7.38,-3.77,3.88
코스닥,2022-06-09,True,-1.81,0.25,-6.11
코스닥,2022-07-14,False,1.07,0.38,2.12
코스닥,2022-08-11,False,0.85,1.45,-0.57
코스닥,2022-09-08,True,-1.33,1.25,0.46
코스닥,2022-10-13,False,-4.92,-2.99,6.98
코스닥,2022-11-10,False,1.97,-0.95,5.25
코스닥,2022-12-08,True,-3.79,-0.78,0.37
코스닥,2023-01-12,False,4.54,0.15,-0.16
코스닥,2023-02-09,False,2.61,0.59,-0.64
코스닥,2023-03-09,True,2.8,-0.58,-6.32
코스닥,2023-04-13,False,3.31,0.41,1.65
코스닥,2023-05-11,False,-2.21,-0.63,-0.94
코스닥,2023-06-08,True,2.24,-0.52,2.36
코스닥,2023-07-13,False,2.59,1.5,2.36
코스닥,2023-08-10,False,-0.98,0.25,-3.62
코스닥,2023-09-14,True,-0.76,1.9,-1.73
코스닥,2023-10-12,False,3.48,2.25,-1.81
코스닥,2023-11-09,False,3.89,-1.0,-1.08
코스닥,2023-12-14,True,3.37,1.36,2.11
코스닥,2024-01-11,False,1.88,0.81,-3.14
코스닥,2024-02-08,False,3.49,1.81,3.95
코스닥,2024-03-14,True,2.8,-0.27,0.49
코스닥,2024-04-11,False,-2.48,-0.14,-2.95
코스닥,2024-05-09,False,0.14,-0.26,-0.92
코스닥,2024-06-13,True,2.42,0.08,-1.42
코스닥,2024-07-11,False,1.38,-0.71,-1.5
코스닥,2024-08-08,False,-8.39,-0.44,2.63
코스닥,2024-09-12,True,0.79,3.05,2.37
코스닥,2024-10-10,False,1.52,-0.35,-0.22
코스닥,2024-11-14,False,-7.08,-1.17,0.67
코스닥,2024-12-12,True,1.85,1.1,1.63
코스닥,2025-01-09,False,5.37,0.54,-0.76
코스닥,2025-02-13,False,1.21,0.55,3.25
코스닥,2025-03-13,True,-1.65,-0.92,3.15
코스닥,2025-04-10,False,-0.25,5.97,4.42
코스닥,2025-05-08,False,1.42,0.94,0.31
코스닥,2025-06-12,True,5.23,0.4,-1.75
코스닥,2025-07-10,False,0.55,0.93,1.9
코스닥,2025-08-14,False,1.17,0.14,-4.62
코스닥,2025-09-11,True,3.64,0.21,2.05
코스닥,2025-10-09,False,0.21,1.05,-0.74
코스닥,2025-11-13,False,2.25,1.31,-4.32
코스닥,2025-12-11,True,0.52,-0.04,-1.98
코스닥,2026-01-08,False,2.01,-0.35,0.52
코스닥,2026-02-12,False,1.59,1.0,2.49
코스닥,2026-03-12,True,2.87,1.02,-1.0
코스닥,2026-04-09,False,1.86,-1.27,4.26
코스닥,2026-05-14,False,-0.67,1.2,-8.96
코스닥,2026-06-11,True,-5.03,4.76,2.18
