ym,code,name,mcap,ep,bp,roe,div,src_rcept
2026-08,005930,삼성전자,1645727428152000,0.067202,0.343353,0.195723,0.006768,20260814003699
2026-08,000660,SK하이닉스,1263751791450000,0.102664,0.20762,0.494481,0.001675,20260814003509
2026-08,402340,SK스퀘어,148150649754000,0.175893,0.370101,0.475258,0.001379,20260814003471
2026-08,009150,삼성전기,98296903936000,0.009075,0.104078,0.087199,0.001826,20260814003805
2026-08,005380,현대차,84974472890000,0.105544,1.439585,0.073316,0.032816,20260814003521
2026-08,373220,LG에너지솔루션,80379000000000,-0.014342,0.27796,-0.051598,0.0,20260813000255
2026-08,207940,삼성바이오로직스,71797265001000,0.026333,0.116466,0.226099,0.0,20260814003375
2026-08,032830,삼성생명,65700000000000,0.034001,2.204549,0.015423,0.015513,20260814003263
2026-08,028260,삼성물산,64137278285500,0.041815,1.645738,0.025408,0.007145,20260814002969
2026-08,105560,KB금융,58275194696200,0.104451,1.044884,0.099965,0.028289,20260814004200
2026-08,012450,한화에어로스페이스,55946290085000,0.032924,0.214471,0.153514,0.00735,20260814003198
2026-08,000270,기아,51105061438200,0.1491,1.265776,0.117793,0.051707,20260814003932
2026-08,055550,신한지주,48869769879900,0.107278,1.229814,0.087231,0.031,20260814003306
2026-08,329180,HD현대중공업,47547434925000,0.042625,0.221734,0.192236,0.011925,20260814002879
2026-08,034020,두산에너빌리티,46953132001800,0.002374,0.173783,0.013659,0.001959,20260814003782
2026-08,012330,현대모비스,45003361168000,0.084036,1.14738,0.073242,0.012891,20260814004065
2026-08,068270,셀트리온,44732282944800,0.029926,0.40022,0.074773,0.003752,20260814003751
2026-08,034730,SK,42486583958000,0.165093,0.875451,0.18858,0.030369,20260814002185
2026-08,006400,삼성SDI,38519883340000,-0.004018,0.630813,-0.006369,7.7e-05,20260814003578
2026-08,086790,하나금융지주,35338565942400,0.113825,1.326498,0.085809,0.033174,20260814003800
2026-08,035420,NAVER,34849023870000,0.062069,0.847644,0.073226,0.011294,20260814002266
2026-08,066570,LG전자,31681062091000,0.032322,0.84557,0.038225,0.010358,20260814001997
2026-08,000810,삼성화재,29511979653000,0.071784,1.225774,0.058562,0.028111,20260814003992
2026-08,010120,LS ELECTRIC,28050000000000,0.012054,0.075941,0.158734,0.003298,20260814003088
2026-08,267260,HD현대일렉트릭,25881842930000,0.030786,0.087126,0.353345,0.011681,20260814003228
2026-08,010130,고려아연,25819862653000,0.030695,0.439315,0.069871,0.019817,20260814003958
2026-08,042660,한화오션,25800007774800,0.069379,0.291605,0.237921,0.0,20260812000829
2026-08,298040,효성중공업,25372095108000,0.023646,0.101975,0.231884,0.002784,20260813001554
2026-08,009540,HD한국조선해양,24664430926000,0.125665,0.601268,0.209001,0.043152,20260814002569
2026-08,005490,POSCO홀딩스,24564873370000,0.04814,2.339338,0.020578,0.034191,20260814000957
2026-08,316140,우리금융지주,23116847403500,0.13815,1.682092,0.08213,0.036413,20260814003410
2026-08,017670,SK텔레콤,21951543416600,0.035961,0.703214,0.051138,0.016107,20260813001728
2026-08,096770,SK이노베이션,21097787942400,-0.11189,1.241397,-0.090132,0.008054,20260814002500
2026-08,015760,한국전력,20382359444750,0.376576,2.486259,0.151463,0.051917,20260814002198
2026-08,011200,HMM,20373940152000,0.089248,1.410064,0.063294,0.032423,20260813001042
2026-08,042700,한미반도체,20349154700000,0.012666,0.036704,0.3451,0.003729,20260814003665
2026-08,138040,메리츠금융지주,19311875304200,0.121703,0.58531,0.207929,2.1e-05,20260814004036
2026-08,006800,미래에셋증권,19305057360000,0.15862,0.82934,0.191261,0.009023,20260814004118
2026-08,033780,KT&G,17886541568800,0.073296,0.540949,0.135496,0.035231,20260814004174
2026-08,051910,LG화학,17824566607500,-0.071343,1.987719,-0.035892,0.010438,20260814002655
2026-08,010140,삼성중공업,17776000000000,0.031265,0.268418,0.116478,6.1e-05,20260814003496
2026-08,018260,삼성에스디에스,17642138400000,0.043532,0.584442,0.074485,0.014284,20260814003604
2026-08,000150,두산,17456954130000,0.020184,0.149495,0.135012,0.010578,20260814004047
2026-08,267250,HD현대,16825527105000,0.129123,0.726781,0.177665,0.018486,20260814003420
2026-08,003550,LG,16283378830800,0.061311,1.90598,0.032168,0.035439,20260814002972
2026-08,024110,기업은행,15948517380000,0.169373,2.353271,0.071973,0.05253,20260814004009
2026-08,010950,S-Oil,15885431951200,0.047737,0.634896,0.075188,0.002424,20260814000827
2026-08,035720,카카오,15858722306000,0.021854,0.74295,0.029415,0.006588,20260819000055
2026-08,079550,LIG디펜스앤에어로스페이스,15290000000000,0.015094,0.104329,0.144679,0.004215,20260814001318
2026-08,086280,현대글로비스,14752500000000,0.108374,0.738301,0.146789,0.029487,20260814002854
2026-08,278470,에이피알,14413689675000,0.025314,0.04496,0.56305,0.013219,20260814002503
2026-08,064350,현대로템,14199412319300,0.053848,0.239899,0.224463,0.004612,20260814002977
2026-08,003670,포스코퓨처엠,13777769478000,0.006602,0.304787,0.021661,0.001614,20260814000996
2026-08,272210,한화시스템,13281033046700,0.02021,0.33828,0.059743,0.011968,20260820000123
2026-08,030200,KT,13205936294000,0.112312,1.407277,0.079808,0.045749,20260814003463
2026-08,011070,LG이노텍,13016908850000,0.039918,0.489409,0.081563,0.003418,20260814001879
2026-08,047810,한국항공우주,12671763910000,0.013052,0.149932,0.087053,0.003846,20260814003309
2026-08,307950,현대오토에버,12285943936000,0.015665,0.154007,0.101718,7.7e-05,20260814003571
2026-08,000720,현대건설,11759168784000,0.0336,0.788484,0.042613,0.009978,20260814003360
2026-08,005830,DB손해보험,11645962052200,0.172894,1.19957,0.14413,0.039575,20260814003682
2026-08,078930,GS,10794456519000,0.168467,1.518879,0.110915,0.036627,20260814003779
2026-08,003230,삼양식품,10290098490000,0.042966,0.148764,0.288817,0.003498,20260814003053
2026-08,071050,한국금융지주,10281445524000,0.240939,1.333908,0.180626,0.051241,20260814002697
2026-08,259960,크래프톤,10242598926000,0.067585,0.704151,0.095981,0.009648,20260814003894
2026-08,005940,NH투자증권,9636279340500,0.131215,1.12713,0.116415,0.050625,20260814002484
2026-08,003490,대한항공,9500093053800,-0.009797,1.106573,-0.008853,0.030334,20260814002803
2026-08,006260,LS,9157200000000,0.03921,0.577337,0.067915,0.015606,20260814001888
2026-08,0126Z0,삼성에피스홀딩스,8957897640000,,0.680367,,,20260814002990
2026-08,047050,포스코인터내셔널,8901693072800,0.085678,0.785689,0.109048,0.03698,20260814001968
2026-08,443060,HD현대마린솔루션,8863575042000,0.033799,0.10065,0.33581,0.02099,20260814001752
2026-08,028050,삼성E&A,8849400000000,0.074366,0.566271,0.131326,0.019128,20260814003428
2026-08,016360,삼성증권,8215600000000,0.153465,1.053634,0.145653,0.043478,20260814002836
2026-08,161390,한국타이어앤테크놀로지,8175754554000,0.145124,1.64097,0.088438,-0.029842,20260814003878
2026-08,090430,아모레퍼시픽,8072000742000,0.035708,0.69042,0.051719,0.012888,20260814002449
2026-08,180640,한진칼,7871272694100,-0.00545,0.424845,-0.012828,0.003474,20260814002907
2026-08,007660,이수페타시스,7289535446700,0.025904,0.117851,0.219799,0.002316,20260814002283
2026-08,352820,하이브,7237637764400,-0.021142,0.474196,-0.044585,0.003087,20260814004127
2026-08,009830,한화솔루션,7207805778800,-0.022933,1.347007,-0.017025,0.00664,20260814003076
2026-08,039490,키움증권,7029188688000,0.211111,1.0754,0.196309,0.042859,20260813001767
2026-08,064400,LG씨엔에스,6937033876800,0.065976,0.439211,0.150215,0.025872,20260814002448
2026-08,021240,코웨이,6786596153400,0.094366,0.563051,0.167598,0.027457,20260814002001
2026-08,000100,유한양행,6554997562300,0.03339,0.364197,0.09168,0.006858,20260814002038
2026-08,326030,SK바이오팜,6554819025000,0.048682,0.155879,0.312303,0.0,20260814002274
2026-08,047040,대우건설,6545758673340,-0.107368,0.578491,-0.185601,0.000448,20260814002161
2026-08,032640,LG유플러스,6311240374840,0.083039,1.437243,0.057777,0.044599,20260814001092
2026-08,000880,한화,5908563612200,0.125025,2.273906,0.054983,0.016701,20260814003062
2026-08,377300,카카오페이,5749089112500,0.012623,0.343116,0.03679,0.0,20260814003101
2026-08,241560,두산밥캣,5550066163500,5.9e-05,0.000919,0.064628,2e-05,20260814003597
2026-08,267270,HD건설기계,5534979103500,0.049679,0.884671,0.056155,0.004758,20260814004300
2026-08,029780,삼성카드,5346887819650,0.121365,1.665367,0.072876,0.055881,20260814003715
2026-08,128940,한미약품,5322966760500,0.040233,0.26373,0.152555,0.006049,20260814004181
2026-08,001440,대한전선,5223202683400,0.003821,0.360267,0.010607,0.0,20260814003722
2026-08,353200,대덕전자,5154185277500,0.019571,0.189526,0.103261,0.004999,20260813001620
2026-08,062040,산일전기,5049941680000,0.0328,0.131357,0.249703,0.007521,20260814003544
2026-08,175330,JB금융지주,4961480518400,0.145579,1.212959,0.120019,0.048463,20260814002218
2026-08,271560,오리온,4956910015200,0.080499,0.820179,0.098148,0.029398,20260818000305
2026-08,010060,OCI홀딩스,4947611480000,0.007074,0.827188,0.008551,0.004358,20260813000901
2026-08,036570,NC,4836632939000,0.104767,0.731985,0.143128,0.004611,20260814003764
2026-08,088350,한화생명,4750859100000,0.202862,3.421213,0.059295,0.0,20260813001536
2026-08,034220,LG디스플레이,4750000000000,-0.219819,1.326528,-0.16571,0.0,20260814001005
2026-08,000500,가온전선,4710817427400,0.012724,0.11256,0.113043,0.000351,20260814000919
2026-08,051900,LG생활건강,4687338699000,-0.013099,1.206725,-0.010855,0.009518,20260814002412
2026-08,454910,두산로보틱스,4595736582000,-0.011254,0.071639,-0.157096,0.0,20260814003345
2026-08,138930,BNK금융지주,4440779842230,0.159025,2.454308,0.064794,0.053556,20260814003965
2026-08,066970,엘앤에프,4251547179000,-0.086616,0.182525,-0.474541,0.0,20260814000995
2026-08,001450,현대해상,4241100437500,0.268205,1.543956,0.173713,0.0,20260814003474
2026-08,002380,KCC,4158961664000,0.837801,2.648917,0.316281,0.026524,20260814001150
2026-08,011790,SKC,4136498053200,-0.200271,0.482118,-0.415399,0.002244,20260814003336
2026-08,000990,DB하이텍,3902361543600,0.078036,0.6134,0.127218,0.00876,20260814003091
2026-08,004170,신세계,3782794990500,0.028114,1.428127,0.019686,0.026987,20260814003432
2026-08,082740,한화엔진,3680018962200,,0.176561,,,20260814002747
2026-08,004020,현대제철,3603036195000,-0.00898,5.521249,-0.001626,0.018984,20260814003379
2026-08,001040,CJ,3539169857400,0.011085,1.537126,0.007212,0.031297,20260814002852
2026-08,052690,한전기술,3497130000000,0.025097,0.169485,0.14808,0.014653,20260814001293
2026-08,018880,한온시스템,3489292676800,-0.027424,1.178798,-0.023264,0.0,20260813001074
2026-08,111770,영원무역,3310066659600,0.159971,1.36445,0.117242,0.026998,20260814003968
2026-08,085620,미래에셋생명,3305151000000,0.029667,0.73331,0.040457,0.0,20260814004054
2026-08,036460,한국가스공사,3290958450000,0.117511,3.573529,0.032884,0.030604,20260819000378
2026-08,161890,한국콜마,3226814025900,0.047403,0.310386,0.152722,0.008372,20260814002721
2026-08,103590,일진전기,3128161584000,0.040786,0.209124,0.195031,0.007621,20260811000431
2026-08,028670,팬오션,3127231645200,0.10107,2.021464,0.049999,0.025636,20260812000418
2026-08,251270,넷마블,3081019646250,0.085128,1.937724,0.043932,0.02645,20260814002548
2026-08,192820,코스맥스,3075716939000,0.049039,0.210225,0.233267,0.012173,20260813001436
2026-08,008930,한미사이언스,3074200172500,0.043351,0.34514,0.125605,0.006612,20260814004187
2026-08,035250,강원랜드,3061488555000,0.119304,1.276975,0.093427,0.061501,20260814003905
2026-08,022100,포스코DX,2966197562790,0.016719,0.190164,0.087918,0.006444,20260814000366
2026-08,031210,서울보증보험,2956944675300,0.090966,1.694615,0.053679,0.067651,20260814002650
2026-08,009420,한올바이오파마,2951596047000,-0.008601,0.054759,-0.157069,0.0,20260814003675
2026-08,011780,금호석유화학,2948438490000,0.180985,2.287136,0.079132,0.014854,20260814002302
2026-08,012750,에스원,2918336870400,0.059359,0.588966,0.100785,0.037073,20260814003817
2026-08,302440,SK바이오사이언스,2863664184500,-0.020546,0.609768,-0.033695,0.0,20260813001292
2026-08,006360,GS건설,2845584542500,0.055808,1.71858,0.032473,0.020401,20260814002722
2026-08,017800,현대엘리베이터,2822470197000,0.132892,0.384133,0.345953,0.193208,20260814003691
2026-08,097950,CJ제일제당,2769970224000,-0.269857,2.695972,-0.100096,0.034732,20260814001793
2026-08,023530,롯데쇼핑,2735522608500,0.025248,5.593832,0.004513,0.0608,20260814003975
2026-08,139130,iM금융지주,2720683349440,0.158058,2.341748,0.067496,0.042871,20260814003948
2026-08,483650,달바글로벌,2704932597500,0.035975,0.093094,0.386438,0.012005,20260814001262
2026-08,375500,DL이앤씨,2638905088600,0.186296,2.083876,0.089399,0.014069,20260814003712
2026-08,004370,농심,2630742665000,0.071615,1.144248,0.062587,0.013306,20260814000362
2026-08,001720,신영증권,2610672000000,0.053759,0.760339,0.070704,0.039739,20260810000423
2026-08,004800,효성,2609829451300,0.173812,1.030999,0.168586,0.042563,20260819000068
2026-08,007340,DN오토모티브,2586180233000,0.145947,0.922027,0.15829,0.026634,20260814001265
2026-08,489790,한화비전,2585005568000,0.05052,0.366753,0.13775,0.0,20260813001301
2026-08,003690,코리안리,2569523790740,0.135489,1.564414,0.086607,0.039201,20260814003862
2026-08,026960,동서,2562290000000,0.056669,0.670478,0.08452,0.044507,20260813001175
2026-08,181710,NHN,2463036052800,0.017478,0.604291,0.028923,0.0,20260814003830
2026-08,282330,BGF리테일,2443944308400,0.081543,0.541347,0.15063,0.028981,20260814004307
2026-08,005850,에스엘,2433902448000,0.143367,1.111776,0.128953,0.054668,20260814002776
2026-08,450080,에코프로머티,2425375047500,,0.478516,,,20260814001623
2026-08,336260,두산퓨얼셀,2423267862000,-0.076683,0.123645,-0.620187,0.0,20260813001645
2026-08,204320,HL만도,2418291680000,0.061691,1.216424,0.050715,0.014563,20260814004041
2026-08,383220,F&F,2382700065000,0.171529,0.863729,0.198591,0.042473,20260814004123
2026-08,011170,롯데케미칼,2322705251700,-0.608517,5.73966,-0.10602,0.027355,20260814004167
2026-08,004990,롯데지주,2272334092800,-0.227441,2.814532,-0.08081,0.061752,20260814004197
2026-08,081660,미스토홀딩스,2216584320000,0.120521,0.971781,0.12402,0.047535,20260814002860
2026-08,000240,한국앤컴퍼니,2207244330000,0.175056,2.349989,0.074492,0.047201,20260814002221
2026-08,103140,풍산,2180288828400,0.075882,1.121219,0.067678,0.021296,20260814004203
2026-08,030000,제일기획,2174279152500,0.101228,0.741357,0.136544,0.057291,20260814003310
2026-08,014680,한솔케미칼,2169601236000,0.068947,0.504644,0.136625,0.013066,20260813001414
2026-08,018670,SK가스,2164368474000,0.068139,1.750427,0.038927,0.065711,20260813001641
2026-08,009970,영원무역홀딩스,2158105912200,0.187193,1.508544,0.124088,0.087419,20260814003190
2026-08,007070,GS리테일,2157071307000,0.043266,1.555091,0.027822,0.023244,20260814000859
2026-08,005440,현대지에프홀딩스,2090728068600,0.207425,2.499144,0.082998,0.043045,20260814002625
2026-08,073240,금호타이어,2082637080750,0.229525,1.163178,0.197326,0.0,20260813001743
2026-08,069960,현대백화점,2014162780800,0.114844,2.308627,0.049745,0.022886,20260814003395
2026-08,002790,아모레퍼시픽홀딩스,1987912680000,0.070846,1.775217,0.039909,0.057986,20260814002574
2026-08,139480,이마트,1984139386100,0.016226,6.624947,0.002449,0.069272,20260814002794
2026-08,051600,한전KPS,1971000000000,0.056643,0.683284,0.082898,0.037694,20260814001938
2026-08,112610,씨에스윈드,1963078809650,0.028618,0.654955,0.043694,0.021109,20260814001500
2026-08,439260,대한조선,1868252206500,0.151915,0.641703,0.236737,0.005155,20260814001422
2026-08,462870,시프트업,1867992102000,,0.526087,,,20260814004160
2026-08,457190,이수스페셜티케미컬,1816154207200,,0.076252,,,20260814002108
2026-08,475150,SK이터닉스,1747637305200,0.007742,0.15366,0.050384,0.0,20260813000561
2026-08,395400,SK리츠,1709780081600,0.018927,1.134411,0.016684,0.023316,20260311004347
2026-08,071970,HD현대마린엔진,1685898301500,0.107015,0.309652,0.345597,0.0,20260814002726
2026-08,023590,다우기술,1683876436800,0.380298,2.306156,0.164906,0.151668,20260814003900
2026-08,000120,CJ대한통운,1674426049600,0.133874,2.499977,0.05355,0.017516,20260814003838
2026-08,089860,롯데렌탈,1666600909200,0.070222,0.948171,0.074061,0.026144,20260814001915
2026-08,006040,동원산업,1666315917250,0.231528,2.292725,0.100984,0.03235,20260814000602
2026-08,008770,호텔신라,1660195518300,-0.090662,0.686727,-0.13202,0.0,20260814001955
2026-08,011210,현대위아,1615387930200,0.083522,2.304491,0.036243,0.019758,20260814002618
2026-08,020150,롯데에너지머티리얼즈,1542162885350,-0.084157,1.116701,-0.075362,0.0,20260814000373
2026-08,001800,오리온홀딩스,1533994626000,0.082608,1.661109,0.049731,0.076821,20260814000993
2026-08,097230,HJ중공업,1529603127360,0.078839,0.49226,0.160157,0.0,20260812000297
2026-08,120110,코오롱인더,1486820488800,0.052374,2.897798,0.018074,0.028159,20260814003133
2026-08,001120,LX인터내셔널,1469004000000,0.107166,2.023433,0.052962,0.059853,20260814001146
2026-08,020560,아시아나항공,1439875069890,-0.566953,0.092084,-6.156888,0.006889,20260813001561
2026-08,006280,녹십자,1426926289800,-0.028508,0.866679,-0.032894,0.013757,20260814003840
2026-08,294870,IPARK현대산업개발,1423598328000,0.132881,2.312031,0.057474,0.030865,20260818000088
2026-08,001430,세아베스틸지주,1411174382650,0.051757,1.402673,0.036899,0.027311,20260814003802
2026-08,322000,HD현대에너지솔루션,1404480000000,0.043451,0.335926,0.129348,0.0,20260814002295
2026-08,069620,대웅제약,1384595712500,0.138283,0.768406,0.179961,0.006534,20260814002515
2026-08,001740,SK네트웍스,1366044384090,0.05325,1.544108,0.034486,0.037136,20260814002753
2026-08,298020,효성티앤씨,1350236784000,0.069686,1.295881,0.053775,0.04011,20260813001535
2026-08,007810,코리아써키트,1309451052000,0.046556,0.377291,0.123395,0.002104,20260814002394
2026-08,229640,LS에코에너지,1306151089350,0.032979,0.19231,0.171487,0.009013,20260814002014
2026-08,007310,오뚜기,1294529090000,0.054389,1.653461,0.032894,0.025097,20260814001966
2026-08,082640,동양생명,1287516293250,0.120529,1.815097,0.066404,0.0,20260814003397
2026-08,093370,후성,1280628640200,0.036178,0.285426,0.126752,0.001097,20260814003359
2026-08,012630,HDC,1263537399150,0.350219,2.528972,0.138483,0.017629,20260818000287
2026-08,281820,케이씨텍,1263154571800,0.050267,0.454732,0.110542,0.011245,20260813001393
2026-08,192080,더블유게임즈,1257703999200,0.124941,1.066284,0.117174,0.018491,20260814003909
2026-08,003540,대신증권,1234552663400,0.300697,3.68128,0.081683,0.083983,20260813001526
2026-08,280360,롯데웰푸드,1180946844200,0.077871,1.918903,0.040581,0.025072,20260813000921
2026-08,017960,한국카본,1165304759300,0.093493,0.577925,0.161773,0.013831,20260814000604
2026-08,030610,교보증권,1143048498830,0.156327,1.989818,0.078563,0.007864,20260814003361
2026-08,300720,한일시멘트,1141421643680,0.089371,1.622897,0.055069,0.064429,20260814003685
2026-08,361610,SK아이이테크놀로지,1140930045000,-1.332379,1.128835,-1.180313,0.0,20260814003194
2026-08,004000,롯데정밀화학,1139070000000,0.162179,2.227063,0.072822,0.033541,20260814002262
2026-08,000080,하이트진로,1068836231640,0.045934,1.08067,0.042505,0.045592,20260813000855
2026-08,003530,한화투자증권,1044847664250,0.095433,2.166247,0.044055,0.0,20260813001503
2026-08,006340,대원전선,1038991012000,0.008595,0.140964,0.060971,0.0,20260812000613
2026-08,032350,롯데관광개발,1016499589500,0.035881,0.370775,0.096773,0.0,20260813001149
2026-08,192400,쿠쿠홀딩스,992184961500,0.170338,1.377209,0.123684,0.048551,20260814002973
2026-08,000210,DL,978639782800,0.112729,4.40774,0.025575,0.057386,20260814003266
2026-08,003570,SNT다이내믹스,977629291800,0.047744,0.949239,0.050297,0.042854,20260812000083
2026-08,003240,태광산업,958637400000,0.172545,4.434137,0.038913,0.001536,20260814003951
2026-08,003090,대웅,947132854200,0.179814,1.32282,0.135933,0.014472,20260814002579
2026-08,001820,삼화콘덴서,941787000000,0.019096,0.304107,0.062792,0.00562,20260814002905
2026-08,077970,STX엔진,941472077350,0.065207,0.406741,0.160315,0.0,20260814001988
2026-08,185750,종근당,923405982000,0.084942,1.099716,0.07724,0.007134,20260814003547
2026-08,009450,경동나비엔,922191873600,0.150533,0.962904,0.156333,0.011754,20260814003740
2026-08,005090,SGC에너지,904906112400,-0.059222,0.767743,-0.077138,0.022171,20260814001158
2026-08,005300,롯데칠성,896340194400,0.053583,1.735838,0.030869,0.040962,20260813000529
2026-08,009240,한샘,895465960400,0.021104,0.44771,0.047137,0.0,20260813001668
2026-08,006120,SK디스커버리,891584051200,0.073536,4.015023,0.018315,0.094408,20260813001756
2026-08,195870,해성디에스,885700000000,0.048931,0.652465,0.074995,0.017274,20260814003884
2026-08,030190,NICE평가정보,883083789730,0.090897,0.544471,0.166946,0.033778,20260813000967
2026-08,003470,유안타증권,875731063590,0.153017,2.271183,0.067373,0.0,20260814002465
2026-08,000370,한화손해보험,858031025250,0.40547,3.627254,0.111784,0.0,20260813001433
2026-08,285130,SK케미칼,858018793600,0.04601,2.873277,0.016013,0.027009,20260813001371
2026-08,034230,파라다이스,857748077320,0.104069,2.039865,0.051017,0.015308,20260814002485
2026-08,079160,CJ CGV,844472264700,-0.095188,0.897369,-0.106075,0.0,20260814003075
2026-08,071320,지역난방공사,839458940000,0.441788,2.925863,0.150994,0.084924,20260813000083
2026-08,100090,SK오션플랜트,814090020870,0.052875,1.029619,0.051354,0.0,20260814000534
2026-08,499790,GS피앤엘,789267471800,0.035845,1.103508,0.032483,0.015289,20260814000634
2026-08,005180,빙그레,786013828800,0.111599,0.998542,0.111762,0.037121,20260814000452
2026-08,003850,보령,766937630580,0.103651,1.166728,0.088839,0.017624,20260814004226
2026-08,036530,SNT홀딩스,757315504700,0.144559,1.879979,0.076894,0.063274,20260812000295
2026-08,004490,세방전지,755370000000,0.202942,2.229936,0.091008,0.047266,20260814002510
2026-08,214320,이노션,751600000000,0.138862,1.519562,0.091383,0.086267,20260814004031
2026-08,365550,ESR켄달스퀘어리츠,734575665000,0.011794,1.547104,0.007623,0.039742,20260414001470
2026-08,006110,삼아알미늄,728194358250,-0.028793,0.304263,-0.094632,0.000519,20260814003238
2026-08,298050,HS효성첨단소재,719479648800,0.045369,1.252095,0.036234,0.030952,20260814003921
2026-08,456040,OCI,717094849500,-0.044502,1.646162,-0.027034,0.004035,20260813000822
2026-08,137310,에스디바이오센서,714834683840,-1.078389,3.357174,-0.321219,0.033524,20260814002250
2026-08,064960,SNT모티브,692701099200,0.114465,1.489704,0.076837,0.061933,20260818000153
2026-08,000670,영풍,686718475900,0.572812,5.819819,0.098424,0.000384,20260814002751
2026-08,001510,SK증권,683476976175,0.072375,0.968518,0.074727,0.0,20260814001647
2026-08,317450,명인제약,662840000000,,1.231618,,,20260813000745
2026-08,003160,디아이,660805000000,0.035507,0.320638,0.110738,0.012146,20260814001182
2026-08,005880,대한해운,660018310300,0.277836,3.676029,0.075581,0.0,20260814003103
2026-08,093050,LF,657900000000,0.158817,2.554114,0.062181,0.030556,20260814002480
2026-08,268280,미원에스씨,657000000000,0.125383,0.750366,0.167096,0.023488,20260814000948
2026-08,069260,TKG휴켐스,643020189240,0.101069,1.461317,0.069163,0.059673,20260814001861
2026-08,293940,신한알파리츠,634935645750,0.01116,0.946272,0.011793,0.040231,20260814002042
2026-08,017940,E1,633864000000,0.263149,3.399891,0.077399,0.032677,20260814004295
2026-08,001570,금양,633275240400,-0.09931,0.705392,-0.140787,0.0,20260515002598
2026-08,033240,자화전자,631960933500,0.127732,0.835443,0.152891,0.0,20260813001078
2026-08,002350,넥센타이어,625074412800,0.21101,3.460071,0.060984,0.033164,20260814003268
2026-08,383800,LX홀딩스,616347975200,0.240965,3.434745,0.070155,0.036578,20260814003829
2026-08,001060,JW중외제약,614748552000,0.148464,0.666835,0.22264,0.025554,20260814004216
2026-08,248070,솔루엠,608222521920,0.016981,0.940959,0.018047,0.011082,20260814000937
2026-08,000640,동아쏘시오홀딩스,605927430000,0.136144,1.968377,0.069166,0.018222,20260814003374
2026-08,108320,LX세미콘,600965885000,0.153422,1.883459,0.081457,0.040596,20260814003481
2026-08,001680,대상,600103793000,-0.505704,1.839356,-0.274935,0.05104,20260814003187
2026-08,014820,동원시스템즈,595770845100,0.096847,1.524815,0.063514,0.029485,20260813001261
2026-08,453340,현대그린푸드,583514418390,0.161549,1.339823,0.120575,0.037657,20260814003465
2026-08,075580,세진중공업,574748000160,0.109517,0.427459,0.256205,0.022255,20260813001500
2026-08,001270,부국증권,568269752800,0.091865,1.57016,0.058507,0.03786,20260814002623
2026-08,114090,GKL,560412370200,0.085881,0.806948,0.106427,0.045695,20260814001705
2026-08,002840,미원상사,559350000000,0.098136,0.765996,0.128115,0.019574,20260814002457
2026-08,003300,한일홀딩스,552499476480,0.09356,3.06034,0.030572,0.109099,20260814003713
2026-08,025540,한국단자,551267500000,0.206114,2.183068,0.094415,0.058716,20260814002398
2026-08,002990,금호건설,549584616500,0.123351,0.524708,0.235085,0.013263,20260813000466
2026-08,007700,F&F홀딩스,547209994330,0.230951,4.347743,0.05312,0.156411,20260814004112
2026-08,058650,세아홀딩스,540036642800,0.179985,4.402495,0.040882,0.06088,20260814003711
2026-08,003620,KG모빌리티,538317265920,0.128498,2.835092,0.045324,0.0,20260814001969
2026-08,100840,SNT에너지,535632279700,0.170891,0.74771,0.228552,0.044272,20260812000070
2026-08,090460,비에이치,535339223440,0.058802,1.493079,0.039383,0.015159,20260814000697
2026-08,005810,풍산홀딩스,531998074800,0.163688,2.294193,0.071349,0.041289,20260814004013
2026-08,016380,KG스틸,529047065130,0.353511,4.091136,0.086409,0.054916,20260814004122
2026-08,006650,대한유화,521950000000,0.042444,3.594449,0.011808,0.03699,20260814003256
2026-08,284740,쿠쿠홈시스,508205524500,0.267455,2.248519,0.118947,0.06208,20260814003412
2026-08,001530,DI동일,496139122950,0.004459,1.060658,0.004204,0.003976,20260814003957
2026-08,336370,솔루스첨단소재,493592454940,0.03532,1.51506,0.023312,0.001876,20260814004134
2026-08,377740,바이오노트,492619042080,-0.330797,3.14778,-0.105089,0.046632,20260813000809
