code,name,유형,등급,시장,상태,진입가,목표가,손절가,현재가,경과,현재수익,최고가,최고수익,목표도달일,실현_50%,잔여_트레일선,잔여_평가,카드_구(전량),카드_신(2단·현재평가),잔여상태,손절까지,목표까지
000150,두산,A,C,KOSPI,목표달성,901000.0,973500.0,838831.0,1170000.0,1,0.2985571587125415,1170000.0,0.2985571587125415,2026-07-31,0.08046614872364044,1029600.0,0.2985571587125415,0.08046614872364044,0.18951165371809098,보유중(익일 트레일 개시),,
000660,SK하이닉스,B,C,KOSPI,목표달성,1327000.0,1592400.0,1287190.0,1718000.0,1,0.29464958553127363,1718000.0,0.29464958553127363,2026-07-31,0.19999999999999996,1511840.0,0.29464958553127363,0.19999999999999996,0.2473247927656368,보유중(익일 트레일 개시),,
001820,삼화콘덴서,A,C,KOSPI,목표달성,58300.0,63200.0,52470.0,71600.0,1,0.228130360205832,73900.0,0.26758147512864494,2026-07-31,0.08404802744425388,65032.0,0.228130360205832,0.08404802744425388,0.15608919382504294,보유중(익일 트레일 개시),,
005930,삼성전자,B,C,KOSPI,목표달성,208000.0,249600.0,201760.0,262500.0,1,0.26201923076923084,267000.0,0.28365384615384626,2026-07-31,0.19999999999999996,234960.0,0.26201923076923084,0.19999999999999996,0.2310096153846154,보유중(익일 트레일 개시),,
006360,GS건설,A,C,KOSPI,목표달성,22400.0,23950.0,20854.0,23450.0,1,0.046875,24250.0,0.08258928571428581,2026-07-31,0.0691964285714286,22400.0,0.046875,0.0691964285714286,0.0580357142857143,보유중(익일 트레일 개시),,
009150,삼성전기,B,C,KOSPI,목표달성,873000.0,1047600.0,846810.0,1142000.0,1,0.30813287514318444,1142000.0,0.30813287514318444,2026-07-31,0.19999999999999996,1004960.0,0.30813287514318444,0.19999999999999996,0.2540664375715922,보유중(익일 트레일 개시),,
009420,한올바이오파마,A,C,KOSPI,목표달성,38950.0,42075.0,36262.0,43400.0,1,0.11424903722721447,43700.0,0.12195121951219523,2026-07-31,0.08023106546854941,38950.0,0.11424903722721447,0.08023106546854941,0.09724005134788194,보유중(익일 트레일 개시),,
010120,LS ELECTRIC,A,C,KOSPI,목표달성,148500.0,162000.0,138254.0,184800.0,1,0.24444444444444446,186800.0,0.25791245791245787,2026-07-31,0.09090909090909083,164384.0,0.24444444444444446,0.09090909090909083,0.16767676767676765,보유중(익일 트레일 개시),,
010170,대한광통신,A,B,KOSDAQ,목표달성,7150.0,7800.0,6657.0,8530.0,1,0.1930069930069931,8640.0,0.20839160839160842,2026-07-31,0.09090909090909083,7603.2,0.1930069930069931,0.09090909090909083,0.14195804195804196,보유중(익일 트레일 개시),,
011070,LG이노텍,A,B,KOSPI,목표달성,420000.0,467000.0,391174.0,514000.0,1,0.2238095238095239,524000.0,0.24761904761904763,2026-07-31,0.11190476190476195,461120.0,0.2238095238095239,0.11190476190476195,0.16785714285714293,보유중(익일 트레일 개시),,
017900,광전자,A,A,KOSPI,목표달성,4380.0,4750.0,4078.0,5190.0,1,0.18493150684931514,5250.0,0.19863013698630128,2026-07-31,0.08447488584474883,4620.0,0.18493150684931514,0.08447488584474883,0.13470319634703198,보유중(익일 트레일 개시),,
028050,삼성E&A,B,C,KOSPI,관찰중,41000.0,49200.0,39770.0,43800.0,1,0.06829268292682933,43800.0,0.06829268292682933,,,,,,,,0.10133266281116415,0.12328767123287676
031980,피에스케이홀딩스,A,C,KOSDAQ,목표달성,76100.0,85150.0,69952.0,97800.0,1,0.28515111695137985,99800.0,0.3114323258869909,2026-07-31,0.11892247043364002,87824.0,0.28515111695137985,0.11892247043364002,0.20203679369250993,보유중(익일 트레일 개시),,
032830,삼성생명,B,C,KOSPI,목표달성,259500.0,311400.0,251715.0,311500.0,1,0.20038535645472066,315500.0,0.21579961464354525,2026-07-31,0.19999999999999996,277640.0,0.20038535645472066,0.19999999999999996,0.2001926782273603,보유중(익일 트레일 개시),,
034730,SK,B,C,KOSPI,목표달성,462000.0,554400.0,448140.0,557000.0,1,0.2056277056277056,574000.0,0.24242424242424243,2026-07-31,0.19999999999999996,505120.0,0.2056277056277056,0.19999999999999996,0.20281385281385278,보유중(익일 트레일 개시),,
047040,대우건설,A,B,KOSPI,목표달성,11180.0,12305.0,10409.0,12780.0,1,0.14311270125223619,13090.0,0.17084078711985695,2026-07-31,0.10062611806797861,11519.2,0.14311270125223619,0.10062611806797861,0.1218694096601074,보유중(익일 트레일 개시),,
053610,프로텍,A,A,KOSDAQ,목표달성,48200.0,52700.0,44731.0,57700.0,1,0.19709543568464727,58800.0,0.2199170124481329,2026-07-31,0.0933609958506223,51744.0,0.19709543568464727,0.0933609958506223,0.14522821576763478,보유중(익일 트레일 개시),,
064290,인텍플러스,A,B,KOSDAQ,목표달성,21850.0,24475.0,20262.0,27600.0,1,0.26315789473684204,28250.0,0.29290617848970246,2026-07-31,0.12013729977116694,24860.0,0.26315789473684204,0.12013729977116694,0.1916475972540045,보유중(익일 트레일 개시),,
066570,LG전자,B,C,KOSPI,관찰중,147300.0,176760.0,142881.0,162100.0,1,0.1004752206381534,162400.0,0.10251188051595395,,,,,,,,0.13451053674036428,0.09043800123380619
069960,현대백화점,A,C,KOSPI,목표달성,111200.0,119300.0,101375.0,118800.0,1,0.06834532374100721,123000.0,0.10611510791366907,2026-07-31,0.07284172661870514,111200.0,0.06834532374100721,0.07284172661870514,0.07059352517985618,보유중(익일 트레일 개시),,
082920,비츠로셀,A,C,KOSDAQ,목표달성,24700.0,27150.0,22996.0,27500.0,1,0.11336032388663964,28000.0,0.1336032388663968,2026-07-31,0.09919028340080982,24700.0,0.11336032388663964,0.09919028340080982,0.10627530364372473,보유중(익일 트레일 개시),,
084370,유진테크,A,C,KOSDAQ,목표달성,87900.0,94000.0,81835.0,112300.0,1,0.27758816837315137,114800.0,0.3060295790671217,2026-07-31,0.0693970420932879,101024.0,0.27758816837315137,0.0693970420932879,0.17349260523321963,보유중(익일 트레일 개시),,
127120,제이에스링크,A,A,KOSDAQ,관찰중,28150.0,30175.0,26208.0,28950.0,1,0.02841918294849033,30000.0,0.06571936056838368,,,,,,,,0.1046245421245422,0.042314335060449126
138930,BNK금융지주,A,C,KOSPI,관찰중,14750.0,16010.0,13732.0,15170.0,1,0.028474576271186436,15390.0,0.04338983050847456,,,,,,,,0.10471890474803369,0.05537244561634802
170920,엘티씨,A,B,KOSDAQ,목표달성,26250.0,29725.0,24420.0,34550.0,1,0.31619047619047613,34550.0,0.31619047619047613,2026-07-31,0.1323809523809525,30404.0,0.31619047619047613,0.1323809523809525,0.2242857142857143,보유중(익일 트레일 개시),,
222800,심텍,A,B,KOSDAQ,목표달성,62400.0,68950.0,57606.0,82900.0,1,0.32852564102564097,82900.0,0.32852564102564097,2026-07-31,0.10496794871794868,72952.0,0.32852564102564097,0.10496794871794868,0.21674679487179482,보유중(익일 트레일 개시),,
240810,원익IPS,A,C,KOSDAQ,목표달성,75400.0,82450.0,70197.0,97600.0,1,0.2944297082228118,98700.0,0.3090185676392574,2026-07-31,0.09350132625994689,86856.0,0.2944297082228118,0.09350132625994689,0.19396551724137934,보유중(익일 트레일 개시),,
252990,샘씨엔에스,A,B,KOSDAQ,목표달성,9070.0,10140.0,8444.0,10980.0,1,0.21058434399117965,11400.0,0.25689084895259096,2026-07-31,0.11797133406835725,10032.0,0.21058434399117965,0.11797133406835725,0.16427783902976845,보유중(익일 트레일 개시),,
290550,디케이티,A,A,KOSDAQ,목표달성,14020.0,16150.0,13244.0,17300.0,1,0.23395149786019975,17500.0,0.24821683309557785,2026-07-31,0.15192582025677615,15400.0,0.23395149786019975,0.15192582025677615,0.19293865905848795,보유중(익일 트레일 개시),,
332570,PS일렉트로닉스,A,A,KOSDAQ,목표달성,6460.0,7000.0,6072.0,7270.0,1,0.12538699690402466,7450.0,0.15325077399380804,2026-07-31,0.08359133126934992,6556.0,0.12538699690402466,0.08359133126934992,0.10448916408668729,보유중(익일 트레일 개시),,
353200,대덕전자,A,B,KOSPI,목표달성,73500.0,82400.0,68666.0,96800.0,1,0.3170068027210884,96800.0,0.3170068027210884,2026-07-31,0.1210884353741497,85184.0,0.3170068027210884,0.1210884353741497,0.21904761904761905,보유중(익일 트레일 개시),,
402340,SK스퀘어,B,C,KOSPI,목표달성,783000.0,939600.0,759510.0,1038000.0,1,0.32567049808429127,1038000.0,0.32567049808429127,2026-07-31,0.19999999999999996,913440.0,0.32567049808429127,0.19999999999999996,0.2628352490421456,보유중(익일 트레일 개시),,
440110,파두,A,B,KOSDAQ,목표달성,48400.0,52350.0,44819.0,63400.0,1,0.3099173553719008,63400.0,0.3099173553719008,2026-07-31,0.08161157024793386,55792.0,0.3099173553719008,0.08161157024793386,0.19576446280991733,보유중(익일 트레일 개시),,
