출발일,code,name,유형,국면,밸류,상승1월,상승4월,전체최고,고점월,ex_ret,ex_how,완결
2025-10-31,025980,아난티,A,주의,,10.635538261997413,-0.5188067444876765,19.584954604409855,2,-0.0549286640726329,손절,True
2025-10-30,025980,아난티,A,주의,,8.662420382165603,-2.292993630573248,17.452229299363054,2,-0.0890891719745223,손절,True
2025-10-30,045390,대아티아이,A,주의,,9.243697478991585,14.28571428571428,20.768307322929182,5,-0.0738355342136855,손절,True
2025-10-17,260970,에스앤디,A,주의,,-5.006257822277849,-22.152690863579473,15.143929912390487,12,-0.0547559449311639,손절,True
2025-10-16,260970,에스앤디,A,주의,,-10.177514792899412,-26.390532544378697,8.875739644970416,12,-0.094909516765286,손절,True
2025-09-17,220100,퓨쳐켐,A,관찰만,,71.7199558985667,11.907386990077185,93.2194046306505,12,0.0733186328555677,목표,True
2025-09-01,048410,현대바이오,A,관찰만,,126.74825174825175,187.5874125874126,275.87412587412587,2,0.082167832167832,목표,True
2024-10-31,007660,이수페타시스,A,주의,,13.736263736263732,1.5109890109890056,22.80219780219781,2,-0.0721840659340659,손절,True
2024-10-25,039200,오스코텍,A,실행,,-3.484320557491294,17.944250871080136,17.944250871080136,4,-0.0582752613240418,손절,True
2024-10-24,039200,오스코텍,A,실행,,-12.202852614896987,7.2900158478605315,7.2900158478605315,4,-0.0701743264659271,손절,True
2024-10-21,042700,한미반도체,A,실행,,25.12315270935961,-12.709359605911331,25.12315270935961,1,-0.0699827586206897,손절,True
2024-10-16,078600,대주전자재료,A,실행,,7.288629737609331,-14.965986394557829,16.42371234207969,2,-0.0597862001943634,손절,True
2024-10-14,028300,HLB,A,실행,,24.264705882352942,-12.647058823529411,43.529411764705884,2,-0.0639705882352941,손절,True
2024-10-14,115450,HLB테라퓨틱스,A,실행,,83.56867779204107,16.944801026957634,83.56867779204107,1,0.0686777920410783,목표,True
2024-10-14,047920,HLB제약,A,실행,,34.06326034063261,2.4330900243308973,61.800486618004854,2,-0.0763503649635036,손절,True
2024-10-10,028300,HLB,B,실행,,3.5539215686274606,-27.20588235294118,19.6078431372549,2,-0.0580539215686274,손절,True
2024-10-02,402340,SK스퀘어,B,실행,저PBR,29.923273657288995,25.1918158567775,49.616368286445024,2,0.0565217391304346,트레일,True
2024-09-30,267250,HD현대,B,실행,저PBR·배당2%+,13.594771241830061,3.0065359477124076,51.8954248366013,2,0.0287581699346404,만기,True
2024-09-24,007460,에이프로젠,A,주의,,-28.03278688524591,-35.081967213114766,9.34426229508194,10,-0.0655737704918034,손절,True
2024-09-09,457190,이수스페셜티케미컬,A,실행,,-9.909909909909908,5.855855855855863,50.45045045045045,2,0.1103603603603604,목표,True
2024-09-06,199800,툴젠,A,실행,,-16.360294117647058,-25.0,21.323529411764696,9,-0.0536764705882353,트레일,True
2024-09-06,348370,엔켐,A,실행,,-4.47129909365559,-44.229607250755286,32.62839879154078,10,0.0854984894259818,목표,True
2024-09-05,199800,툴젠,A,주의,,-25.16447368421053,-32.89473684210527,10.526315789473696,9,-0.0538444010416666,손절,True
2024-09-05,031980,피에스케이홀딩스,A,주의,,51.85185185185186,-4.444444444444439,51.85185185185186,1,-0.0754701646090536,손절,True
2024-09-05,042660,한화오션,B,주의,,86.60436137071652,196.88473520249224,196.88473520249224,3,-0.0940623052959501,손절,True
2024-09-05,033100,제룡전기,A,주의,,36.74121405750799,-29.925452609158675,36.74121405750799,11,0.0804046858359956,목표,True
2024-09-05,348370,엔켐,A,주의,,-12.16666666666667,-48.72222222222222,21.944444444444457,10,-0.05,손절,True
2024-09-04,011070,LG이노텍,A,실행,,-28.099173553719005,-33.01652892561984,4.338842975206614,9,-0.0695953856749311,손절,True
2024-09-04,090460,비에이치,A,실행,,-10.594059405940593,-31.188118811881193,5.198019801980203,9,-0.0598762376237623,손절,True
2023-10-31,307950,현대오토에버,A,실행,,64.61538461538461,33.46153846153845,66.15384615384616,12,0.091923076923077,목표,True
2023-10-30,270520,앱튼,A,실행,,-22.44312411131425,10.86989640463132,31.51702891191006,3,-0.0603906250000001,손절,True
2023-10-27,086520,에코프로,B,실행,,4.724409448818889,3.464566929133861,46.14173228346456,11,-0.0681889763779527,손절,True
2023-10-27,403550,쏘카,A,실행,,14.338689740420275,38.75154511742893,39.36959208899877,3,-0.0658529048207663,손절,True
2023-10-27,054950,제이브이엠,A,실행,,33.4710743801653,35.53719008264462,35.53719008264462,4,0.1198347107438015,목표,True
2023-10-26,247540,에코프로비엠,A,실행,,61.82364729458918,40.28056112224449,77.35470941883769,12,-0.0557114228456914,손절,True
2023-10-26,121600,나노신소재,A,실행,,10.365853658536594,14.982578397212553,37.45644599303135,2,0.0718641114982578,목표,True
2023-10-26,299030,하나기술,A,실행,,-4.82758620689655,-15.310344827586208,13.241379310344836,11,-0.0591724137931034,손절,True
2023-10-26,137400,피엔티,A,실행,,-0.9823182711198419,-15.618860510805499,32.416502946954814,11,-0.0537328094302553,손절,True
2023-10-23,001060,JW중외제약,A,주의,,44.19475655430711,25.468164794007485,45.880149812734075,12,-0.057378277153558,트레일,True
2023-10-20,241560,두산밥캣,A,주의,저PER·배당2%+,15.34154535274357,24.524076147816352,39.529675251959695,3,-0.0589184397163121,손절,True
2023-10-20,016380,KG스틸,A,주의,저PBR·저PER,11.624999999999996,-9.375,14.999999999999991,12,-0.0523749999999999,손절,True
2023-10-19,000100,유한양행,A,실행,,13.68078175895766,35.830618892508134,35.830618892508134,4,-0.053558631921824,손절,True
2023-10-19,039200,오스코텍,A,실행,,12.01923076923077,52.644230769230774,69.23076923076923,4,-0.0226923076923076,트레일,True
2023-10-16,950130,엑세스바이오,A,주의,,-6.288032454361058,-23.1237322515213,23.12373225152129,12,-0.0675354969574035,손절,True
2023-10-16,310210,보로노이,A,주의,,34.70873786407766,-10.436893203883491,34.70873786407766,1,-0.060376213592233,손절,True
2023-10-16,247540,에코프로비엠,B,주의,,33.19587628865979,15.463917525773185,45.97938144329896,12,-0.06232,손절,True
2023-10-06,000150,두산,A,주의,,6.583427922814988,88.30874006810443,155.95913734392735,3,-0.0553916004540294,손절,True
2023-10-05,297090,씨에스베어링,A,주의,,10.663983903420515,-9.758551307847085,17.303822937625757,12,0.0724346076458752,목표,True
2023-10-05,009540,HD한국조선해양,B,주의,,16.893203883495154,29.611650485436904,33.98058252427185,3,-0.0915902912621359,손절,True
2023-09-25,402030,코난테크놀로지,A,주의,,12.478812761309289,-23.273381294964025,20.24520697578065,10,0.0755395683453237,목표,True
2023-09-25,042660,한화오션,B,주의,,-17.8743961352657,17.23027375201289,17.23027375201289,9,-0.0957600644122383,손절,True
2023-09-25,151860,KG에코솔루션,A,주의,저PBR·저PER,-5.829228243021345,-21.921182266009854,12.479474548440074,10,-0.05,손절,True
2023-09-22,122870,와이지엔터테인먼트,A,주의,,-26.506024096385538,-27.786144578313255,3.6144578313253017,9,-0.0789721385542169,손절,True
2023-09-22,126340,비나텍,A,주의,,3.0888030888030826,-6.370656370656369,19.111969111969106,1,-0.0591698841698842,손절,True
2023-09-19,217270,넵튠,A,관찰만,,-23.124999999999996,-29.479166666666668,2.9166666666666563,9,-0.0628645833333333,손절,True
2023-09-19,035420,NAVER,B,관찰만,,7.289293849658307,-10.113895216400914,7.289293849658307,1,-0.0958009111617312,손절,True
2023-09-18,180640,한진칼,A,관찰만,저PER,97.64428739693759,48.40989399293287,105.88928150765607,2,0.1183745583038868,목표,True
2023-09-15,095660,네오위즈,A,관찰만,,-24.13793103448276,-37.793103448275865,3.724137931034477,9,-0.0644137931034483,손절,True
2023-09-14,323990,박셀바이오,A,관찰만,,-30.694444444444446,-41.11111111111111,4.3055555555555625,9,-0.0697916666666667,손절,True
2023-09-13,402030,코난테크놀로지,A,관찰만,,10.883368608666611,-24.36170212765957,27.65957446808511,9,0.0950354609929078,목표,True
2023-09-08,361610,SK아이이테크놀로지,B,관찰만,,4.594921402660224,-10.761789600967353,6.408706166868194,12,-0.0818428053204354,손절,True
2022-10-13,115450,HLB테라퓨틱스,A,실행,,15.163934426229497,-7.646205965949882,19.672131147540984,10,-0.0538934426229508,손절,True
2022-10-12,115450,HLB테라퓨틱스,A,실행,,8.07692307692307,-13.329516368045258,12.307692307692308,10,-0.053653846153846,손절,True
2022-10-11,018470,조일알미늄,A,실행,,5.088495575221241,88.93805309734513,88.93805309734513,4,0.0796460176991149,목표,True
2022-09-27,080420,모다이노칩,A,실행,,-2.4355300859598805,7.163323782234965,19.627507163323777,3,-0.0867478510028653,손절,True
2022-09-26,117580,대성에너지,A,실행,,11.495327102803742,-4.299065420560744,26.16822429906542,9,0.0747663551401869,목표,True
2022-09-26,001250,GS글로벌,A,실행,,-4.159132007233268,29.475587703435814,29.475587703435814,11,-0.05,손절,True
2022-09-26,000230,일동홀딩스,A,실행,,0.4842615012106588,-30.94430992736078,101.93704600484264,11,0.0714285714285714,목표,True
2022-09-26,161000,애경케미칼,A,실행,저PBR·저PER·배당2%+,-8.307692307692305,110.25641025641026,131.79487179487182,11,0.0692307692307692,목표,True
2022-09-26,101360,에코앤드림,A,실행,,5.363984674329503,100.76628352490422,106.13026819923373,3,0.0833333333333332,목표,True
2022-09-23,353200,대덕전자,A,실행,,-5.982905982905984,6.623931623931623,14.102564102564097,11,-0.05,손절,True
2022-09-19,117580,대성에너지,A,실행,,4.192139737991263,-10.567685589519648,17.903930131004376,9,0.0720524017467247,목표,True
2022-09-19,220260,켐트로스,A,실행,,-21.067961165048544,30.77669902912621,32.71844660194174,3,-0.0711213592233011,손절,True
2022-09-19,010060,OCI홀딩스,A,실행,저PER,-12.511848341232223,17.535545023696674,17.535545023696674,11,-0.0545023696682464,손절,True
2022-09-15,323990,박셀바이오,A,실행,,-20.979765708200215,52.928647497337586,52.928647497337586,9,-0.0580937167199148,손절,True
2022-09-15,067630,HLB생명과학,A,실행,,-11.985018726591756,-9.662921348314601,6.741573033707859,10,-0.056641697877653,손절,True
2022-09-15,028300,HLB,B,실행,,-22.561692126909517,-9.283196239717984,7.638072855464162,10,-0.0792978848413631,손절,True
2022-09-06,054210,이랜텍,A,실행,,6.118421052631584,-2.1052631578947323,6.118421052631584,1,-0.0661875,손절,True
2022-09-06,007390,네이처셀,A,실행,,-12.8,36.00000000000001,36.00000000000001,11,-0.0502533333333333,손절,True
2022-09-05,007390,네이처셀,A,실행,,-16.368286445012792,30.434782608695656,30.434782608695656,11,-0.0670076726342711,손절,True
2022-09-02,297090,씨에스베어링,A,실행,,-13.33333333333333,20.091324200913242,20.091324200913242,3,-0.0717808219178082,트레일,True
2022-09-01,001440,대한전선,A,실행,,-5.632183908045974,3.4482758620689724,14.942528735632198,11,-0.0500000000000001,손절,True
2021-10-29,065660,안트로젠,A,주의,,14.04109589041096,-53.51027397260274,17.294520547945204,12,0.0736301369863012,목표,True
2021-10-27,009240,한샘,A,실행,,-6.995073891625614,-16.256157635467982,6.403940886699511,12,-0.0546798029556649,손절,True
2021-10-19,003280,흥아해운,A,주의,,-28.682170542635653,-15.245478036175708,16.020671834625322,10,0.107235142118863,목표,True
2021-10-13,185490,아이진,A,주의,,-6.382978723404253,-54.04255319148936,23.404255319148938,10,0.1617021276595744,목표,True
2021-10-13,047920,HLB제약,A,주의,,-19.891008174386926,-42.234332425068125,17.438692098092634,10,0.0694822888283379,목표,True
2021-10-13,299660,셀리드,A,주의,,-24.680851063829788,-55.67375886524823,16.45390070921986,11,0.0773049645390071,목표,True
2021-10-12,003670,포스코퓨처엠,B,주의,,-6.451612903225811,-9.677419354838712,10.64516129032258,11,-0.0763096774193548,손절,True
2021-10-12,101490,에스앤에스텍,A,주의,,18.312101910828016,-2.86624203821656,24.044585987261136,11,0.0788216560509553,목표,True
2021-10-07,084110,휴온스글로벌,A,주의,,-21.233569261880692,-33.36703741152679,5.965621840242674,10,-0.0675025278058645,트레일,True
2021-10-07,003490,대한항공,B,주의,,-6.907378335949765,2.19780219780219,2.19780219780219,4,-0.0970015698587126,손절,True
2021-10-06,299660,셀리드,A,실행,,-23.043478260869566,-54.710144927536234,19.999999999999996,10,0.1152173913043477,목표,True
2021-10-06,086890,이수앱지스,A,실행,,-19.999999999999996,-20.90909090909091,25.454545454545464,10,0.1022727272727272,목표,True
2021-10-06,032300,한국파마,A,실행,,5.0104384133611735,-15.03131524008351,49.89561586638831,10,0.0949895615866387,목표,True
2021-10-06,025950,동신건설,A,실행,,34.13978494623655,-14.247311827956988,34.13978494623655,1,0.105510752688172,목표,True
2021-10-06,047920,HLB제약,A,실행,,-19.672131147540984,-42.07650273224044,17.759562841530062,10,0.0710382513661203,목표,True
2021-10-06,200670,휴메딕스,A,실행,,-16.952054794520542,-21.575342465753423,13.013698630136993,10,0.0796232876712328,목표,True
2021-10-06,205470,휴마시스,A,실행,,127.19999999999997,44.8,191.6,2,0.0879999999999998,목표,True
2021-10-06,047820,초록뱀미디어,A,실행,,35.897435897435905,24.786324786324787,82.47863247863249,11,0.0854700854700856,목표,True
2021-10-06,084110,휴온스글로벌,A,실행,,-22.410358565737056,-34.36254980079681,18.32669322709164,10,-0.0679780876494023,손절,True
2021-10-06,002900,TYM,A,실행,,-4.6875,45.83333333333333,98.69791666666667,4,0.1158854166666667,목표,True
2021-10-06,049180,셀루메드,A,실행,,-13.341645885286779,-23.815461346633416,24.31421446384039,10,0.0922693266832916,목표,True
2021-10-06,036200,유니셈,A,실행,,31.390134529147986,8.520179372197312,35.8744394618834,12,0.0695067264573991,목표,True
2021-10-06,035810,이지홀딩스,A,실행,저PBR·저PER,-4.772727272727273,46.81818181818183,46.81818181818183,10,-0.042,트레일,True
2021-10-05,138610,나이벡,A,주의,,-6.804733727810652,-19.526627218934912,7.692307692307687,10,-0.0738905325443787,손절,True
2021-10-05,112610,씨에스윈드,A,주의,,-2.0588235294117685,-4.558823529411759,10.294117647058831,10,0.0713235294117646,목표,True
2021-10-05,299660,셀리드,A,주의,,-27.656675749318804,-57.42506811989101,12.806539509536785,10,0.1028610354223433,목표,True
2021-10-05,003280,흥아해운,A,주의,,-13.070866141732285,3.307086614173227,55.748031496063,10,-0.0799212598425196,손절,True
2021-10-01,003280,흥아해운,A,주의,,-27.08058124174373,-13.34214002642008,30.64729194187583,10,-0.0663143989431968,손절,True
2021-10-01,011200,HMM,B,주의,,-10.849056603773588,-7.704402515723274,18.39622641509433,3,-0.0467767295597484,손절,True
2021-09-30,011200,HMM,B,주의,,-15.875370919881304,-12.908011869436198,11.72106824925816,3,-0.0723115727002967,손절,True
2021-09-28,095660,네오위즈,A,주의,,63.48547717842323,11.203319502074693,63.48547717842323,1,-0.0578838174273859,손절,True
2021-09-28,297890,HB솔루션,A,주의,,20.20460358056266,3.5805626598465423,20.20460358056266,1,-0.0621483375959081,손절,True
2021-09-27,095660,네오위즈,A,주의,,49.80988593155893,1.9011406844106515,49.80988593155893,1,-0.0821181875792143,손절,True
2021-09-17,006400,삼성SDI,B,관찰만,,-4.551724137931035,-13.379310344827589,6.482758620689655,11,0.0441379310344827,만기,True
2021-09-14,035720,카카오,B,관찰만,,-5.645161290322576,-12.903225806451612,5.645161290322576,11,-0.0822216838651866,손절,True
2021-09-07,001470,삼부토건,A,관찰만,,-9.59147424511545,9.59147424511546,24.156305506216704,3,-0.0753108348134991,손절,True
2021-09-06,064760,티씨케이,A,관찰만,,14.370370370370367,7.777777777777772,15.407407407407403,12,-0.0514074074074074,손절,True
2021-09-06,007700,F&F홀딩스,A,관찰만,저PER·배당2%+,-13.23155216284987,-26.20865139949109,21.246819338422384,11,-0.0648442536047499,손절,True
2021-09-01,052400,코나아이,A,관찰만,,14.242424242424235,-16.21212121212121,19.24242424242424,9,0.0939393939393939,목표,True
2020-10-30,267270,HD건설기계,A,주의,저PBR,62.7016129032258,145.16129032258064,175.0,4,0.0685483870967742,목표,True
2020-10-27,005690,파미셀,A,관찰만,,10.49382716049383,20.98765432098766,59.5679012345679,11,0.0771604938271603,목표,True
2020-10-19,005690,파미셀,A,관찰만,,14.743589743589736,25.64102564102564,65.70512820512822,11,0.0753205128205127,목표,True
2020-10-16,005690,파미셀,A,관찰만,,12.578616352201255,23.27044025157232,62.57861635220125,11,0.0864779874213836,목표,True
2020-10-16,026890,스틱인베스트먼트,A,관찰만,,17.59259259259258,94.44444444444444,94.44444444444444,4,-0.0763888888888888,손절,True
2020-10-15,026890,스틱인베스트먼트,A,주의,,16.5137614678899,92.66055045871559,92.66055045871559,4,-0.0892201834862385,손절,True
2020-10-15,091990,091990,B,주의,,101.47895335608648,56.88282138794085,103.86803185437996,12,0.3026166097838452,목표,True
2020-09-23,028300,HLB,A,관찰만,,0.3798670465337217,-27.32250998582657,7.217473884140535,12,-0.0518983459955683,손절,True
2020-09-23,096770,SK이노베이션,B,관찰만,저PBR·배당2%+,115.20270270270272,91.89189189189189,121.28378378378378,2,-0.1010787162162162,손절,True
2020-09-23,016380,KG스틸,A,관찰만,,37.5,127.0,151.5,3,-0.0518999999999999,손절,True
2020-09-01,140410,메지온,A,주의,,4.208654416123281,-5.512744516893909,18.31653823355066,11,-0.0593479549496147,손절,True
2020-09-01,096770,SK이노베이션,B,주의,저PBR·배당2%+,114.47811447811449,91.24579124579124,120.53872053872054,2,-0.0584175084175083,트레일,True
2019-10-07,000270,기아,B,실행,저PBR,3.3838973162193753,-25.78763127187864,6.534422403733964,12,0.0035005834305716,만기,True
2019-10-07,002100,경농,A,실행,,-7.924528301886791,4.528301886792452,5.283018867924527,10,-0.0643396226415093,손절,True
2018-10-29,127160,127160,A,실행,,14.175654853620955,-40.98613251155624,52.85053929121726,11,-0.0581142783769902,손절,True
2018-10-29,006490,프리티,A,실행,,15.371024734982331,-12.279151943462896,41.69611307420495,11,-0.0600706713780918,손절,True
2018-10-29,005690,파미셀,A,실행,,70.27027027027026,13.963963963963955,70.27027027027026,1,-0.05,손절,True
2018-10-29,067160,SOOP,A,실행,,48.78892733564013,124.91349480968856,149.1349480968858,5,0.0683391003460207,목표,True
2018-10-29,004980,성신양회,A,실행,,84.472049689441,45.962732919254655,90.06211180124224,2,0.0739130434782608,목표,True
2018-10-29,048410,현대바이오,A,실행,,-1.1551155115511635,173.92739273927393,222.6072607260726,5,0.0693069306930693,목표,True
2018-10-29,006390,006390,A,실행,,66.52110625909754,28.384279475982545,71.47016011644834,2,0.0909752547307132,목표,True
2018-10-29,045390,대아티아이,A,실행,,75.96153846153845,37.88461538461539,106.73076923076925,2,0.1038461538461539,목표,True
2018-10-26,011690,와이투솔루션,A,실행,,32.70622286541245,32.70622286541245,51.95369030390737,3,-0.0513748191027496,손절,True
2018-10-25,227840,현대코퍼레이션홀딩스,A,실행,,8.42391304347827,-14.130434782608692,8.42391304347827,1,-0.0706521739130434,손절,True
2018-10-25,007700,F&F홀딩스,A,실행,,-21.98275862068967,53.10344827586204,67.9310344827586,4,-0.0860344827586206,손절,True
2018-10-25,012510,012510,A,실행,,20.41284403669725,34.1743119266055,57.568807339449535,4,0.0688073394495412,목표,True
2018-10-24,033180,033180,A,실행,,28.451882845188294,-19.832635983263604,28.451882845188294,1,-0.0539748953974895,손절,True
2018-10-24,227840,현대코퍼레이션홀딩스,A,실행,,3.3678756476683835,-18.134715025906733,37.04663212435233,1,-0.0614443005181347,손절,True
2018-10-24,078600,대주전자재료,A,실행,,11.051212938005396,5.39083557951483,20.485175202156334,2,-0.0501280323450135,손절,True
2018-10-12,000720,현대건설,B,실행,,14.721723518850993,-0.7181328545781018,20.28725314183124,2,-0.0555996409335727,손절,True
2018-10-12,036460,한국가스공사,B,실행,저PBR,-4.355400696864109,-14.634146341463417,2.4390243902439046,10,-0.0922726480836237,손절,True
2018-10-11,033270,유나이티드제약,A,실행,,-8.206106870229013,8.015267175572527,9.160305343511443,3,-0.05,손절,True
2018-10-11,003410,003410,A,실행,배당2%+,27.27272727272727,18.90909090909092,29.63636363636364,2,-0.0655999999999999,트레일,True
2018-10-11,183190,아세아시멘트,A,실행,저PBR,12.608695652173907,5.652173913043468,25.217391304347814,2,-0.0549565217391304,트레일,True
2018-10-11,007630,007630,A,실행,,-40.60085836909872,-72.70386266094421,11.587982832618016,10,-0.0500000000000001,손절,True
2018-10-11,000720,현대건설,A,실행,,18.55287569573283,2.5974025974025983,24.30426716141001,2,-0.0552875695732838,손절,True
2018-10-11,036460,한국가스공사,B,실행,저PBR,-5.344827586206902,-15.517241379310342,2.586206896551735,10,-0.1016629310344828,손절,True
2018-10-11,011760,현대코퍼레이션,A,실행,,30.94339622641509,-1.6981132075471694,34.528301886792455,2,-0.0070943396226414,트레일,True
2018-10-08,215600,신라젠,A,실행,,-7.168894289185901,-19.07654921020656,12.150668286755772,10,0.0783718104495747,목표,True
2018-10-04,008770,호텔신라,A,실행,,-14.345991561181437,22.36286919831223,24.472573839662438,4,-0.0710443037974684,손절,True
2018-10-04,004170,신세계,A,실행,,-8.731466227347607,13.17957166392092,14.66227347611202,3,-0.0625205930807248,손절,True
2018-10-02,271980,제일약품,A,주의,,4.844961240310086,-12.4031007751938,20.93023255813953,11,-0.0596656976744186,손절,True
2017-10-23,030520,한컴,A,관찰만,,34.40514469453375,4.8231511254019255,34.40514469453375,1,0.0884244372990352,목표,True
2017-10-16,141080,리가켐바이오,A,관찰만,,130.46357615894038,141.72185430463577,141.72185430463577,4,-0.0641556291390729,손절,True
2017-10-13,086900,메디톡스,A,관찰만,,42.82449725776964,75.43418647166362,75.43418647166362,4,-0.0569469835466178,손절,True
2017-09-25,192080,더블유게임즈,A,관찰만,,27.766599597585518,43.25955734406439,51.30784708249496,3,0.0714285714285714,목표,True
2017-09-21,213420,덕산네오룩스,A,관찰만,,28.71536523929472,-7.556675062972296,43.32493702770781,11,0.0919395465994963,목표,True
2017-09-06,141080,리가켐바이오,A,주의,,110.27190332326282,120.54380664652568,120.54380664652568,2,0.0709969788519635,목표,True
2016-10-31,096760,JW홀딩스,A,관찰만,,-10.230692076228687,-13.239719157472418,4.312938816449341,11,-0.0652457372116349,손절,True
2016-10-31,001060,JW중외제약,A,관찰만,,11.178861788617889,-3.1504065040650397,16.869918699186993,11,-0.068504403794038,손절,True
2016-10-28,096760,JW홀딩스,A,관찰만,,-12.254901960784315,-15.19607843137255,23.529411764705888,10,-0.0686274509803921,손절,True
2016-10-25,141080,리가켐바이오,A,관찰만,,20.666666666666657,4.166666666666652,32.833333333333336,12,0.07,목표,True
2016-10-14,018880,한온시스템,B,관찰만,저PBR,-5.2401746724890845,-17.37991266375546,3.056768558951961,10,-0.08401986275733,손절,True
2016-10-13,141000,비아트론,A,관찰만,,24.882629107981224,7.746478873239426,24.882629107981224,1,-0.0589201877934272,손절,True
2016-09-13,020560,아시아나항공,A,관찰만,,-3.2329988851727887,2.229654403567438,16.164994425863988,9,0.0797101449275361,목표,True
2016-09-13,067080,대화제약,A,관찰만,,-40.17094017094017,-45.05494505494505,6.715506715506714,9,-0.0882783882783883,손절,True
2016-09-13,034220,LG디스플레이,B,관찰만,,18.817204301075275,14.516129032258075,18.817204301075275,1,-0.0340501792114695,만기,True
2016-09-12,006910,보성파워텍,A,관찰만,,4.0000000000000036,-50.76923076923077,7.538461538461538,9,-0.0577230769230768,트레일,True
2016-09-12,020560,아시아나항공,A,관찰만,,-5.6521739130434785,-0.3260869565217539,13.260869565217392,9,-0.0173913043478262,만기,True
2016-09-09,006910,보성파워텍,A,관찰만,,3.2061068702289974,-51.145038167938935,28.54961832061069,9,-0.05,손절,True
2015-10-30,002350,넥센타이어,A,주의,,-6.818181818181824,16.666666666666675,16.666666666666675,4,-0.06,트레일,True
2015-10-27,012630,HDC,A,주의,,-7.31204943357363,5.046343975283207,5.046343975283207,4,-0.1073120494335736,트레일,True
2015-10-22,052790,액토즈소프트,A,주의,,-11.634349030470915,-29.085872576177284,13.296398891966765,11,0.0720221606648199,목표,True
2015-10-13,002790,아모레퍼시픽홀딩스,B,주의,,0.0,6.583072100313481,12.852664576802496,10,-0.0718941054291593,손절,True
2015-10-13,090430,아모레퍼시픽,B,주의,,18.967921896792195,16.17852161785216,22.315202231520214,12,0.1938633193863319,목표,True
2015-09-30,047810,한국항공우주,B,실행,,15.758468335787935,3.092783505154628,37.99705449189985,11,0.1729749631811488,트레일,True
2015-09-11,078520,에이블씨엔씨,A,실행,,0.0,42.27005870841487,43.639921722113506,9,0.0870841487279843,목표,True
2015-09-07,092040,아미코젠,A,실행,,11.206896551724155,3.8793103448276023,29.74137931034484,9,-0.0609877873563219,손절,True
2015-09-07,002790,아모레퍼시픽홀딩스,B,실행,,2.2435897435897356,8.974358974358964,15.705128205128215,10,-0.0841606221488122,손절,True
2015-09-07,085370,085370,A,실행,,53.526970954356855,31.12033195020747,56.56984785615491,2,0.0885200553250347,목표,True
2015-09-04,090430,아모레퍼시픽,B,실행,,28.463855421686745,25.45180722891567,32.07831325301205,12,-0.0345315857921905,손절,True
2015-09-04,078160,메디포스트,A,실행,,41.755319148936174,19.81382978723405,50.00000000000002,11,0.0851063829787235,목표,True
2014-10-24,024110,기업은행,B,주의,저PBR·배당2%+,-6.622516556291391,6.62251655629138,13.576158940397342,11,-0.0346026490066224,트레일,True
2014-10-24,011070,LG이노텍,A,주의,,14.903846153846146,13.942307692307686,14.903846153846146,1,0.0769230769230768,목표,True
2014-10-21,007570,일양약품,A,주의,,9.751434034416828,45.315487571701716,88.1453154875717,4,0.0688336520076482,목표,True
2014-10-14,078520,에이블씨엔씨,A,주의,,-14.259927797833939,45.84837545126354,45.84837545126354,4,-0.0802888086642599,트레일,True
2014-10-13,122870,와이지엔터테인먼트,A,주의,,12.98557158712541,12.541620421753596,18.53496115427302,1,0.0726970033296336,목표,True
2014-10-13,024660,024660,A,주의,,17.521367521367527,22.86324786324787,44.01709401709402,3,0.0950854700854701,목표,True
2014-10-07,000660,SK하이닉스,B,주의,,14.988814317673382,6.263982102908283,14.988814317673382,1,-0.0889161073825504,손절,True
2014-10-02,004560,현대비앤지스틸,A,주의,,-10.106382978723405,-8.776595744680849,4.78723404255319,10,-0.0608748891843972,손절,True
2014-09-04,002620,제일파마홀딩스,A,관찰만,,16.75126903553299,76.90355329949239,102.28426395939087,3,-0.0976649746192893,트레일,True
2014-09-03,034810,해성산업,A,관찰만,,-55.604982206405694,-37.45551601423488,0.0,9,-0.05,손절,True
2014-09-03,002620,제일파마홀딩스,A,관찰만,,14.427860696517403,73.38308457711442,98.25870646766168,3,-0.05,손절,True
2013-10-17,036420,콘텐트리중앙,A,관찰만,,-3.1141868512110538,-1.9607843137254721,14.53287197231834,10,0.0686274509803923,목표,True
2013-10-16,130960,130960,A,관찰만,,-5.691056910569103,51.49051490514904,51.49051490514904,4,-0.0830352303523035,트레일,True
2013-10-04,032640,LG유플러스,B,관찰만,,2.7272727272727337,-4.545454545454541,16.81818181818182,10,-0.0070454545454545,트레일,True
2013-09-30,002990,금호건설,A,관찰만,,-15.705128205128204,-14.102564102564108,5.448717948717952,10,-0.0642035891788093,손절,True
2012-10-19,016170,016170,A,주의,,15.217391304347828,20.65217391304348,20.65217391304348,4,-0.0510326086956521,손절,True
2012-10-16,066270,066270,A,주의,,-12.46231155778894,-14.271356783919597,6.5326633165829096,10,-0.0624120603015075,손절,True
2012-10-11,005930,삼성전자,B,주의,,21.472392638036798,20.092024539877286,21.472392638036798,1,0.0659509202453987,목표,True
2012-09-26,066270,066270,A,주의,,-22.577777777777776,-24.177777777777777,12.888888888888882,10,0.0977777777777777,목표,True
2012-09-24,037370,EG,A,관찰만,,-9.819639278557112,-26.45290581162325,12.024048096192374,12,-0.0513961255845024,손절,True
2012-09-21,053800,안랩,A,관찰만,,-38.17635270541082,-23.947895791583164,13.026052104208418,9,-0.0623906145624583,손절,True
2011-10-17,068270,셀트리온,B,실행,,-5.783132530120483,-9.036144578313255,22.79518072289155,10,-0.0828240963855421,손절,True
2011-10-06,005850,에스엘,A,실행,,7.294117647058829,-7.9999999999999964,35.29411764705883,10,0.1,목표,True
2011-10-05,011780,금호석유화학,A,실행,저PER,6.8322981366459645,-10.559006211180122,37.267080745341616,10,0.076086956521739,목표,True
2011-10-04,011780,금호석유화학,A,실행,저PER,0.8797653958944274,-15.542521994134894,29.618768328445743,10,0.0689149560117301,목표,True
2011-09-26,007570,일양약품,A,실행,,94.79638009049773,29.63800904977376,94.79638009049773,1,0.1255656108597285,목표,True
2011-09-26,006380,카프로,A,실행,,6.172839506172845,2.8806584362139898,23.25102880658436,2,-0.0240329218106996,트레일,True
2011-09-26,041960,코미팜,A,실행,,27.155172413793103,13.146551724137922,27.155172413793103,1,0.1088362068965518,목표,True
2011-09-26,015750,성우하이텍,A,실행,저PER,-17.746478873239436,-20.000000000000007,28.73239436619719,10,0.0788732394366196,목표,True
2011-09-26,009410,태영건설,A,실행,저PBR·저PER,-0.8474576271186529,0.5084745762711673,13.559322033898313,10,0.0949152542372882,목표,True
2011-09-26,013990,아가방컴퍼니,A,실행,,219.2252510760402,122.38163558106167,219.2252510760402,1,0.1714490674318507,목표,True
2011-09-26,006120,SK디스커버리,A,실행,저PER,7.3667711598745855,1.0971786833855912,16.927899686520377,2,0.0877742946708464,목표,True
2011-09-26,041140,041140,A,실행,,14.082969432314417,-1.8558951965065518,50.655021834061145,11,0.0949781659388646,목표,True
2011-09-26,054620,APS,A,실행,,32.558139534883736,23.720930232558125,46.04651162790698,12,0.1023255813953487,목표,True
2011-09-26,009520,포스코엠텍,A,실행,,22.065727699530523,22.535211267605646,30.672926447574334,11,0.0946791862284819,목표,True
2011-09-26,058650,세아홀딩스,A,실행,저PBR·저PER,18.143459915611814,10.54852320675106,21.09704641350212,2,0.0928270042194092,목표,True
2011-09-26,000070,삼양홀딩스,A,실행,저PER,26.402188782489745,1.9151846785225857,26.402188782489745,1,0.1402188782489739,목표,True
2011-09-26,068760,셀트리온제약,A,실행,,22.777777777777786,2.2222222222222143,54.44444444444445,11,0.0958333333333334,목표,True
2011-09-26,066270,066270,A,실행,,3.125,-18.75,31.875000000000007,10,0.1468750000000001,목표,True
2011-09-26,023590,다우기술,A,실행,저PER,111.58536585365853,62.80487804878048,111.58536585365853,1,0.102439024390244,목표,True
2011-09-26,003030,세아제강지주,A,실행,저PBR·저PER,28.02919708029197,57.664233576642346,83.94160583941606,3,-0.062250608272506,손절,True
2011-09-26,002270,002270,A,실행,,34.565916398713824,56.2700964630225,72.9903536977492,3,-0.0511518622722401,손절,True
2011-09-26,068270,셀트리온,B,실행,,-2.127659574468077,-5.50688360450563,27.55944931163954,10,0.0180851063829787,트레일,True
2011-09-26,036830,솔브레인홀딩스,A,실행,,26.764705882352935,6.911764705882351,35.29411764705883,11,0.0742647058823529,목표,True
2011-09-26,033920,무학,A,실행,,23.47560975609757,32.11382113821137,41.260162601626014,2,0.0716463414634145,목표,True
2011-09-26,009420,한올바이오파마,A,실행,,43.70078740157479,22.44094488188977,48.9501312335958,11,0.1377952755905511,목표,True
2011-09-26,069080,웹젠,A,실행,,83.33333333333333,85.8974358974359,108.97435897435899,3,0.0833333333333332,목표,True
2011-09-23,054620,APS,A,실행,,20.253164556962044,12.23628691983123,32.48945147679325,12,-0.0593496835443038,손절,True
2011-09-23,010950,S-Oil,A,실행,배당2%+,16.82242990654206,6.542056074766345,35.51401869158879,2,-0.0810747663551402,손절,True
2011-09-23,005950,이수화학,A,실행,배당2%+,14.255319148936163,19.14893617021276,29.148936170212746,12,-0.0510106382978722,손절,True
2011-09-23,108230,톱텍,A,실행,,13.455657492354733,14.37308868501528,27.828746177370036,11,-0.0529051987767584,손절,True
2011-09-23,039530,039530,A,실행,,77.57660167130918,-73.67688022284122,77.57660167130918,1,-0.0566155988857939,손절,True
2011-09-23,011170,롯데케미칼,A,실행,,18.281250000000004,6.875000000000009,24.374999999999993,2,-0.0539830729166668,손절,True
2011-09-23,001120,LX인터내셔널,A,실행,저PER,26.590909090909086,19.545454545454554,39.090909090909086,2,-0.0996590909090908,손절,True
2011-09-23,004010,004010,A,실행,,1.7543859649122862,-5.263157894736848,10.233918128654974,12,-0.05,손절,True
2011-09-20,006650,대한유화,A,실행,,5.882352941176472,2.450980392156854,21.078431372549012,2,-0.0380392156862745,트레일,True
2011-09-20,010780,아이에스동서,A,실행,배당2%+,7.407407407407418,26.296296296296305,26.296296296296305,2,-0.05,손절,True
2011-09-15,120110,코오롱인더,A,실행,,-3.41655716162943,0.26281208935610145,6.701708278580809,2,-0.05,손절,True
2011-09-14,120110,코오롱인더,A,실행,,-17.87709497206704,-14.748603351955303,8.268156424581008,2,-0.0662402234636871,손절,True
2011-09-14,011790,SKC,A,실행,,9.843400447427285,5.480984340044737,21.252796420581667,2,-0.05,손절,True
2011-09-06,004430,송원산업,A,실행,,-17.266187050359715,-28.27338129496403,5.395683453237421,9,-0.0620401678657074,손절,True
2011-09-06,003600,003600,A,실행,,3.5211267605633756,6.690140845070425,22.887323943661976,3,0.0686619718309859,목표,True
2011-09-05,010950,S-Oil,A,실행,배당2%+,18.483412322274884,8.056872037914697,37.44075829383886,2,0.0805687203791469,목표,True
2010-10-29,043890,043890,A,관찰만,저PER,1.1655011655011593,34.265734265734274,34.265734265734274,4,0.0955710955710955,목표,True
2010-10-29,004150,한솔홀딩스,A,관찰만,저PBR·배당2%+,-2.2321428571428603,-18.660714285714285,13.83928571428572,11,-0.05,손절,True
2010-10-20,002990,금호건설,A,관찰만,,-10.770421989934187,-33.07781649245063,11.904761904761907,10,0.082142857142857,목표,True
2010-09-02,012510,012510,A,관찰만,,9.968847352024923,-14.953271028037385,42.67912772585669,10,0.073208722741433,목표,True
2009-10-06,034220,LG디스플레이,B,실행,,33.43701399688959,49.61119751166407,49.61119751166407,4,-0.0939626749611197,손절,True
2009-10-06,000700,유수홀딩스,A,실행,저PBR·저PER·배당2%+,37.890779580530264,68.26770874554808,68.26770874554808,4,0.0747922437673129,목표,True
2009-10-05,010060,OCI홀딩스,A,실행,,0.21598272138227959,-7.9913606911447115,7.9913606911447,10,0.070194384449244,목표,True
2009-10-01,010060,OCI홀딩스,B,관찰만,,-7.385229540918159,-14.970059880239518,6.586826347305386,10,-0.0872125748502994,손절,True
2009-09-25,004800,효성,A,관찰만,,33.760683760683754,16.381766381766383,33.760683760683754,1,-0.0636680911680912,손절,True
2009-09-21,066970,엘앤에프,A,관찰만,,-23.259259259259256,-30.518518518518523,11.851851851851848,9,-0.0659037037037036,손절,True
2008-10-27,068270,셀트리온,A,실행,,96.03174603174605,196.03174603174605,203.17460317460316,4,-0.0577407407407408,손절,True
2008-10-24,015940,015940,A,실행,,10.270270270270277,7.297297297297289,16.756756756756765,11,-0.12,트레일,True
2008-10-23,001430,세아베스틸지주,A,실행,,-2.872062663185382,-1.8276762402088753,5.483028720626626,10,-0.1070496083550913,손절,True
2008-10-16,002320,한진,A,실행,,4.545454545454541,-0.5681818181818232,9.090909090909083,12,-0.0649999999999999,트레일,True
2008-10-16,000270,기아,A,실행,,-29.82300884955752,0.0,21.238938053097357,10,-0.05,손절,True
2008-10-07,068270,셀트리온,A,실행,,94.48818897637796,193.70078740157487,200.78740157480314,4,0.1078740157480315,목표,True
2008-10-06,068270,셀트리온,A,실행,,86.55589123867067,181.72205438066467,188.51963746223564,4,-0.0723119650050354,손절,True
2008-10-06,036490,036490,A,실행,,-4.191616766467066,37.72455089820359,48.80239520958083,10,-0.0755988023952095,손절,True
2008-09-17,001260,남광토건,A,실행,,-57.6829268292683,-53.41463414634147,6.585365853658542,9,-0.0567195121951223,손절,True
2008-09-16,010780,아이에스동서,A,실행,,-41.625,-37.625,14.0625,9,0.0010000000000001,트레일,True
2008-09-02,011760,현대코퍼레이션,A,실행,,-17.78846153846154,2.644230769230771,12.01923076923077,9,0.0757211538461537,목표,True
2008-09-02,008320,008320,A,실행,,-47.540983606557376,-8.196721311475418,22.95081967213115,9,-0.0517798594847775,손절,True
2008-09-01,010780,아이에스동서,A,실행,,-44.238805970149244,-40.41791044776119,52.23880597014927,9,-0.0499999999999999,손절,True
2007-10-25,001120,LX인터내셔널,A,주의,,-5.252525252525253,-7.878787878787874,16.161616161616156,11,0.0717171717171716,목표,True
2007-10-22,008560,008560,A,실행,배당2%+,9.900990099009888,-15.34653465346535,18.31683168316831,10,0.0767326732673268,목표,True
2007-10-17,016380,KG스틸,A,주의,저PBR,14.760147601476014,5.166051660516602,45.75645756457565,10,0.1107011070110701,목표,True
2007-10-16,053110,053110,A,주의,,-24.72727272727273,-40.18181818181819,22.9090909090909,11,-0.0720000000000001,트레일,True
2007-10-15,053110,053110,A,주의,,-33.440514469453376,-47.10610932475884,8.681672025723476,11,-0.0500000000000001,손절,True
2007-10-08,047080,한빛소프트,A,주의,,-30.58823529411765,-53.445378151260506,14.705882352941169,10,0.1197478991596638,목표,True
2007-10-05,004980,성신양회,A,주의,,35.430463576158935,-24.83443708609272,35.430463576158935,1,-0.0751655629139073,손절,True
2006-10-24,057330,057330,A,주의,,19.4888178913738,-37.188498402555915,36.74121405750797,11,0.1134185303514376,목표,True
2006-10-20,000660,SK하이닉스,B,주의,,4.432132963988922,-4.016620498614953,4.432132963988922,1,0.0041551246537396,만기,True
2006-10-10,022100,포스코DX,A,주의,,22.758620689655174,15.517241379310342,34.31034482758621,12,-0.0827586206896552,손절,True
2006-10-10,039130,하나투어,A,주의,,30.925925925925934,43.70370370370371,43.70370370370371,4,0.0972222222222223,목표,True
2006-10-10,000660,SK하이닉스,B,주의,,7.560627674750364,-1.1412268188302432,8.84450784593438,10,0.042796005706134,만기,True
2006-10-09,037150,037150,A,주의,,21.105527638190956,27.8894472361809,30.904522613065332,3,0.0904522613065326,목표,True
2004-10-14,010130,고려아연,A,실행,저PBR·배당2%+,63.066954643628506,60.043196544276455,77.10583153347731,3,-0.0602591792656587,손절,True
2003-10-23,003450,003450,A,주의,저PBR,16.53418124006358,3.1796502384737746,17.806041335453095,11,0.0691573926868045,목표,True
2003-09-08,038400,038400,A,관찰만,저PBR,-56.39269406392694,,7.990867579908678,9,0.0707762557077624,목표,False
2002-10-22,006400,삼성SDI,A,실행,저PER·배당2%+,3.1550068587105518,15.22633744855968,22.085048010973928,12,0.1001371742112482,목표,True
2002-10-09,005300,롯데칠성,A,실행,,2.7960526315789602,1.1513157894736947,16.776315789473696,11,-0.05,손절,True
2002-10-09,006400,삼성SDI,A,실행,저PER·배당2%+,6.364922206506374,18.811881188118807,25.884016973125878,12,-0.0526874115983027,손절,True
2002-09-26,011170,롯데케미칼,A,실행,,54.8913043478261,86.41304347826086,95.65217391304348,2,-0.0599646739130436,손절,True
2002-09-26,035760,CJ ENM,A,실행,,-5.507745266781416,4.130808950086062,25.30120481927711,12,-0.0810671256454389,손절,True
2002-09-25,035760,CJ ENM,A,실행,,-6.153846153846166,3.418803418803429,24.444444444444446,12,-0.05,손절,True
2002-09-24,012750,에스원,A,실행,,17.41424802110818,19.78891820580475,33.24538258575198,12,0.0804749340369392,목표,True
2002-09-24,012990,012990,A,실행,배당2%+,40.51724137931034,56.89655172413792,93.96551724137932,2,-0.0782758620689655,트레일,True
2002-09-24,035760,CJ ENM,A,실행,,-17.319277108433738,-8.885542168674688,9.63855421686748,9,-0.0553383847891566,손절,True
2002-09-23,012750,에스원,A,실행,,11.250000000000004,13.5,26.249999999999996,12,-0.0547499999999999,손절,True
2002-09-09,011200,HMM,A,실행,저PBR,-19.144981412639407,-10.223048327137551,15.98513011152416,12,0.0762081784386616,목표,True
2002-09-03,014900,014900,A,실행,,-7.221006564551424,-33.15098468271336,3.391684901531722,9,-0.0749539569657183,손절,True
2001-09-17,005440,현대지에프홀딩스,A,실행,,268.31683168316835,376.2376237623762,427.72277227722776,3,0.1138613861386137,목표,True
2001-09-13,000270,기아,A,실행,,42.66666666666667,106.66666666666669,106.66666666666669,3,-0.0575999999999999,손절,True
2001-09-13,035720,카카오,A,실행,,31.216931216931208,60.31746031746032,86.94885361552028,3,-0.0835097001763668,손절,True
2001-09-13,006260,LS,A,실행,,12.318840579710155,51.08695652173913,51.08695652173913,3,-0.0603260869565217,손절,True
2001-09-13,005380,현대차,A,실행,,66.93333333333334,190.13333333333335,190.13333333333335,3,-0.0804,손절,True
2001-09-12,036570,NC,A,실행,,179.34782608695653,185.32608695652172,185.32608695652172,1,-0.05,손절,True
2001-09-12,005380,현대차,A,실행,,66.48936170212767,189.36170212765958,189.36170212765958,3,-0.05,손절,True
2001-09-12,028080,휴맥스홀딩스,A,실행,,135.12747875354108,266.57223796034,266.57223796034,3,0.0807365439093483,목표,True
2001-09-12,027460,027460,A,실행,,,,30.377358490566042,10,0.090566037735849,목표,False
2001-09-12,023130,023130,A,실행,,,,28.125,10,0.0749999999999999,목표,False
2001-09-03,005940,NH투자증권,A,실행,,141.65636588380715,189.2459826946848,209.02348578491967,3,-0.0721384425216317,트레일,True
2001-09-03,006800,미래에셋증권,A,실행,,47.435897435897445,35.897435897435905,51.28205128205128,11,0.0769230769230768,목표,True
2000-09-22,000270,기아,A,실행,,27.3031825795645,34.0033500837521,97.65494137353434,11,-0.0738693467336683,손절,True
2000-09-19,009720,009720,A,실행,,54.40313111545989,60.273972602739725,105.47945205479454,2,-0.0592954990215264,손절,True
2000-09-19,000010,000010,A,실행,,8.749999999999991,-17.500000000000004,42.142857142857146,10,0.1035714285714286,목표,True
2000-09-18,000010,000010,A,실행,,5.54592720970537,-19.93067590987868,37.95493934142114,10,-0.0532928942807625,손절,True
2000-09-08,009050,009050,A,실행,,40.06849315068492,,70.2054794520548,2,-0.077654109589041,손절,False
1999-10-26,003540,대신증권,A,실행,,11.801242236024834,-15.217391304347828,64.59627329192547,11,-0.061907275310431,손절,True
1999-10-19,008270,008270,A,실행,,-7.272727272727275,-24.242424242424242,78.03030303030303,11,0.0681818181818183,목표,True
1999-10-19,030210,다올투자증권,A,실행,,75.30864197530865,72.83950617283949,133.33333333333334,11,0.0716049382716048,목표,True
1999-10-18,005810,풍산홀딩스,A,실행,,-10.543130990415339,-35.25026624068158,20.34078807241744,11,-0.0637529952076679,손절,True
1999-10-18,008270,008270,A,실행,,-10.000000000000009,-26.470588235294123,72.79411764705881,11,-0.0682352941176471,트레일,True
1999-10-14,000270,기아,A,실행,,-32.05020920502092,-51.63179916317991,4.602510460251041,11,-0.0964174601467693,손절,True
1999-10-05,005830,DB손해보험,A,실행,,22.9050279329609,-27.6536312849162,75.69832402234637,11,0.079608938547486,목표,True
1999-10-05,017670,SK텔레콤,B,실행,,264.53645364536453,242.03420342034204,356.34563456345643,2,0.4401440144014401,목표,True
1999-10-05,003490,대한항공,A,실행,,1.9455252918287869,-5.836575875486383,50.19455252918288,12,-0.05,손절,True
1999-10-05,010140,삼성중공업,A,실행,,-15.426997245179063,-39.25619834710744,28.787878787878785,11,0.0750688705234159,목표,True
1999-10-05,015760,한국전력,B,실행,,-1.781170483460559,-11.70483460559797,26.972010178117056,11,-0.0938027989821883,손절,True
1999-10-05,005440,현대지에프홀딩스,A,실행,,5.725190839694649,-28.320610687022896,32.061068702290065,12,0.0725190839694656,목표,True
1999-10-05,004020,현대제철,A,실행,,-7.968750000000002,-31.25,32.65625000000001,10,0.0710937499999999,목표,True
1999-10-05,005810,풍산홀딩스,A,실행,,-3.4482758620689613,-30.114942528735632,29.885057471264354,11,0.0747126436781608,목표,True
1999-10-05,000830,000830,A,실행,,43.44827586206896,6.206896551724128,87.93103448275863,11,0.1017241379310345,목표,True
1999-10-04,000700,유수홀딩스,A,실행,,-34.250289184499714,-39.34716599190284,25.383169462116804,11,-0.09665714567984,손절,True
1999-10-04,003480,한진중공업홀딩스,A,실행,,-21.48148148148148,-35.555555555555564,17.62962962962962,10,-0.0837777777777778,손절,True
1999-10-04,001120,LX인터내셔널,A,실행,,-22.627737226277368,-30.65693430656934,30.65693430656935,11,-0.05,손절,True
1999-10-01,002550,002550,A,실행,,2.3636363636363678,-40.36363636363637,66.72727272727272,11,0.1281818181818181,목표,True
1999-10-01,001120,LX인터내셔널,A,실행,,-26.388888888888886,-34.02777777777778,24.305555555555557,11,-0.0857777777777778,트레일,True
1999-10-01,010130,고려아연,A,실행,,5.471698113207557,-28.490566037735853,20.37735849056603,10,-0.0566918238993711,손절,True
1999-10-01,006360,GS건설,A,실행,,-6.417112299465244,-32.29946524064171,28.342245989304814,11,0.106951871657754,목표,True
1999-10-01,025860,남해화학,A,실행,,20.45971360088501,13.7914080265503,48.20846905537459,11,-0.0560706073960529,손절,True
1999-10-01,000240,한국앤컴퍼니,A,실행,,-16.296296296296298,-31.604938271604944,29.38271604938272,11,0.0716049382716048,목표,True
1999-09-30,001680,대상,A,실행,,-5.740740740740735,-44.99999999999999,8.333333333333348,10,-0.05,손절,True
1999-09-30,002550,002550,A,실행,,-9.193548387096772,-47.096774193548384,47.90322580645161,11,-0.05,손절,True
1999-09-30,030210,다올투자증권,A,실행,,102.85714285714285,100.0,170.00000000000003,11,0.1399999999999999,목표,True
1999-09-30,010130,고려아연,A,실행,,-3.6206896551724155,-34.6551724137931,12.758620689655164,10,-0.0621138649425287,손절,True
1999-09-27,000120,CJ대한통운,A,실행,,107.7464788732394,28.873239436619702,113.38028169014085,12,0.084507042253521,목표,True
1999-09-02,000720,현대건설,A,실행,,-28.73176206509539,-38.27160493827161,7.631874298540953,9,-0.0528395061728396,트레일,True
1999-09-02,000280,000280,A,실행,,-49.516648764769066,-60.257787325456505,10.633727175080555,9,0.0773361976369495,목표,True
1999-09-02,003450,003450,A,실행,,21.171171171171178,-35.13513513513513,66.21621621621621,11,0.1283783783783783,목표,True
1999-09-02,006800,미래에셋증권,A,실행,,-22.30971128608924,-67.97900262467192,46.45669291338584,11,0.0695538057742781,목표,True
1999-09-02,016360,삼성증권,A,실행,,5.012531328320802,-32.70676691729323,62.656641604010034,11,0.0802005012531328,목표,True
1998-10-28,003240,태광산업,A,실행,,6.060606060606055,28.787878787878785,59.09090909090908,5,-0.0213333333333333,트레일,True
1998-10-26,000660,SK하이닉스,A,실행,,57.30337078651686,33.03370786516855,57.30337078651686,12,-0.0564044943820225,손절,True
1998-09-14,015760,한국전력,A,실행,,110.98265895953756,121.38728323699422,123.98843930635839,1,0.1040462427745665,목표,True
1997-10-27,006800,미래에셋증권,A,실행,,15.178571428571441,-36.57079646017699,29.464285714285722,11,-0.0584821428571428,손절,True
1997-10-20,009540,HD한국조선해양,A,실행,,52.61044176706828,106.82730923694778,142.570281124498,3,-0.05,손절,True
1997-10-20,002610,002610,A,실행,,49.61832061068703,46.56488549618323,120.61068702290076,3,0.0801526717557252,목표,True
1997-10-17,002610,002610,A,실행,,35.17241379310345,32.4137931034483,99.31034482758622,3,-0.0807931034482759,손절,True
1997-10-16,010140,삼성중공업,A,실행,,-13.997627520759181,3.637499660427612,29.300118623962046,2,-0.05,손절,True
1997-10-08,005935,삼성전자우,A,실행,,-5.862068965517242,-19.82758620689655,13.448275862068959,10,-0.0500000000000001,손절,True
1997-10-07,011200,HMM,A,실행,,-8.633093525179858,-4.316546762589923,7.913669064748197,10,-0.0510251798561152,손절,True
1997-09-23,011650,011650,A,실행,,-8.862275449101798,-41.796407185628745,9.940119760479039,10,0.0748502994011977,목표,True
1997-09-01,003600,003600,A,실행,,1.5625,-35.9375,7.8125,9,-0.05,손절,True
